"Unique id";"channel_name";"category";"Subcategory";"Customer Remarks";"Order_id";"order_date_time";"Issue_reported at";"issue_responded";"Survey_response_Date";"Customer_City";"Product_category";"Item_price";"connected_handling_time";"Agent_name";"Supervisor";"Manager";"Tenure Bucket";"Agent Shift";"CSAT Score"
"0000978d-8599-4e17-8cf6-28e9faeba4c9";"Inbound";"Returns";"Wrong";"Plz respond quickly";"21c35c66-30b1-4146-92e0-f0460c103f49";"";"29/08/2023 07:29";"29/08/2023 07:36";"29-Aug-23";"Unknown";"Others";0;0;"Sabrina Santiago";"Mia Patel";"Emily Chen";"61-90";"Evening";5
"000146d8-6b83-4e5c-a7b6-95100aad1fcc";"Inbound";"Order Related";"Installation/demo";"";"6698d4b3-5b5c-432d-a7a2-ccdf1b61fbf0";"";"18/08/2023 10:50";"18/08/2023 10:54";"18-Aug-23";"Unknown";"Others";0;0;"Noah Chase";"Evelyn Kimura";"John Smith";"0-30";"Morning";5
"0001f06a-bd9a-4888-9cf9-0a094a15eaf2";"Inbound";"Order Related";"Delayed";"";"b5281075-5dbe-4462-873d-71cef3fade06";"30/07/2023 17:24";"05/08/2023 16:13";"05/08/2023 16:16";"05-Aug-23";"SURAT";"Books & General merchandise";243;0;"Theresa Wilson";"Emma Park";"John Smith";"31-60";"Afternoon";5
"0003411d-d036-4ebc-be1c-54fd85e83697";"Inbound";"Order Related";"Installation/demo";"";"4e2bbeb8-c57e-4a79-8eb6-59f631230cae";"";"23/08/2023 20:22";"24/08/2023 19:31";"24-Aug-23";"Unknown";"Others";0;0;"Stacey Clark";"Zoe Yamamoto";"John Smith";">90";"Afternoon";1
"00053812-fb74-4294-a9d1-5167c5a36c7d";"Inbound";"Returns";"Wrong";"";"58a34f36-82e8-4c25-a340-bedff5ed0a0c";"05/08/2023 11:11";"13/08/2023 19:45";"14/08/2023 09:29";"14-Aug-23";"JAIPUR";"LifeStyle";1649;0;"Anthony Reeves";"Nathan Patel";"Michael Lee";">90";"Night";1
"0005821e-88d1-4efc-981f-33114f4057eb";"Inbound";"Order Related";"Installation/demo";"";"84d64237-b062-40c2-b8e2-cd7941d8deb5";"";"25/08/2023 12:07";"25/08/2023 14:52";"25-Aug-23";"Unknown";"Others";0;0;"Wendy Taylor";"Madison Kim";"Michael Lee";"31-60";"Evening";4
"0005baaa-3006-4ba8-b3e5-35080f0a323c";"Inbound";"Returns";"Reverse Pickup Enquiry";"";"9eef19df-4a51-48d1-a069-082f752920c9";"";"19/08/2023 18:38";"19/08/2023 18:52";"19-Aug-23";"Unknown";"Others";0;0;"Garrett Parker";"Wyatt Kim";"Michael Lee";">90";"Evening";5
"00064265-7bc3-4627-8e36-6e60a4895343";"Inbound";"Order Related";"Delayed";"";"f353c162-3c55-44f7-b98a-f3b759e6c05b";"07/08/2023 21:01";"19/08/2023 12:58";"19/08/2023 13:01";"19-Aug-23";"RAIPUR";"Home Appliences";9999;0;"Anthony Clark";"Austin Johnson";"Michael Lee";"0-30";"Morning";1
"0007a937-e62a-4349-8182-a19ceed868a3";"Inbound";"Returns";"Reverse Pickup Enquiry";"Yes improve the delivery time and update it well";"03654f3d-ccdb-445e-8857-7537420641de";"";"05/08/2023 22:23";"05/08/2023 22:25";"05-Aug-23";"Unknown";"Others";0;0;"Jacqueline Edwards";"Carter Park";"Michael Lee";"31-60";"Evening";5
"0007c5a8-aa33-44a9-be03-d9438407e0e3";"Inbound";"Returns";"Reverse Pickup Enquiry";"";"5048557e-ab5f-481b-b2c3-a10d85c782c9";"";"19/08/2023 18:31";"20/08/2023 12:18";"20-Aug-23";"Unknown";"Others";0;0;"Bruce Banks";"Zoe Yamamoto";"William Kim";"On Job Training";"Morning";5
"00089ffc-68ce-45f1-9cb2-78ea87189fab";"Inbound";"Payments related";"Online Payment Issues";"Associate was very understanding and humble and he gave me appropriate details.";"34fa20fd-1203-4df7-a228-928c9c6a192b";"";"23/08/2023 22:57";"23/08/2023 22:59";"23-Aug-23";"Unknown";"Others";0;0;"Rebecca Martin";"Mason Gupta";"Jennifer Nguyen";"On Job Training";"Morning";5
"000a073b-5b4a-4f0c-9a5a-30c5f1e9c104";"Outcall";"Shopzilla Related";"Signup Issues";"";"5f166388-f828-4a0c-b41c-f44eabbb2ddb";"";"30/08/2023 15:53";"30/08/2023 15:58";"30-Aug-23";"Unknown";"Others";0;0;"Carolyn Norman";"Abigail Suzuki";"Jennifer Nguyen";"On Job Training";"Evening";5
"000ae1d4-2195-4ce2-a1d0-a2cca854ea06";"Inbound";"Returns";"Wrong";"";"c1834a72-a7fc-4118-aac7-048f03a401b4";"24/07/2023 15:47";"06/08/2023 15:42";"06/08/2023 15:42";"06-Aug-23";"KOTA";"Electronics";3999;0;"Diana White";"Layla Taniguchi";"Emily Chen";">90";"Morning";1
"000c1945-8677-4936-9912-662d16a1dba0";"Inbound";"Order Related";"Delayed";"";"f6276f48-2d20-479d-ad5f-766086015d95";"";"10/08/2023 12:23";"10/08/2023 14:01";"10-Aug-23";"Unknown";"Others";0;0;"Mark Gonzalez";"Amelia Tanaka";"Emily Chen";">90";"Morning";5
"000d91d3-001d-4177-acdb-8ac506333ada";"Inbound";"Returns";"Missing";"Thank u";"2226434a-6cec-46e8-b191-133a3ce79a4c";"";"22/08/2023 08:09";"22/08/2023 08:19";"22-Aug-23";"Unknown";"Others";0;0;"Kathryn Jones";"Ethan Nakamura";"Emily Chen";"0-30";"Evening";4
"000dd947-bf03-41ff-a125-d5b8d839597c";"Inbound";"Product Queries";"Product Specific Information";"Nice";"873ed2e8-e64f-4c35-992c-67608e0b48f3";"";"24/08/2023 09:16";"24/08/2023 09:17";"24-Aug-23";"Unknown";"Others";0;0;"Kimberly Oliver";"Zoe Yamamoto";"William Kim";"On Job Training";"Morning";5
"000e96b5-b38e-4195-8a5c-c2593ef7a6fc";"Outcall";"Returns";"Return request";"";"83a3c17e-8967-4d1b-9cb9-6c16fcb7ebf1";"26/07/2023 11:31";"04/08/2023 15:42";"04/08/2023 15:46";"04-Aug-23";"PULPALLY";"Electronics";798;0;"Kathleen Mcdonald";"Mia Patel";"Olivia Tan";">90";"Morning";4
"000ffa98-5167-4fe5-8832-f7e6af8ed437";"Inbound";"Returns";"Reverse Pickup Enquiry";"";"5f911858-699b-4ee2-9d13-57101df5e77a";"";"31/08/2023 00:03";"31/08/2023 00:04";"31-Aug-23";"Unknown";"Others";0;0;"Jerry Duffy";"Carter Park";"Michael Lee";">90";"Morning";5
"00108d58-ff4c-44f5-bd6c-6eb821748a22";"Inbound";"Product Queries";"Life Insurance";"";"";"";"03/08/2023 12:43";"03/08/2023 18:02";"03-Aug-23";"Unknown";"Others";0;0;"Daniel Duncan";"Emily Yamashita";"Michael Lee";">90";"Morning";3
"00114d37-8c3a-4bbe-8bd8-4c3c9aeea903";"Inbound";"Returns";"Fraudulent User";"";"a5d539da-3da1-482d-9b8d-f0384d8a4b8e";"";"05/08/2023 22:17";"05/08/2023 22:19";"05-Aug-23";"Unknown";"Others";0;0;"Jacob Arnold";"William Park";"John Smith";"61-90";"Evening";5
"0012db23-ad9c-4b5d-a90d-ce015911b84b";"Inbound";"Returns";"Reverse Pickup Enquiry";"";"d523e2e6-981e-41d5-8ae1-a9ca76233524";"";"29/08/2023 17:54";"29/08/2023 18:00";"29-Aug-23";"Unknown";"Others";0;0;"James Vargas";"Jackson Park";"William Kim";"On Job Training";"Evening";5
"0015c74f-3b39-49cb-b73f-2601d33a5dd4";"Inbound";"Returns";"Reverse Pickup Enquiry";"";"";"";"27/08/2023 22:37";"27/08/2023 22:42";"27-Aug-23";"Unknown";"Others";0;0;"Melody Jackson";"Isabella Wong";"Emily Chen";">90";"Evening";5
"001639ad-5050-4513-ac22-50fc1cd3d6e7";"Outcall";"Order Related";"Installation/demo";"";"5c50cd65-4bf8-4a99-9b23-608d17c2136a";"";"31/08/2023 13:49";"31/08/2023 14:50";"31-Aug-23";"Unknown";"Others";0;0;"Gilbert Johns";"Zoe Yamamoto";"William Kim";"On Job Training";"Morning";3
"001701cb-e79e-4007-b73c-462e7e2b3906";"Inbound";"Returns";"Reverse Pickup Enquiry";"Exllent customer service";"63268937-1795-40a1-baeb-fec139586f91";"04/08/2023 14:15";"11/08/2023 09:21";"11/08/2023 09:29";"11-Aug-23";"VARANASI";"LifeStyle";419;0;"Wendy Taylor";"Madison Kim";"Michael Lee";"31-60";"Evening";5
"0017492b-bdf9-4507-87e8-6723f44a3919";"Inbound";"Product Queries";"Product Specific Information";"Overall good";"f87f528d-f047-40c9-8dfe-d35957ffc898";"";"28/08/2023 17:31";"28/08/2023 00:00";"28-Aug-23";"Unknown";"Others";0;0;"Jake Chapman";"Wyatt Kim";"Jennifer Nguyen";"On Job Training";"Morning";5
"0017a908-b777-4f72-bb2e-27880169cb2b";"Outcall";"Returns";"Missing";"";"ff378983-606b-4966-8592-0804806d1052";"";"21/08/2023 21:59";"21/08/2023 22:00";"21-Aug-23";"Unknown";"Others";0;0;"Mr. Allen Fisher";"Landon Tanaka";"Jennifer Nguyen";"On Job Training";"Evening";1
"001ab7b5-d278-4dc9-9a4e-9fbae3699d49";"Inbound";"Returns";"Fraudulent User";"";"49f9b311-ca2a-4056-8fe9-0f640fbf78c3";"";"30/08/2023 16:04";"30/08/2023 16:07";"30-Aug-23";"Unknown";"Others";0;0;"David Smith";"Nathan Patel";"John Smith";">90";"Split";5
"001b8dcd-de7e-475c-8908-ea78201cb6a3";"Inbound";"Returns";"Reverse Pickup Enquiry";"";"";"";"15/08/2023 09:52";"15/08/2023 09:59";"15-Aug-23";"Unknown";"Others";0;0;"Shelly Huber";"William Park";"John Smith";"61-90";"Evening";4
"001c68cb-2b3d-47d3-9eeb-135ac6d73904";"Inbound";"Returns";"Service Centres Related";"";"d1c7aa46-0e0e-4ede-a181-9fc786fd5639";"";"01/08/2023 16:11";"01/08/2023 16:44";"01-Aug-23";"Unknown";"Others";0;0;"John Robinson";"Nathan Patel";"Michael Lee";">90";"Afternoon";5
"001d1638-f862-4eea-8329-e1210ff678e8";"Inbound";"Order Related";"Delayed";"";"0857d0ff-3aab-4b5a-883f-a9acfb3136a4";"";"10/08/2023 11:53";"10/08/2023 11:54";"10-Aug-23";"Unknown";"Others";0;0;"Michael Gomez";"Mia Patel";"John Smith";"31-60";"Morning";5
"001d1e92-83c8-41f4-a08b-9b246bfe898d";"Inbound";"Returns";"Reverse Pickup Enquiry";"Good";"";"";"27/08/2023 17:01";"27/08/2023 17:07";"27-Aug-23";"Unknown";"Others";0;0;"Jennifer Hernandez";"Lily Chen";"Michael Lee";">90";"Morning";5
"001dc5b3-fad7-4397-9087-8af97c2d2921";"Inbound";"Returns";"Reverse Pickup Enquiry";"";"dcdb792f-314d-4e3c-8558-def7abed374c";"06/07/2023 15:51";"04/08/2023 09:06";"04/08/2023 10:38";"04-Aug-23";"GURGAON";"Home Appliences";524;0;"Timothy Huff";"Aiden Patel";"John Smith";">90";"Morning";5
"001e5104-3da3-47a9-bfca-5a9460b1e3a4";"Inbound";"Returns";"Reverse Pickup Enquiry";"";"9a6d6861-87ec-4ba2-bd0e-6e78ce66ee4c";"";"25/08/2023 17:54";"25/08/2023 17:58";"25-Aug-23";"Unknown";"Others";0;0;"Wendy Taylor";"Madison Kim";"Michael Lee";"31-60";"Evening";5
"001f1d62-ba7e-4a18-a0b8-712921a837f5";"Outcall";"Shopzilla Related";"General Enquiry";"";"24d0e466-7038-4e95-a684-66f18396c600";"";"18/08/2023 15:07";"18/08/2023 15:20";"18-Aug-23";"Unknown";"Others";0;0;"Samantha Miller";"Brayden Wong";"John Smith";">90";"Evening";5
"0020a131-75b5-4b26-9981-d7c2bb67d904";"Inbound";"Order Related";"Installation/demo";"";"c247099b-2906-4c43-8340-f78810123705";"";"09/08/2023 09:30";"09/08/2023 12:34";"09-Aug-23";"Unknown";"Others";0;0;"Jared Scott";"Zoe Yamamoto";"William Kim";"On Job Training";"Morning";5
"0020bd91-2a25-4597-834e-e192eece574d";"Inbound";"Returns";"Reverse Pickup Enquiry";"";"ac52a0af-4348-4b11-967f-a82dde362483";"";"20/08/2023 15:14";"20/08/2023 15:15";"20-Aug-23";"Unknown";"Others";0;0;"Jessica Daugherty";"Emily Yamashita";"John Smith";">90";"Split";5
"0021c8f6-ead5-4865-b414-90cb770cf786";"Inbound";"Refund Related";"Refund Related Issues";"";"879fa1d8-ca9d-4269-9035-6b49ed8efee5";"";"01/08/2023 09:01";"01/08/2023 09:02";"01-Aug-23";"Unknown";"Others";0;0;"Mrs. Jennifer Stone";"Dylan Kim";"Michael Lee";">90";"Morning";4
"0022542f-9c18-409c-b9a0-a4d16468b0a6";"Inbound";"Returns";"Reverse Pickup Enquiry";"";"c060802d-d15f-48f3-9008-f4b6f6816024";"";"20/08/2023 11:13";"20/08/2023 12:59";"20-Aug-23";"Unknown";"Others";0;0;"Pamela Hughes";"Dylan Kim";"Jennifer Nguyen";"On Job Training";"Morning";5
"00241e33-6c1b-41a2-9f3a-ff32900cd4b0";"Outcall";"Order Related";"Order status enquiry";"u have a very poor performance regarding reaching the needs of customer, the worst experience of my life. Even the customer executive have poor etiquette and no prior information for customer to inform them I will make sure people who I know will never shop from Shopzilla";"9092d822-e5ff-4df3-a2b0-abec7edbbfae";"";"08/08/2023 21:23";"08/08/2023 21:30";"08-Aug-23";"Unknown";"Others";0;0;"Joshua Christensen";"Ava Wong";"William Kim";">90";"Morning";1
"0025c523-f9dd-4fe0-a486-c032996032d4";"Inbound";"Order Related";"Delayed";"";"72389262-9f22-429d-a259-5a94ba0d15b4";"06/06/2023 01:27";"29/08/2023 10:26";"29/08/2023 20:44";"29-Aug-23";"KOLKATA";"Furniture";31999;0;"Katrina Mendoza";"Emma Park";"John Smith";"31-60";"Morning";1
"0025dd19-a7b4-4e11-b5d4-fd34bf959b4f";"Inbound";"Returns";"Missing";"";"0cff5580-7ef2-4ae2-ba50-f529a2ee61e2";"";"28/08/2023 18:52";"28/08/2023 18:56";"28-Aug-23";"Unknown";"Others";0;0;"Gabriel Campos";"Abigail Suzuki";"William Kim";"On Job Training";"Morning";5
"0025df4b-27cf-433f-9e02-6657769b5ec5";"Outcall";"Returns";"Reverse Pickup Enquiry";"";"1b5de2b6-c3d4-4275-9fe3-a36bdd888cb3";"";"25/08/2023 18:00";"25/08/2023 18:03";"25-Aug-23";"Unknown";"Others";0;0;"Richard Gordon";"Zoe Yamamoto";"John Smith";">90";"Evening";5
"002820c3-fb40-4b1a-8360-4fd6790f2150";"Inbound";"Feedback";"UnProfessional Behaviour";"";"b49d1266-9d2a-4093-9441-274a31c80e08";"";"23/08/2023 19:59";"24/08/2023 07:58";"24-Aug-23";"Unknown";"Others";0;0;"Joseph Brown";"Brayden Wong";"Olivia Tan";">90";"Morning";1
"002824c7-9211-46bc-9564-a3ed419d6a00";"Outcall";"Returns";"Reverse Pickup Enquiry";"Nice";"29d5ca3f-3f3f-48af-984e-3a6701cf0609";"";"24/08/2023 17:21";"24/08/2023 17:29";"24-Aug-23";"Unknown";"Others";0;0;"Ann English";"Olivia Suzuki";"Olivia Tan";"On Job Training";"Morning";5
"0028891e-2aa0-491a-9bac-46165a6c2849";"Inbound";"Returns";"Reverse Pickup Enquiry";"Should be an option to connect to customer service executive with few clicks only.";"965d9b71-d52d-4cbc-8179-93c0bb9aad4c";"";"02/08/2023 21:19";"02/08/2023 21:23";"02-Aug-23";"Unknown";"Others";0;0;"Shannon Hicks";"Aiden Patel";"Olivia Tan";">90";"Morning";5
"00295bcd-030e-4489-8d92-8653c89a5c0a";"Inbound";"Returns";"Fraudulent User";"";"";"";"12/08/2023 15:41";"12/08/2023 15:43";"12-Aug-23";"Unknown";"Others";0;0;"Timothy Henry";"William Park";"John Smith";"31-60";"Morning";5
"002aac0b-76fa-41d4-a57d-b579ef64b56e";"Outcall";"Returns";"Reverse Pickup Enquiry";"Was quite well while talking but if my problem could have resolved that time only it would be lovely. I know it was kept on high priority. Then also keep it up.";"a208761a-67b9-4298-85fd-8531c5667fba";"";"19/08/2023 19:28";"20/08/2023 12:26";"20-Aug-23";"Unknown";"Others";0;0;"Debra Hanson";"Alexander Tanaka";"Jennifer Nguyen";"On Job Training";"Morning";4
"002bae9b-a283-4f2c-beb1-4ecf00958643";"Inbound";"Returns";"Reverse Pickup Enquiry";"";"8ece0a46-a048-4c8a-b7d8-09c7f227ba9e";"";"08/08/2023 20:45";"08/08/2023 20:47";"08-Aug-23";"Unknown";"Others";0;0;"David Todd";"Noah Patel";"Michael Lee";"31-60";"Evening";1
"002c1ee8-cc62-48f6-a93c-a6abb2f3e0c3";"Inbound";"Order Related";"Order status enquiry";"";"2abbedeb-67dd-4787-9bcf-c478456243e0";"";"06/08/2023 14:19";"06/08/2023 14:20";"06-Aug-23";"Unknown";"Others";0;0;"Jennifer Munoz";"Aiden Patel";"John Smith";"61-90";"Morning";4
"002d738f-6c80-41be-8afd-c118b162feea";"Inbound";"Returns";"Reverse Pickup Enquiry";"";"96b98fd7-619f-4ddc-93f3-b5ab0b92e3c2";"08/08/2023 23:23";"17/08/2023 16:34";"17/08/2023 18:43";"17-Aug-23";"JABALPUR";"LifeStyle";377;0;"William Scott";"Evelyn Kimura";"Jennifer Nguyen";"On Job Training";"Evening";5
"002dbb37-ec59-4766-86e0-151f81f1d1d4";"Inbound";"Order Related";"Order status enquiry";"";"";"";"27/08/2023 11:09";"27/08/2023 11:10";"27-Aug-23";"Unknown";"Others";0;0;"Sharon Bullock";"Scarlett Chen";"John Smith";"0-30";"Morning";5
"002dd29c-14d0-4b02-90eb-db7308e4c567";"Inbound";"Payments related";"Wallet related";"Vygg";"4489056e-5f2e-4dda-8a25-d54454294f95";"";"25/08/2023 12:59";"25/08/2023 13:16";"25-Aug-23";"Unknown";"Others";0;0;"Dr. Heather Lewis";"Elijah Yamaguchi";"Emily Chen";"61-90";"Evening";5
"002ed08f-0a97-4dac-aac8-690e45ac21b2";"Inbound";"Returns";"Reverse Pickup Enquiry";"Very well service";"c3acf8c5-000f-43d4-99d3-8cb2614fa562";"";"07/08/2023 16:10";"07/08/2023 16:17";"07-Aug-23";"Unknown";"Others";0;0;"Micheal Wagner";"Aiden Patel";"John Smith";">90";"Evening";5
"002f8fde-3d36-4f2c-83db-45d285228aa3";"Inbound";"Returns";"Return request";"";"76a10f61-f880-4ee3-a444-45a2b33b332e";"";"05/08/2023 15:44";"05/08/2023 15:49";"05-Aug-23";"Unknown";"Others";0;0;"Marcia Mendez";"Brayden Wong";"Michael Lee";">90";"Afternoon";4
"002f9843-68ae-4dc3-9dc5-7c2deb0df4f2";"Inbound";"Returns";"Reverse Pickup Enquiry";"";"";"";"15/08/2023 14:16";"15/08/2023 14:19";"15-Aug-23";"Unknown";"Others";0;0;"Kristi Schultz";"Noah Patel";"Michael Lee";"61-90";"Night";5
"0030d5c3-4d55-4fc9-b776-4b78210b5d2e";"Inbound";"Order Related";"Delayed";"Delevery is very late.";"2510727d-3c51-4a28-ad0d-fe15794f5417";"01/08/2023 16:09";"14/08/2023 17:11";"14/08/2023 20:34";"14-Aug-23";"BOKARO";"LifeStyle";369;0;"Andrea Conley";"Noah Patel";"Michael Lee";"31-60";"Evening";1
"0031925c-fa26-467e-88fd-02f2cb29b056";"Inbound";"Order Related";"Delayed";"Quick solve";"59d0077c-8b93-49bd-9f15-59708be5021d";"";"17/08/2023 09:15";"17/08/2023 09:18";"17-Aug-23";"Unknown";"Others";0;0;"Cristina Harris";"Jacob Sato";"Jennifer Nguyen";"On Job Training";"Morning";5
"0031b77c-bdb2-446c-b8ee-7419aeecfd19";"Inbound";"Returns";"Reverse Pickup Enquiry";"";"7773941f-175c-4f72-97b5-0ce3083d025e";"02/08/2023 13:55";"11/08/2023 23:31";"11/08/2023 23:32";"11-Aug-23";"MUMBAI";"Electronics";19999;0;"Morgan Zavala";"Nathan Patel";"Emily Chen";"0-30";"Evening";5
"00328bce-92b0-4f43-abbe-69ecdd4f3ffe";"Inbound";"Order Related";"Installation/demo";"";"3bbbfb8b-b7ac-4f5f-9d49-7683cad9edb3";"";"07/08/2023 06:09";"07/08/2023 06:15";"07-Aug-23";"Unknown";"Others";0;0;"Michael Miller";"Sophia Sato";"John Smith";"0-30";"Morning";5
"003346b1-2bcf-4cdc-93ee-5d373bc5b376";"Inbound";"Order Related";"Installation/demo";"";"cb0de0b3-227c-40c0-9f27-5f65843d76bb";"";"10/08/2023 21:53";"10/08/2023 21:54";"10-Aug-23";"Unknown";"Others";0;0;"Karen Smith";"Lucas Singh";"John Smith";">90";"Evening";5
"0034853b-503d-4744-a2e9-ece6375bb8f4";"Outcall";"Returns";"Return request";"";"";"";"16/08/2023 14:22";"16/08/2023 14:26";"16-Aug-23";"Unknown";"Others";0;0;"Devon Daniel";"Olivia Wang";"Olivia Tan";"0-30";"Afternoon";5
"0034acda-eb53-435f-8b8c-442ad480b149";"Outcall";"Returns";"Reverse Pickup Enquiry";"Solution to   pass bus customer   krna h aapka motive";"d67f46ed-cc62-42aa-9c61-4ce9aefe575e";"";"31/08/2023 16:14";"31/08/2023 16:45";"31-Aug-23";"Unknown";"Others";0;0;"Joel Marsh";"Madison Kim";"Michael Lee";"31-60";"Evening";1
"00350cc3-92f6-4203-ada9-58ecea5fbe8c";"Inbound";"Order Related";"Order status enquiry";"";"ef36c1dd-e684-4d7b-9811-db163674aa1a";"";"07/08/2023 16:12";"07/08/2023 16:14";"07-Aug-23";"Unknown";"Others";0;0;"Kevin Lee";"Harper Wong";"William Kim";"On Job Training";"Evening";5
"003578d3-e073-474c-971a-5195a6a82192";"Inbound";"Order Related";"Order status enquiry";"satisfied";"ce96b434-d574-4baf-a42b-eb421b1e4743";"25/07/2023 16:58";"11/08/2023 09:02";"11/08/2023 23:37";"11-Aug-23";"GORAKHPUR";"LifeStyle";1800;0;"Fred Newman";"Amelia Tanaka";"Michael Lee";">90";"Morning";5
"00365748-ea10-472b-9911-43026b028300";"Inbound";"Refund Related";"Refund Related Issues";"";"";"";"14/08/2023 18:13";"14/08/2023 20:18";"14-Aug-23";"Unknown";"Others";0;0;"Robert Lewis";"Logan Lee";"Emily Chen";"61-90";"Evening";5
"0036b30f-e4bf-42a8-9c07-5b88d2d026e0";"Inbound";"Returns";"Return request";"Good ?? person";"0b52dd8f-01f0-4b19-a5a4-30edde0c6c66";"";"22/08/2023 21:41";"22/08/2023 21:55";"22-Aug-23";"Unknown";"Others";0;0;"Brenda Suarez";"Ethan Nakamura";"Jennifer Nguyen";"On Job Training";"Morning";5
"003798b7-cf0a-4f72-92f1-9f43cbcd0948";"Inbound";"Refund Related";"Refund Enquiry";"";"dda3bcca-1ff0-4cf6-911f-8048e9c22f18";"";"05/08/2023 09:24";"05/08/2023 09:25";"05-Aug-23";"Unknown";"Others";0;0;"Ryan Payne";"Scarlett Chen";"John Smith";"0-30";"Morning";5
"00388283-1743-4caa-8826-620dc89b622b";"Inbound";"Returns";"Missing";"Best";"d7c50eee-45f0-4cd2-80cc-cb4e6a87a6a6";"";"30/08/2023 13:20";"30/08/2023 14:09";"30-Aug-23";"Unknown";"Others";0;0;"Lindsey Colon";"William Park";"John Smith";"31-60";"Morning";4
"003a5219-b983-4e7b-a969-115a21b15b4e";"Inbound";"Shopzilla Related";"General Enquiry";"";"3f2a39de-797f-4790-a97b-1687d2c627d5";"";"24/08/2023 19:47";"25/08/2023 10:45";"25-Aug-23";"Unknown";"Others";0;0;"Thomas Martin";"Wyatt Kim";"Jennifer Nguyen";"On Job Training";"Morning";1
"003b2f21-e84e-43db-9f3e-f88edc87ce0c";"Inbound";"Returns";"Service Center - Service Denial";"";"dfda3c73-ce1e-4b38-8ddf-998b19a711fb";"";"18/08/2023 14:15";"18/08/2023 14:27";"18-Aug-23";"Unknown";"Others";0;0;"Patrick Flores";"Olivia Wang";"John Smith";">90";"Evening";5
"003b86b6-4f6b-4bef-8f17-b57d903a2297";"Inbound";"Returns";"Missing";"They make my issue clearance effective.";"e830e400-2c6e-40fe-9a13-cf62f079ca06";"";"25/08/2023 18:43";"25/08/2023 18:49";"25-Aug-23";"Unknown";"Others";0;0;"William Scott";"Evelyn Kimura";"Jennifer Nguyen";"On Job Training";"Evening";5
"003c3377-8a2e-4368-9c4a-6dab4c85c342";"Inbound";"Returns";"Return request";"";"";"";"03/08/2023 15:57";"03/08/2023 16:01";"03-Aug-23";"Unknown";"Others";0;0;"Kathryn Jones";"Ethan Nakamura";"Emily Chen";"0-30";"Evening";5
"003e95b2-7d5e-4ad6-a356-864451fcfe49";"Outcall";"Returns";"Reverse Pickup Enquiry";"Return policy acceptance questions has to be reviewed and revised based on customer complaints.";"a652f342-6066-4511-8555-a55bedfbbdbd";"";"18/08/2023 21:42";"20/08/2023 07:41";"20-Aug-23";"Unknown";"Others";0;0;"Joshua Underwood";"Carter Park";"Michael Lee";">90";"Evening";5
"003f0f38-78c5-4938-8aa4-07f18d2fbea0";"Inbound";"Order Related";"Order status enquiry";"Delivery all products at once";"9501fdb2-08b4-49ba-a122-7a05a6da365f";"10/08/2023 10:01";"14/08/2023 12:23";"14/08/2023 22:19";"14-Aug-23";"VARANASI";"Books & General merchandise";58;0;"Patricia Holmes";"Emma Park";"John Smith";">90";"Morning";5
"0041d7f5-aa21-48fe-a320-0c5733aded23";"Outcall";"Cancellation";"Return cancellation";"";"";"";"04/08/2023 11:57";"04/08/2023 13:17";"04-Aug-23";"Unknown";"Others";0;0;"Stacy Singh";"Aiden Patel";"John Smith";">90";"Morning";5
"00420de0-ab71-4774-85d1-3f43612b2b39";"Inbound";"Offers & Cashback";"Other Cashback";"";"";"";"04/08/2023 22:02";"05/08/2023 00:32";"05-Aug-23";"Unknown";"Others";0;0;"Dalton Oneal";"Noah Patel";"Michael Lee";"31-60";"Evening";5
"0042319b-7c13-4bf4-b5c3-e53ec82badee";"Outcall";"Returns";"Reverse Pickup Enquiry";"";"7c485be7-8f48-4008-a9f2-4595c8a0b346";"";"28/08/2023 13:33";"28/08/2023 00:00";"28-Aug-23";"Unknown";"Others";0;0;"David Byrd";"Emma Park";"Jennifer Nguyen";"On Job Training";"Evening";5
"00433c58-541e-4c92-8e7d-530569fc6944";"Inbound";"Order Related";"Delayed";"Nice to talk with Shopzilla service centre";"afb0aa8f-3a32-4c71-a6fd-9ef37d623680";"25/08/2023 01:13";"28/08/2023 21:43";"28/08/2023 00:00";"28-Aug-23";"MUMBAI";"Electronics";999;0;"Daniel Davis";"Madison Kim";"John Smith";">90";"Morning";5
"00434691-6b74-4c49-9ddc-f8f8aad5be75";"Inbound";"Returns";"Missing";"Good ????";"8d36b9df-8cd3-4c4d-b657-54b36852387d";"";"19/08/2023 13:24";"19/08/2023 14:10";"19-Aug-23";"Unknown";"Others";0;0;"Rhonda Martin DVM";"Wyatt Kim";"Jennifer Nguyen";"On Job Training";"Morning";5
"004376e1-e054-4501-b18e-dc0d3c75a55e";"Inbound";"Shopzilla Related";"General Enquiry";"";"5f0f2635-267d-4ec4-b539-d071e3e6e213";"";"05/08/2023 21:25";"05/08/2023 21:29";"05-Aug-23";"Unknown";"Others";0;0;"Katrina Rodriguez";"Elijah Yamaguchi";"John Smith";">90";"Evening";5
"00449bc3-8d10-46ad-aae2-3e9c1ce2c4e5";"Inbound";"Order Related";"Delayed";"";"90c047b7-8d1d-41cc-ad54-30222e76e94a";"20/07/2023 18:36";"09/08/2023 00:24";"10/08/2023 01:12";"10-Aug-23";"ALLAHABAD";"Furniture";9742;0;"Andrea Conley";"Noah Patel";"Michael Lee";"31-60";"Evening";5
"0044b7d2-9919-44b5-8ca8-05d7f75eb6e9";"Inbound";"Returns";"Wrong";"";"c9666c39-4b4a-45ca-a3da-8b47abebcecf";"";"26/08/2023 14:47";"26/08/2023 14:51";"26-Aug-23";"Unknown";"Others";0;0;"Luke Brown";"Alexander Tanaka";"Michael Lee";"0-30";"Evening";5
"0046b08c-cbff-4175-8244-613f8946c39a";"Inbound";"Returns";"Reverse Pickup Enquiry";"";"2192ee4f-876a-4523-b468-8c28cf160687";"";"20/08/2023 17:59";"20/08/2023 18:17";"20-Aug-23";"Unknown";"Others";0;0;"Donna Jenkins";"Jackson Park";"William Kim";"On Job Training";"Evening";5
"004b02fc-b290-44e0-86c5-f0f4554be769";"Outcall";"Product Queries";"Product Specific Information";"";"46447f9b-afdc-4de1-944f-65389a9ba1f2";"";"18/08/2023 13:10";"18/08/2023 13:12";"18-Aug-23";"Unknown";"Others";0;0;"David Perez";"Lily Chen";"Michael Lee";">90";"Evening";5
"004bf53a-fc6b-4d91-9618-fd324823adc8";"Inbound";"Returns";"Return request";"";"8e56ac7c-49d1-4988-b6d9-17e5a209b556";"";"08/08/2023 21:23";"08/08/2023 21:24";"08-Aug-23";"Unknown";"Others";0;0;"Mario Simpson";"Nathan Patel";"Jennifer Nguyen";"On Job Training";"Evening";4
"004c0848-7e54-4237-9bec-5b8c778028d4";"Inbound";"Shopzilla Related";"General Enquiry";"Customer care service is not proper. Please enhance your service to resolve the issue of Customer on priority basis";"13d95c50-d04d-41cd-a2a5-d524746b4be3";"";"22/08/2023 08:02";"22/08/2023 08:10";"22-Aug-23";"Unknown";"Others";0;0;"Julie Williams";"Zoe Yamamoto";"William Kim";"On Job Training";"Morning";1
"004c904f-7e6d-42f4-a942-b574ee6bf1ef";"Inbound";"Returns";"Return request";"";"b7267838-c319-4fbe-aa6c-d93c6e65a925";"09/08/2023 01:26";"11/08/2023 21:31";"11/08/2023 21:33";"11-Aug-23";"GOBINDPUR";"Books & General merchandise";449;470;"Jessica Kelly";"Landon Tanaka";"Emily Chen";">90";"Split";5
"004cafd6-960d-4976-993b-e1869b7dfe79";"Inbound";"Returns";"Return request";"";"26699362-195b-474a-9ef2-c923c8da22d9";"";"28/08/2023 14:00";"28/08/2023 00:00";"28-Aug-23";"Unknown";"Others";0;0;"Ashley Dunlap";"Aiden Patel";"Olivia Tan";"On Job Training";"Evening";5
"004cbf82-944a-4bc3-9059-ba8447fa371b";"Inbound";"Returns";"Fraudulent User";"";"1cb945e7-67eb-4677-a62b-b6e0f0c21bae";"";"24/08/2023 23:12";"25/08/2023 13:31";"25-Aug-23";"Unknown";"Others";0;0;"Daniel Murphy";"Noah Patel";"Michael Lee";">90";"Morning";5
"004cd2e7-f345-478f-a711-dfb38f6c71fa";"Inbound";"Returns";"Reverse Pickup Enquiry";"";"5cea66d4-90d3-42a3-8e7f-c3fb6b6c9ed6";"22/07/2023 14:15";"13/08/2023 18:56";"14/08/2023 22:00";"14-Aug-23";"GANGANAGAR";"Home Appliences";11990;0;"Sarah Newton";"Zoe Yamamoto";"Olivia Tan";">90";"Morning";1
"004d64cb-07d0-40e4-827b-af0b01d81960";"Inbound";"Order Related";"Invoice request";"";"3956734c-5cb6-4761-a954-6b5995ae48f9";"11/10/2022 22:36";"11/08/2023 17:28";"11/08/2023 17:33";"11-Aug-23";"RAJKOT";"Electronics";1299;0;"Rhonda Sullivan";"Jackson Park";"William Kim";"On Job Training";"Evening";4
"004d6742-f9ef-4155-be88-a3068ac2a2f7";"Inbound";"Returns";"Reverse Pickup Enquiry";"Very nice";"2dde7c49-a6e4-4313-82e0-a4bb630ec2f9";"13/08/2023 15:20";"21/08/2023 20:06";"25/08/2023 12:35";"25-Aug-23";"THANE";"Affiliates";385;0;"John Gonzalez";"Noah Patel";"Michael Lee";"31-60";"Night";5
"004e0067-e21a-4168-b3b1-ead5f52338aa";"Inbound";"Returns";"Return request";"";"6d4904ca-3bd4-460a-80ca-2d4fee8b3a0d";"18/08/2023 23:10";"26/08/2023 19:03";"26/08/2023 19:06";"26-Aug-23";"RAJNANDGAON";"Electronics";799;0;"Erin Kemp";"Ava Wong";"William Kim";"On Job Training";"Evening";5
"004e5bf9-090d-4a0d-9e10-7561694a48a1";"Inbound";"Returns";"Service Centres Related";"";"";"";"12/08/2023 12:40";"12/08/2023 13:00";"12-Aug-23";"Unknown";"Others";0;0;"Patricia Moore";"Brayden Wong";"John Smith";">90";"Morning";5
"004ed4cb-4dba-44b4-9b68-78488b26e8f1";"Inbound";"Returns";"Return request";"Tnx...for support me";"02e4c3b7-b101-4462-ba0d-ac024b59456b";"12/08/2023 06:33";"18/08/2023 07:57";"18/08/2023 08:21";"18-Aug-23";"GORAKHPUR SADAR";"Electronics";999;0;"Dr. Heather Lewis";"Elijah Yamaguchi";"Emily Chen";"61-90";"Evening";5
"004f11b3-d32d-42ee-8482-e2ed17022396";"Inbound";"Returns";"Reverse Pickup Enquiry";"";"03f0546b-3d43-425f-a6e3-8b74bcd70f36";"";"17/08/2023 15:40";"17/08/2023 15:43";"17-Aug-23";"Unknown";"Others";0;0;"Carlos Curtis";"Landon Tanaka";"Emily Chen";">90";"Morning";5
"0051852e-150b-40ae-b877-022cf37a7976";"Outcall";"Returns";"Reverse Pickup Enquiry";"Good";"6099ef5e-4850-4e54-99fc-bc5f2fdcc50a";"";"24/08/2023 17:15";"24/08/2023 17:18";"24-Aug-23";"Unknown";"Others";0;0;"Mr. Allen Fisher";"Landon Tanaka";"Jennifer Nguyen";"On Job Training";"Evening";5
"00522051-d725-44a8-9698-8f9f966172c8";"Inbound";"Returns";"Reverse Pickup Enquiry";"";"";"";"27/08/2023 14:46";"27/08/2023 14:47";"27-Aug-23";"Unknown";"Others";0;0;"Daniel Duncan";"Emily Yamashita";"Michael Lee";">90";"Morning";5
"00538f00-ace1-4343-bcbc-e9317414b6b6";"Outcall";"Refund Related";"Refund Enquiry";"Give proper ans to our   don't be on hold don't be irritated our";"967ae581-8349-4fc0-89f3-6920c5ca527c";"";"22/08/2023 15:00";"22/08/2023 15:07";"22-Aug-23";"Unknown";"Others";0;0;"Danielle Morris";"Emma Park";"Jennifer Nguyen";"On Job Training";"Evening";1
"0054345e-65e9-4393-8ad2-747a45fe42b3";"Outcall";"Returns";"Reverse Pickup Enquiry";"";"99eed74b-51e5-48b3-b80b-33777358dae5";"";"29/08/2023 19:57";"29/08/2023 19:58";"29-Aug-23";"Unknown";"Others";0;0;"Brandon Martin";"Nathan Patel";"John Smith";">90";"Afternoon";4
"00545f08-15df-4c0b-958c-dac0d7556f0b";"Inbound";"Returns";"Reverse Pickup Enquiry";"";"";"";"14/08/2023 22:10";"14/08/2023 22:38";"14-Aug-23";"Unknown";"Others";0;0;"Michael Davis";"Evelyn Kimura";"Jennifer Nguyen";"On Job Training";"Evening";3
"005990cc-6ffd-4fb1-aecb-cfb25b3a0e4c";"Inbound";"Order Related";"Delayed";"";"1fd2d2bf-711e-449c-85bd-1d874ec3c461";"";"25/08/2023 15:48";"25/08/2023 15:52";"25-Aug-23";"Unknown";"Others";0;0;"Anthony Rocha";"Emily Yamashita";"Michael Lee";">90";"Morning";4
"005a08c6-7c20-4cd6-b906-b10c775fa97e";"Inbound";"Returns";"Reverse Pickup Enquiry";"resolve my problem fast ??";"87272766-9410-4c83-9149-a3008a58b3ef";"";"06/08/2023 21:13";"06/08/2023 21:15";"06-Aug-23";"Unknown";"Others";0;0;"Paul Preston";"Noah Patel";"Michael Lee";"31-60";"Evening";5
"005a14b8-ca80-4d78-a319-a549efeaa9bb";"Inbound";"Order Related";"Order status enquiry";"I didn't satisfy";"";"";"27/08/2023 20:15";"27/08/2023 20:15";"27-Aug-23";"Unknown";"Others";0;0;"Thomas Adams";"Ava Wong";"William Kim";"On Job Training";"Evening";4
"005b4471-270e-4207-b94b-e47bb878d916";"Inbound";"Order Related";"Priority delivery";"";"0eaf2400-7a3d-46cd-9bf6-d61d4116b8d1";"";"20/08/2023 18:38";"20/08/2023 18:47";"20-Aug-23";"Unknown";"Others";0;0;"David Smith";"Nathan Patel";"John Smith";">90";"Split";5
"005cc2dd-4dd1-4f99-88aa-0d69bc99c5f2";"Inbound";"Returns";"Reverse Pickup Enquiry";"Mam voice are so cute";"2c73fc51-7448-48d7-ad4b-e8c2574742b8";"";"07/08/2023 07:40";"07/08/2023 07:42";"07-Aug-23";"Unknown";"Others";0;0;"Kevin Griffin";"Evelyn Kimura";"John Smith";"0-30";"Morning";5
"005d2e04-7dcd-4dd1-abd9-805ce0c8ff4f";"Outcall";"Refund Related";"Refund Related Issues";"";"541e6d50-4552-4208-a044-ca49d719e6c5";"";"24/08/2023 17:33";"24/08/2023 17:36";"24-Aug-23";"Unknown";"Others";0;0;"Robert Lara";"Brayden Wong";"John Smith";"31-60";"Evening";5
"005d4bde-0100-4958-a43b-8dc90ee8671b";"Inbound";"Returns";"Fraudulent User";"Sar se baat karke good experience";"";"";"16/08/2023 09:04";"16/08/2023 09:06";"16-Aug-23";"Unknown";"Others";0;0;"Vincent Nguyen";"Elijah Yamaguchi";"Michael Lee";"31-60";"Afternoon";5
"005e9d79-2c46-4b91-bbd9-095710cb92ea";"Inbound";"Product Queries";"Product Specific Information";"";"f31fdf83-75aa-4a89-96a6-bcffb53713a3";"";"19/08/2023 11:01";"19/08/2023 11:04";"19-Aug-23";"Unknown";"Others";0;0;"Christine Jackson";"Abigail Suzuki";"Jennifer Nguyen";"On Job Training";"Evening";3
"005ec3c0-0732-433b-b67f-5cd2ce55bd39";"Inbound";"Returns";"Missing";"";"4500862f-4c91-448a-ad22-27a41cddc1f9";"";"17/08/2023 16:15";"17/08/2023 16:17";"17-Aug-23";"Unknown";"Others";0;0;"Jessica Jones";"William Park";"John Smith";"31-60";"Morning";5
"005f7b0d-2f47-4067-af07-62c347166da0";"Inbound";"Returns";"Missing";"Nice";"fc22d8b2-7121-45c8-8a2f-0b3541f27610";"29/07/2023 21:16";"11/08/2023 07:56";"11/08/2023 07:58";"11-Aug-23";"KATANGI";"LifeStyle";388;0;"Jennifer Cox";"Evelyn Kimura";"John Smith";"0-30";"Morning";5
"00607927-ef1b-43d7-9ec0-e2104e109c7f";"Outcall";"Returns";"Wrong";"";"c7fc97cb-8c5e-4ca4-80c9-33acae07357e";"";"30/08/2023 19:14";"30/08/2023 19:19";"30-Aug-23";"Unknown";"Others";0;0;"Jerry Duffy";"Carter Park";"Michael Lee";">90";"Morning";5
"006083e9-38ef-45c9-8943-d2dd2d71cb02";"Inbound";"Returns";"Reverse Pickup Enquiry";"";"53aab6c8-3418-4b75-8735-15c2c6648eda";"";"23/08/2023 19:42";"23/08/2023 19:44";"23-Aug-23";"Unknown";"Others";0;0;"William Hall";"Isabella Wong";"John Smith";">90";"Morning";5
"0061a8f2-c1dc-4ec8-afc8-a680f29bad0e";"Inbound";"Returns";"Reverse Pickup Enquiry";"My problem still isn't resolved. Until I don't get a refund all these calls and communicate is futile";"";"";"15/08/2023 08:41";"15/08/2023 08:58";"15-Aug-23";"Unknown";"Others";0;0;"Robert Cook";"Mia Yamamoto";"Emily Chen";">90";"Evening";4
"00621239-3db6-419c-88e1-bc815d9acd7c";"Email";"Order Related";"Delayed";"";"b58cdce7-2933-4ec7-8fdf-0189885a5181";"13/06/2023 16:35";"18/08/2023 21:11";"18/08/2023 21:14";"18-Aug-23";"AURANGABAD";"Home Appliences";4649;0;"Justin Williamson";"Lily Chen";"Michael Lee";">90";"Evening";5
"006388f7-f697-4e86-a19d-9185c7949937";"Email";"Returns";"Return request";"Bad";"fb00177f-c8c1-4fb6-8818-dc298b24fe57";"02/08/2023 19:43";"11/08/2023 11:42";"11/08/2023 12:38";"11-Aug-23";"SASARA";"Electronics";215;0;"Joshua Oliver";"William Park";"Jennifer Nguyen";"On Job Training";"Morning";1
"0063c35c-1500-4fcc-8206-b91eaf8d41f0";"Inbound";"Order Related";"Installation/demo";"";"eeaf134c-ec0c-45f1-9f00-4e59dbef5b05";"04/08/2023 21:29";"20/08/2023 13:35";"23/08/2023 16:07";"23-Aug-23";"JAIPUR";"Electronics";20990;0;"Laura Patel";"Landon Tanaka";"Jennifer Nguyen";"On Job Training";"Evening";1
"0064a105-6314-4b37-9344-53b7db41d008";"Inbound";"Order Related";"Installation/demo";"";"eea61c24-545d-4a2f-b9a0-2bfb62d17f05";"";"19/08/2023 18:13";"19/08/2023 18:14";"19-Aug-23";"Unknown";"Others";0;0;"Zachary Collins";"Jacob Sato";"Jennifer Nguyen";"On Job Training";"Morning";5
"00661fe8-2bae-4549-ab5f-4b4842581721";"Inbound";"Returns";"Reverse Pickup Enquiry";"Good";"16d4a935-e882-4aaf-9fb9-a05fb3e6e136";"";"24/08/2023 13:59";"24/08/2023 14:01";"24-Aug-23";"Unknown";"Others";0;0;"Cynthia Sheppard";"Olivia Wang";"Emily Chen";"31-60";"Evening";5
"00678dee-26aa-4fb4-9553-af1abd6cd947";"Inbound";"Returns";"Reverse Pickup Enquiry";"";"042b4179-a1ff-4a85-95d4-092dbd6ccaa2";"";"01/08/2023 19:45";"01/08/2023 20:16";"01-Aug-23";"Unknown";"Others";0;0;"David Smith";"Nathan Patel";"John Smith";">90";"Split";5
"00691ad6-18a4-49b8-8ee1-1efd32f6c4d6";"Inbound";"Order Related";"Order status enquiry";"";"";"";"27/08/2023 18:25";"27/08/2023 18:26";"27-Aug-23";"Unknown";"Others";0;0;"Colleen Hall";"Landon Tanaka";"John Smith";">90";"Split";5
"006a8b42-ab40-46a9-b757-235fbeeb9247";"Inbound";"Returns";"Fraudulent User";"Incomplete order was delivered and no effective support was provided";"dccd124f-12ef-4daf-98a5-22db54306e88";"15/08/2023 23:53";"17/08/2023 22:16";"18/08/2023 11:37";"18-Aug-23";"NEW DELHI";"Books & General merchandise";48;0;"Marcus Lynch";"Lucas Singh";"Jennifer Nguyen";"On Job Training";"Evening";1
"006a91ff-7fd7-4f3e-a2e8-6c2225ceded6";"Inbound";"Payments related";"Online Payment Issues";"";"";"";"26/08/2023 15:49";"27/08/2023 15:24";"27-Aug-23";"Unknown";"Others";0;0;"Michael Newman";"Landon Tanaka";"John Smith";">90";"Split";5
"006b45a7-a417-4c4d-933b-67451cf3cbfa";"Outcall";"Returns";"Return request";"";"82485ec2-d228-48f3-877a-389bcc4d68a0";"";"17/08/2023 20:45";"17/08/2023 22:19";"17-Aug-23";"Unknown";"Others";0;0;"Kyle Merritt";"Mia Patel";"William Kim";"On Job Training";"Evening";5
"006bc6a7-80d8-4a39-92ec-225c3d8c01c9";"Inbound";"Returns";"Reverse Pickup Enquiry";"";"9f567925-7247-4d22-a2e6-2e35fb987a7e";"05/08/2023 23:22";"11/08/2023 10:05";"12/08/2023 01:10";"12-Aug-23";"HOWRAH";"Books & General merchandise";452;0;"Susan Wolf";"Emma Park";"John Smith";"31-60";"Morning";5
"006bd587-d6db-44c9-a8d4-aad5bac4667e";"Inbound";"Order Related";"Order Verification";"";"3361a5ed-9970-4470-849e-6898183c27a0";"";"29/08/2023 16:23";"29/08/2023 17:23";"29-Aug-23";"Unknown";"Others";0;0;"Sydney Taylor";"Harper Wong";"William Kim";"On Job Training";"Evening";5
"006c9cb2-6909-4345-b6a7-ac2fe6b8172d";"Inbound";"Order Related";"Order status enquiry";"";"";"";"16/08/2023 21:36";"16/08/2023 21:46";"16-Aug-23";"Unknown";"Others";0;0;"Mr. Daniel Carter";"Ava Wong";"William Kim";"On Job Training";"Evening";5
"006d2a82-f7cd-4040-bfab-505d946ffbc4";"Inbound";"Payments related";"Online Payment Issues";"";"76c5c600-9933-4d99-bc52-2c2cd9f0f737";"";"25/08/2023 13:37";"25/08/2023 13:39";"25-Aug-23";"Unknown";"Others";0;0;"James Cunningham";"Emma Park";"Jennifer Nguyen";"On Job Training";"Evening";5
"006d7033-0a3f-40a7-8194-35c2f9ec4982";"Inbound";"Shopzilla Related";"General Enquiry";"Very good support by customer care service";"";"";"14/08/2023 20:34";"14/08/2023 20:40";"14-Aug-23";"Unknown";"Others";0;0;"Robert Lewis";"Logan Lee";"Emily Chen";"61-90";"Evening";5
"006df2ec-035a-4494-b5af-770fb8a5be35";"Inbound";"Product Queries";"Product Specific Information";"Sekhar naik";"c8fee406-4e10-4727-ab78-a928a38d0885";"";"10/08/2023 00:37";"10/08/2023 10:03";"10-Aug-23";"Unknown";"Others";0;0;"Donald Hunt";"Lucas Singh";"John Smith";"31-60";"Evening";1
"006f8fb4-00ac-411b-9298-dc66199ad406";"Outcall";"Shopzilla Related";"Shopzila Premium Related";"Not resolved my issues.";"59158053-1ad6-49a4-8ceb-2e9cdcb0c949";"";"22/08/2023 12:07";"22/08/2023 12:21";"22-Aug-23";"Unknown";"Others";0;0;"Cody Perez";"Harper Wong";"William Kim";"On Job Training";"Evening";1
"00707bb0-6260-4b3e-8cf4-ffea6b852164";"Inbound";"Returns";"Reverse Pickup Enquiry";"";"866d96b1-9b6f-4917-ab2f-57fbd4c7f4c9";"30/07/2023 13:51";"17/08/2023 03:19";"17/08/2023 03:43";"17-Aug-23";"PUSAD";"Home";618;0;"Janet Jackson";"Nathan Patel";"Michael Lee";">90";"Night";1
"00720117-79fd-4cf3-ba97-8df64702759a";"Outcall";"Order Related";"Order status enquiry";"Very bad poor service Shopzilla";"";"";"13/08/2023 20:31";"13/08/2023 20:32";"13-Aug-23";"Unknown";"Others";0;0;"Kristi Nash";"Jacob Sato";"Emily Chen";"0-30";"Evening";1
"0073580d-c50f-48db-aab3-e617d9df35be";"Inbound";"Returns";"Exchange / Replacement";"";"22cc7bf1-3cf8-4e6e-9a11-85b1bd20b26e";"13/07/2023 01:16";"08/08/2023 08:32";"08/08/2023 08:34";"08-Aug-23";"GHAZIABAD";"Mobile";29999;0;"Jesse Blevins";"Austin Johnson";"William Kim";"On Job Training";"Morning";1
"0073b9ab-0d74-4f3a-b644-4cd34a27db7a";"Email";"Order Related";"Delayed";"";"ff94d155-5e13-4578-b289-4e8cd4d22a43";"15/08/2023 11:40";"20/08/2023 12:35";"20/08/2023 12:36";"20-Aug-23";"SOHAGPUR";"Mobile";10999;0;"Albert Thornton";"Lucas Singh";"John Smith";"61-90";"Evening";5
"0073f403-2af9-401a-9b69-1297d55d15b5";"Inbound";"Returns";"Reverse Pickup Enquiry";"";"";"";"16/08/2023 13:39";"16/08/2023 13:42";"16-Aug-23";"Unknown";"Others";0;0;"Jacob Hendricks";"Logan Lee";"Emily Chen";"61-90";"Evening";4
"0076bb54-93df-409d-abbc-119129c73913";"Inbound";"Returns";"Return request";"Thank madam for supporting";"2b13a1d2-d6fb-48f7-8993-a32ccaff816c";"";"18/08/2023 12:54";"18/08/2023 12:54";"18-Aug-23";"Unknown";"Others";0;0;"Katrina Mendoza";"Emma Park";"John Smith";"31-60";"Morning";5
"0076f487-5b19-4ed4-a52a-6683a1ddac27";"Email";"Refund Related";"Refund Enquiry";"";"b04809b0-7332-4a0d-b9b6-30a1a0631b3f";"";"18/08/2023 15:43";"18/08/2023 15:49";"18-Aug-23";"Unknown";"Others";0;0;"Maxwell Castillo";"Scarlett Chen";"John Smith";"0-30";"Morning";5
"00773347-fda7-47e3-a502-dd0c06b93fdd";"Outcall";"Returns";"Service Centres Related";"Ok";"eb903d22-6935-42ce-9d18-b024d66c505e";"07/08/2023 21:28";"14/08/2023 17:23";"14/08/2023 17:27";"14-Aug-23";"CUTTACK";"Electronics";21398;0;"Jessica Jones";"William Park";"John Smith";"31-60";"Morning";5
"007803eb-c2f6-4ed6-8cc7-3d3b16e35dd4";"Inbound";"Product Queries";"Product Specific Information";"";"";"";"12/08/2023 12:33";"13/08/2023 13:48";"13-Aug-23";"Unknown";"Others";0;0;"Brian Wilson PhD";"Emma Park";"John Smith";"31-60";"Morning";4
"007869b6-f42c-45fb-9eef-dffe087de7ed";"Inbound";"Order Related";"Order status enquiry";"";"0cb35c1b-d9d3-45c7-a250-484c43b77cf5";"";"08/08/2023 17:34";"08/08/2023 18:39";"08-Aug-23";"Unknown";"Others";0;0;"Patricia Moore";"Brayden Wong";"John Smith";">90";"Morning";2
"00789ed8-6b24-45d3-b8e8-f0db80596153";"Inbound";"Returns";"Reverse Pickup Enquiry";"";"4c2fbe97-bc9b-41b6-af56-72ffc87935cf";"";"26/08/2023 08:13";"26/08/2023 10:36";"26-Aug-23";"Unknown";"Others";0;0;"Lisa Brennan";"Zoe Yamamoto";"William Kim";"On Job Training";"Morning";5
"0078ec8b-1f65-41f6-946a-069aa8857dda";"Inbound";"Returns";"Damaged";"good";"0e50cf29-7e0c-4a46-858a-f2b0c90b8391";"";"31/08/2023 08:41";"31/08/2023 08:46";"31-Aug-23";"Unknown";"Others";0;0;"Ashley Ferguson";"Austin Johnson";"William Kim";"On Job Training";"Morning";5
"0078f341-4f48-4edf-a3af-9f91704f7032";"Inbound";"Returns";"Reverse Pickup Enquiry";"";"c8f4ae20-cd83-4b6f-8082-e884fd384140";"26/07/2023 12:57";"11/08/2023 17:46";"11/08/2023 21:24";"11-Aug-23";"BERHAMPUR";"Home Appliences";1069;0;"Andrea Hart";"Madison Kim";"Emily Chen";">90";"Split";5
"007a7044-093e-4f06-b050-975145807b71";"Inbound";"Refund Related";"Refund Enquiry";"";"68dd7fce-fd1b-4e81-b3eb-01833d35e347";"21/07/2023 16:34";"08/08/2023 10:14";"08/08/2023 11:59";"08-Aug-23";"ANANTAPUR";"Home Appliences";20490;0;"Jacob Mitchell";"Scarlett Chen";"John Smith";"0-30";"Morning";1
"007ac194-9a0e-4c29-906a-9915149ab0b2";"Inbound";"Order Related";"Installation/demo";"";"";"";"14/08/2023 17:15";"14/08/2023 17:19";"14-Aug-23";"Unknown";"Others";0;0;"Nicholas Wright";"Ava Wong";"Olivia Tan";">90";"Evening";5
"007acde8-6bc8-47a4-a679-a6b3c794113c";"Inbound";"Returns";"Reverse Pickup Enquiry";"";"";"";"15/08/2023 10:58";"15/08/2023 11:00";"15-Aug-23";"Unknown";"Others";0;0;"Jennifer Hernandez";"Lily Chen";"Michael Lee";">90";"Morning";5
"007ae398-efff-4543-a514-690066552be2";"Inbound";"Order Related";"Order status enquiry";"";"9e704708-4f89-4b4d-acbf-c68d24d5aaf7";"";"28/08/2023 22:28";"28/08/2023 00:00";"28-Aug-23";"Unknown";"Others";0;0;"Michael Branch";"Jackson Park";"William Kim";"On Job Training";"Morning";4
"007b31d4-7c8c-4aec-b6f5-d70853b819b7";"Inbound";"Returns";"Missing";"";"";"";"15/08/2023 14:07";"15/08/2023 14:07";"15-Aug-23";"Unknown";"Others";0;0;"Shannon Hudson";"Olivia Wang";"John Smith";">90";"Evening";5
"007c066e-7a4a-4811-b9a0-8795638e901f";"Inbound";"Order Related";"Delayed";"";"";"";"04/08/2023 11:29";"04/08/2023 11:35";"04-Aug-23";"Unknown";"Others";0;0;"Amanda Proctor";"Noah Patel";"Emily Chen";">90";"Split";5
"007d2497-e798-461c-82d1-fd4a8d8f8bbe";"Inbound";"Refund Related";"Refund Enquiry";"Dear team Very poor customer service in Shopzilla team so pls improve your customer service pls request him improve your customer service RegardsGaurav DubeyThank you";"15719506-ec05-4146-b6ae-f4e26815c877";"";"29/08/2023 20:46";"29/08/2023 20:51";"29-Aug-23";"Unknown";"Others";0;0;"Morgan Gomez";"Jackson Park";"William Kim";"On Job Training";"Evening";1
"007e9370-8b94-46d3-a4b4-968e086b5cf4";"Inbound";"Returns";"Reverse Pickup Enquiry";"";"";"";"14/08/2023 22:19";"14/08/2023 22:21";"14-Aug-23";"Unknown";"Others";0;0;"Amy Vazquez";"Elijah Yamaguchi";"Michael Lee";">90";"Night";5
"007f2400-a302-4b2f-8e95-eda9ab6600e4";"Inbound";"Product Queries";"Product Specific Information";"";"70bb73a1-d176-4d2d-99e7-d555bd2ee2c6";"";"28/08/2023 16:59";"28/08/2023 00:00";"28-Aug-23";"Unknown";"Others";0;0;"Jennifer Webster";"Evelyn Kimura";"Jennifer Nguyen";"On Job Training";"Evening";4
"00842490-c13a-4b6b-957f-ee726b0d3eab";"Inbound";"Order Related";"Delayed";"Good customer care staff";"64efd3bc-e91b-4b7a-a162-2050b95ac412";"";"20/08/2023 11:36";"20/08/2023 11:37";"20-Aug-23";"Unknown";"Others";0;0;"Mario Terrell";"Elijah Yamaguchi";"John Smith";">90";"Evening";5
"00844f9a-9f03-401b-bd44-448ae715d31d";"Inbound";"Payments related";"Payment related Queries";"";"83ae86eb-a5ef-485d-ab05-975e4d724967";"";"09/08/2023 14:17";"09/08/2023 18:50";"09-Aug-23";"Unknown";"Others";0;0;"Michelle Christensen";"Nathan Patel";"Michael Lee";">90";"Afternoon";5
"0086874f-ed1a-4bd3-96d0-2cca50a8ddb3";"Inbound";"Order Related";"Order status enquiry";"";"";"";"13/08/2023 18:07";"13/08/2023 18:08";"13-Aug-23";"Unknown";"Others";0;0;"Haley Chambers DDS";"Brayden Wong";"John Smith";">90";"Evening";5
"00872993-fbb3-4cc3-afb4-c3e51f53f34e";"Inbound";"Returns";"Fraudulent User";"";"36e3fca4-712a-47d8-ba95-ccc17c58d3fc";"";"08/08/2023 21:57";"08/08/2023 22:09";"08-Aug-23";"Unknown";"Others";0;0;"Mrs. Heather Williams";"Isabella Wong";"Emily Chen";">90";"Split";5
"008789bd-dc14-4e1b-bbbb-3c3e86c757ae";"Inbound";"Returns";"Reverse Pickup Enquiry";"";"5951025a-0efa-436a-90cc-9a016570e83f";"";"07/08/2023 16:19";"07/08/2023 16:47";"07-Aug-23";"Unknown";"Others";0;0;"Christopher Lang";"Jackson Park";"William Kim";"On Job Training";"Evening";5
"0087be38-3031-4c2c-af8c-868919e11bae";"Inbound";"Cancellation";"Not Needed";"";"f1e37c3e-6b27-4afb-95cc-5c8c876c79ce";"05/08/2023 15:52";"12/08/2023 11:36";"12/08/2023 11:41";"12-Aug-23";"WASHIM";"LifeStyle";387;0;"Olivia Nguyen";"Carter Park";"Michael Lee";">90";"Morning";4
"008883fb-ea04-44a6-9145-ac5da5735fb6";"Inbound";"Product Queries";"Product Specific Information";"That time payment is successful from customer so show in Shopzilla your order is confirmed not a show pending";"b023d3dc-cbc3-4cf5-84f2-8c45ce1b0ef1";"";"06/08/2023 18:35";"06/08/2023 18:55";"06-Aug-23";"Unknown";"Others";0;0;"Rachel Smith";"Alexander Tanaka";"Michael Lee";"0-30";"Evening";4
"0089f28d-a5d9-4b74-933e-a8124bdceea0";"Email";"Refund Related";"Refund Enquiry";"";"b9cd43fb-77d5-4fbf-ac89-e9b926dbd0c2";"";"05/08/2023 13:43";"05/08/2023 13:59";"05-Aug-23";"Unknown";"Others";0;0;"Sharon Smith";"Elijah Yamaguchi";"Michael Lee";">90";"Afternoon";4
"0089f91e-45ee-4cc7-8891-7f272058ec50";"Inbound";"Refund Related";"Refund Related Issues";"";"467b5bc8-1573-40d2-a7ff-3b4a3469e568";"";"26/08/2023 18:29";"26/08/2023 18:44";"26-Aug-23";"Unknown";"Others";0;0;"Olivia Villa";"Mia Yamamoto";"Jennifer Nguyen";"On Job Training";"Morning";5
"008a3167-212a-4f7f-b870-95362e70d6db";"Inbound";"Returns";"Reverse Pickup Enquiry";"";"9dbc62e0-7ab5-4a83-acdc-2acf8b1f7f19";"";"07/08/2023 08:22";"07/08/2023 12:17";"07-Aug-23";"Unknown";"Others";0;0;"Katherine Kirby";"Isabella Wong";"John Smith";">90";"Morning";5
"008a4708-769d-46a8-b22d-f53ba2493ef0";"Inbound";"Order Related";"Delayed";"";"";"";"03/08/2023 17:24";"04/08/2023 18:35";"04-Aug-23";"Unknown";"Others";0;0;"Allen Bowers";"Olivia Wang";"John Smith";">90";"Evening";5
"008c18c6-8c84-4bc2-907f-66c4f0e3d82e";"Inbound";"Order Related";"Delayed";"";"0e8baaa4-81fb-4519-8f3a-cdc6316b27e0";"";"01/08/2023 21:30";"01/08/2023 21:48";"01-Aug-23";"Unknown";"Others";0;0;"Richard Ortiz";"Emily Yamashita";"Michael Lee";">90";"Morning";1
"008df38d-35b4-4525-86bf-1038fba00a7c";"Outcall";"Returns";"Wrong";"Good";"";"";"04/08/2023 13:26";"04/08/2023 13:38";"04-Aug-23";"Unknown";"Others";0;0;"Jerome Gray";"Sophia Sato";"John Smith";"0-30";"Morning";5
"008e1ab0-e88f-48bf-9114-9a3a5f144b4a";"Inbound";"Returns";"Reverse Pickup Enquiry";"";"";"";"27/08/2023 13:03";"27/08/2023 13:22";"27-Aug-23";"Unknown";"Others";0;0;"Timothy Wilson";"Carter Park";"Jennifer Nguyen";"On Job Training";"Morning";1
"008e92e0-6ea4-4593-a3d2-939954abc617";"Inbound";"Order Related";"Delayed";"";"32d5d2b0-5b82-4efd-8017-5297f1dee87a";"04/08/2023 22:18";"17/08/2023 11:00";"17/08/2023 11:01";"17-Aug-23";"JHAJJAR";"Electronics";10250;0;"Brandy Odonnell";"Zoe Yamamoto";"William Kim";"On Job Training";"Morning";5
"008ed9ed-7caf-425e-a9b2-1c8330762752";"Outcall";"Returns";"Return request";"";"b6c95426-58eb-4e13-bd54-080b3d5fd09a";"";"26/08/2023 14:11";"26/08/2023 16:41";"26-Aug-23";"Unknown";"Others";0;0;"Edward Hawkins";"Nathan Patel";"Emily Chen";">90";"Evening";5
"008fd252-a35b-4ad8-8e32-ba7114672820";"Outcall";"Returns";"Fraudulent User";"";"f27ccaed-8333-4e81-bf73-32aa78ba16c5";"";"29/08/2023 17:59";"29/08/2023 19:12";"29-Aug-23";"Unknown";"Others";0;0;"James Williams";"Brayden Wong";"John Smith";">90";"Evening";5
"008ff3a1-b970-48c0-9987-218ae377d061";"Inbound";"Offers & Cashback";"Other Cashback";"";"b0238433-e6ca-4948-bf51-70a15c61f6cb";"02/08/2023 11:10";"07/08/2023 20:29";"09/08/2023 12:02";"09-Aug-23";"AHMEDABAD";"Mobile";16499;0;"Eric Bowen";"Amelia Tanaka";"Michael Lee";"31-60";"Evening";5
"00906130-88ac-4ebf-ac56-8606974d3101";"Inbound";"Returns";"Reverse Pickup Enquiry";"";"fb57fd11-ee1d-4be8-be43-ad3e1550b288";"";"17/08/2023 05:17";"17/08/2023 05:18";"17-Aug-23";"Unknown";"Others";0;0;"Matthew Miller";"Elijah Yamaguchi";"Michael Lee";">90";"Night";5
"0090680c-61c7-4f5c-8217-9f4c36ba767a";"Inbound";"Returns";"Return request";"";"4edd0ac7-aea4-408a-8b93-49d8f8192e24";"02/08/2023 00:30";"07/08/2023 08:27";"07/08/2023 08:50";"07-Aug-23";"BHOPAL";"LifeStyle";469;0;"Erik Williams";"Mia Patel";"Olivia Tan";">90";"Morning";5
"00911d23-f820-40ef-835f-46110ed9673b";"Inbound";"Feedback";"UnProfessional Behaviour";"";"3aaaa565-9b4a-418b-9f99-dff7dd4d5378";"";"24/08/2023 10:56";"24/08/2023 10:59";"24-Aug-23";"Unknown";"Others";0;0;"Kenneth Martin";"Aiden Patel";"John Smith";"31-60";"Morning";5
"00915b79-7b4f-4928-a51b-84c97bf04b15";"Inbound";"Returns";"Reverse Pickup Enquiry";"";"856110fd-a790-4de7-834d-4f41d0232138";"";"29/08/2023 12:45";"29/08/2023 13:33";"29-Aug-23";"Unknown";"Others";0;0;"Norma Davis";"Aiden Patel";"John Smith";">90";"Morning";5
"00927bae-2894-421c-9bf0-a2f31dd68422";"Outcall";"Returns";"Wrong";"Good";"cc0c0051-c46d-49dd-9ecf-39b861c553af";"";"21/08/2023 19:23";"21/08/2023 19:26";"21-Aug-23";"Unknown";"Others";0;0;"Sarah Thomas";"Logan Lee";"Emily Chen";"61-90";"Evening";4
"00936125-140c-4468-961f-3261c2706616";"Inbound";"Returns";"Reverse Pickup Enquiry";"My product is not working which I have purchased from you and I need the service centre details but you are having the details how to repair my product and the product is life care product which is nebulizer for the life saver";"cae67f23-dc65-4368-b5fd-fbf306d574ca";"";"08/08/2023 11:32";"08/08/2023 19:49";"08-Aug-23";"Unknown";"Others";0;0;"Stephanie Neal";"Layla Taniguchi";"Emily Chen";">90";"Morning";5
"00939e0e-9e8c-4616-9976-57074bb60644";"Email";"Returns";"Missing";"Thank u very much";"";"";"27/08/2023 21:21";"27/08/2023 22:18";"27-Aug-23";"Unknown";"Others";0;0;"Tammy Garcia";"Jackson Park";"William Kim";"On Job Training";"Evening";5
"0093a2c4-e3de-4e64-8254-8a5fab3c670e";"Inbound";"Returns";"Exchange / Replacement";"";"e02ae950-a22c-4f02-bd54-3c001a03c39b";"";"08/08/2023 13:23";"08/08/2023 13:26";"08-Aug-23";"Unknown";"Others";0;0;"Brianna Wolf";"Mia Patel";"John Smith";">90";"Morning";5
"00945ace-21a3-445c-9395-03135b8f19a1";"Inbound";"Returns";"Wrong";"";"f190e9fc-5c4d-47dd-8345-ad0f1508d73a";"";"23/08/2023 13:10";"23/08/2023 13:12";"23-Aug-23";"Unknown";"Others";0;0;"Nathan Wilson";"Mia Patel";"John Smith";">90";"Morning";4
"009518ea-aabe-463f-889d-0adb9d65eb79";"Inbound";"Order Related";"Order status enquiry";"should check the item before dispatch.";"9d0cc97c-af36-49c0-8eaf-f3ccc35eb7eb";"";"26/08/2023 22:26";"26/08/2023 22:27";"26-Aug-23";"Unknown";"Others";0;0;"Pamela Mendoza";"Ava Wong";"William Kim";"On Job Training";"Evening";5
"0095447d-dcfc-449b-8b81-9ee83503b8cb";"Inbound";"Returns";"Exchange / Replacement";"";"";"";"15/08/2023 02:10";"15/08/2023 02:11";"15-Aug-23";"Unknown";"Others";0;0;"Jorge Ingram";"Elijah Yamaguchi";"Emily Chen";">90";"Split";5
"009578fe-d0d8-4625-90df-5f8523f94b8a";"Inbound";"Returns";"Reverse Pickup Enquiry";"";"";"";"27/08/2023 19:41";"27/08/2023 19:44";"27-Aug-23";"Unknown";"Others";0;0;"John Gonzalez";"Noah Patel";"Michael Lee";"31-60";"Night";4
"00961321-166a-4d32-9308-fc291d7db3de";"Inbound";"Returns";"Wrong";"Very good";"b1d51c32-c16a-4d34-bb19-efa9f176ac85";"";"08/08/2023 20:24";"08/08/2023 20:27";"08-Aug-23";"Unknown";"Others";0;0;"Christina Lewis";"Aiden Patel";"John Smith";">90";"Evening";5
"009621a2-465c-47bc-8a0a-be15cd01f3f1";"Outcall";"Order Related";"Delayed";"";"";"";"13/08/2023 12:12";"13/08/2023 12:22";"13-Aug-23";"Unknown";"Others";0;0;"Brian Wilson PhD";"Emma Park";"John Smith";"31-60";"Morning";1
"00974615-87a4-469f-acc9-7b87a90ee960";"Outcall";"Returns";"Damaged";"";"9eff1a3e-c222-430f-abe0-f36f31124616";"";"23/08/2023 07:30";"23/08/2023 08:49";"23-Aug-23";"Unknown";"Others";0;0;"Michael Miles";"Elijah Yamaguchi";"Michael Lee";"61-90";"Morning";1
"00985ed1-7274-4e34-ade4-2a82b27b24f4";"Inbound";"Returns";"Missing";"";"";"";"13/08/2023 16:11";"13/08/2023 16:27";"13-Aug-23";"Unknown";"Others";0;0;"Nicholas Mata";"Wyatt Kim";"Michael Lee";"61-90";"Afternoon";5
"0098950c-d35c-40c2-91ca-0f29e2911e94";"Inbound";"Returns";"Return request";"";"fbb8bad5-f1f3-4e65-af1d-c51eaac7095f";"05/08/2023 23:11";"10/08/2023 00:05";"11/08/2023 19:58";"11-Aug-23";"KOLKATA";"Electronics";999;0;"Thomas Lewis";"Aiden Patel";"John Smith";"31-60";"Morning";1
"009a4b8b-a6ee-4ead-aa6d-71f1dbae5f0f";"Inbound";"Returns";"Fraudulent User";"";"";"";"13/08/2023 13:51";"13/08/2023 13:53";"13-Aug-23";"Unknown";"Others";0;0;"Michelle Clark";"Ethan Tan";"John Smith";"31-60";"Morning";5
"009ad353-ae6f-4148-8233-50c62db2a80d";"Inbound";"Order Related";"Delayed";"";"ea412d52-4714-401d-bdb1-5081864beb93";"05/08/2023 16:22";"18/08/2023 13:35";"18/08/2023 13:39";"18-Aug-23";"MADHUBANI";"Books & General merchandise";37;0;"Mario Terrell";"Elijah Yamaguchi";"John Smith";">90";"Evening";5
"009cb452-e446-4de6-b4a0-2a8c9d69938c";"Inbound";"Returns";"Reverse Pickup Enquiry";"";"e742f97a-954d-4d22-90f7-238a537630c1";"";"23/08/2023 08:35";"23/08/2023 08:37";"23-Aug-23";"Unknown";"Others";0;0;"Nathan Wilson";"Mia Patel";"John Smith";">90";"Morning";5
"009d7dff-dce4-4bb8-9c39-d593f459b4d5";"Inbound";"Returns";"Missing";"";"7347bb12-2074-4906-9e1b-c69014a97265";"";"23/08/2023 15:37";"23/08/2023 15:40";"23-Aug-23";"Unknown";"Others";0;0;"Christopher Brown";"Aiden Patel";"Olivia Tan";"On Job Training";"Evening";5
"009f0158-68b3-4723-bd96-26d3e24a10e4";"Inbound";"Returns";"Reverse Pickup Enquiry";"";"e95b8a76-c543-46d4-9114-ec41e1ed64bd";"";"22/08/2023 18:20";"22/08/2023 18:28";"22-Aug-23";"Unknown";"Others";0;0;"Chad Burns";"Ava Wong";"William Kim";"On Job Training";"Evening";5
"009f13c7-91e9-4712-ab40-0bb48cb225a3";"Inbound";"Returns";"Fraudulent User";"My problem is addressed nicely";"b82ba13d-078c-4575-9e6c-d5ed978ce47a";"";"17/08/2023 15:15";"17/08/2023 15:19";"17-Aug-23";"Unknown";"Others";0;0;"Katrina Rodriguez";"Elijah Yamaguchi";"John Smith";">90";"Evening";5
"00a00516-811c-4175-bdb8-38d8e4379f0a";"Inbound";"Feedback";"UnProfessional Behaviour";"";"6ca91dc1-e3eb-4dfc-a682-9379b937a59f";"";"17/08/2023 21:00";"17/08/2023 21:01";"17-Aug-23";"Unknown";"Others";0;0;"Vincent Hayes";"Emma Park";"Jennifer Nguyen";"On Job Training";"Evening";1
"00a1ab10-f4d3-4637-8855-350db48cba6f";"Inbound";"Order Related";"Installation/demo";"";"96c678d2-aa87-4773-a8fa-6b19e2c2c451";"17/01/2023 00:38";"18/08/2023 20:11";"19/08/2023 18:51";"19-Aug-23";"WARDHA";"Electronics";39501;0;"Jorge Williams";"Lily Chen";"William Kim";"On Job Training";"Morning";1
"00a29b15-9217-4997-9c72-de96d52a3554";"Inbound";"Order Related";"Installation/demo";"";"";"";"13/08/2023 12:39";"13/08/2023 17:23";"13-Aug-23";"Unknown";"Others";0;0;"Elizabeth Garcia";"Madison Kim";"John Smith";">90";"Afternoon";5
"00a46cdd-950e-4f53-900f-dab9131ecb68";"Outcall";"Returns";"Return request";"";"e7ebc2b9-4974-465d-a75e-1e79cb64d0b1";"";"31/08/2023 13:49";"31/08/2023 16:02";"31-Aug-23";"Unknown";"Others";0;0;"Mr. Allen Fisher";"Landon Tanaka";"Jennifer Nguyen";"On Job Training";"Evening";5
"00a4a8c7-bb8a-4079-b9f5-27aac6599528";"Email";"Returns";"Technician Visit";"";"9d0ef111-a28e-4c80-86ac-9a2d03510c59";"04/08/2023 21:04";"18/08/2023 18:03";"18/08/2023 18:52";"18-Aug-23";"HALDWANI";"Electronics";1954;0;"Stephen Palmer";"Jackson Park";"William Kim";"On Job Training";"Evening";1
"00a5b8c2-615b-4fb0-8d8c-7090c872a6bf";"Inbound";"Returns";"Fraudulent User";"";"";"";"16/08/2023 12:54";"16/08/2023 12:56";"16-Aug-23";"Unknown";"Others";0;0;"Scott Sanchez";"Ethan Nakamura";"Emily Chen";"0-30";"Evening";5
"00a66be9-6878-45dc-8536-712ae915b809";"Inbound";"Returns";"Reverse Pickup Enquiry";"";"a77561ab-015a-4253-bd35-b4506b6387fc";"05/08/2023 23:31";"10/08/2023 23:33";"11/08/2023 02:54";"11-Aug-23";"PATNA";"Electronics";1199;0;"Scott Scott";"Elijah Yamaguchi";"John Smith";">90";"Evening";5
"00a7856a-e9ac-4db0-80fb-73cd55f54a1b";"Inbound";"Order Related";"Delayed";"";"";"";"16/08/2023 11:48";"16/08/2023 11:49";"16-Aug-23";"Unknown";"Others";0;0;"Sabrina Santiago";"Mia Patel";"Emily Chen";"61-90";"Evening";5
"00a7b8c8-04ab-412e-bd1b-8238f40c5978";"Inbound";"Returns";"Reverse Pickup Enquiry";"";"e52f6901-0345-4115-8a4b-be7a3084b32f";"";"09/08/2023 10:00";"09/08/2023 12:44";"09-Aug-23";"Unknown";"Others";0;0;"Tim Mcintosh II";"Olivia Suzuki";"Jennifer Nguyen";"On Job Training";"Morning";4
"00a7ca26-3564-4a6d-90db-e44fc1c41df5";"Inbound";"Order Related";"Installation/demo";"No issue";"e6b1861a-04f6-45a7-9054-5ab5ff2568dd";"";"05/08/2023 15:09";"05/08/2023 15:17";"05-Aug-23";"Unknown";"Others";0;0;"Tamara Washington";"Elijah Yamaguchi";"John Smith";">90";"Evening";5
"00a8102c-c490-42fe-aa41-3f6549ebd11f";"Inbound";"Returns";"Reverse Pickup Enquiry";"";"e377c854-2e73-47f3-8456-2d9849238437";"";"10/08/2023 00:08";"10/08/2023 00:15";"10-Aug-23";"Unknown";"Others";0;0;"Cindy Stewart";"Logan Lee";"Emily Chen";"61-90";"Evening";5
"00a81d7c-fbcc-491f-aada-d05fb68a2603";"Inbound";"Feedback";"UnProfessional Behaviour";"";"8a0ccec9-d223-47a6-8f94-4232850b9933";"03/08/2023 06:26";"20/08/2023 10:33";"20/08/2023 10:35";"20-Aug-23";"CHURU";"Electronics";1399;0;"Paul Roach";"Abigail Suzuki";"Jennifer Nguyen";"On Job Training";"Evening";1
"00a90e76-1587-464a-bfd1-b1e8b2ace1ea";"Inbound";"Order Related";"Order status enquiry";"Badiya bat kiya sar ji ne";"";"";"15/08/2023 21:58";"15/08/2023 22:04";"15-Aug-23";"Unknown";"Others";0;0;"Kristin Adams";"Zoe Yamamoto";"John Smith";"31-60";"Afternoon";5
"00aa3ce3-e054-4ffc-8453-96ff39bcbdd4";"Inbound";"Refund Related";"Refund Related Issues";"GoodEmployee";"30d4da43-69a5-4226-a555-482088bbea24";"";"24/08/2023 12:43";"24/08/2023 12:46";"24-Aug-23";"Unknown";"Others";0;0;"Todd Bennett";"Carter Park";"Jennifer Nguyen";"On Job Training";"Evening";5
"00aa9d03-d663-46bf-a3d6-ae0103457a3a";"Outcall";"Product Queries";"Product Specific Information";"";"a13f3482-6ca5-4065-967b-5974951205f2";"";"23/08/2023 18:20";"23/08/2023 21:40";"23-Aug-23";"Unknown";"Others";0;0;"Brian Wall";"Jacob Sato";"William Kim";"On Job Training";"Evening";5
"00aacdf1-fc45-45cd-8a9d-a65749bfd904";"Inbound";"Returns";"Return request";"";"b3c25a42-161b-4234-bf19-80c7c79be0fa";"";"28/08/2023 16:34";"28/08/2023 00:00";"28-Aug-23";"Unknown";"Others";0;0;"Amy Flores";"Carter Park";"Michael Lee";"0-30";"Morning";5
"00abee15-2a4f-4ea4-8db1-f3eb198decee";"Outcall";"Returns";"Reverse Pickup Enquiry";"";"fc5b0a33-b379-4487-b84e-a13897667b97";"";"07/08/2023 14:57";"07/08/2023 15:14";"07-Aug-23";"Unknown";"Others";0;0;"Christine Castro";"Zoe Yamamoto";"John Smith";">90";"Morning";4
"00ac8881-512f-4e69-95cc-beeffd3c2d29";"Inbound";"Cancellation";"Not Needed";"nice behaivior";"9578da5a-7433-489e-acaa-7c0873646ceb";"";"31/08/2023 09:44";"31/08/2023 09:46";"31-Aug-23";"Unknown";"Others";0;0;"Timothy Taylor";"Sophia Sato";"John Smith";"0-30";"Morning";5
"00acaacf-2d5f-4dad-8046-385639dee6db";"Inbound";"Returns";"Reverse Pickup Enquiry";"";"";"";"13/08/2023 14:30";"13/08/2023 14:33";"13-Aug-23";"Unknown";"Others";0;0;"Kenneth Martin";"Aiden Patel";"John Smith";"31-60";"Morning";3
"00acd2ae-27ab-4300-a950-c2dceaffc9b4";"Outcall";"Product Queries";"Product Specific Information";"";"004b1ad1-b0b8-4185-8145-058a98443246";"";"29/08/2023 18:19";"29/08/2023 21:03";"29-Aug-23";"Unknown";"Others";0;0;"Miranda Lewis";"Ava Wong";"William Kim";"On Job Training";"Evening";5
"00acf028-5068-445f-b6e8-6f45538ceb1d";"Inbound";"Returns";"Return request";"";"7b2dab42-60a7-40e2-a74d-b35ffaab9f68";"";"22/08/2023 18:11";"22/08/2023 18:19";"22-Aug-23";"Unknown";"Others";0;0;"Amy Watson";"Lucas Singh";"Jennifer Nguyen";"On Job Training";"Evening";5
"00ad5ae1-127a-4747-a532-5d79297ffc7c";"Inbound";"Returns";"Reverse Pickup Enquiry";"Please resolve my issue";"";"";"27/08/2023 10:29";"27/08/2023 10:51";"27-Aug-23";"Unknown";"Others";0;0;"Penny Lam";"Elijah Yamaguchi";"Emily Chen";"61-90";"Evening";4
"00af3313-f41d-40b2-b85d-77861bd6af58";"Inbound";"Order Related";"Delayed";"";"12fccb34-2f62-435e-920f-e106071c393d";"";"19/08/2023 10:46";"19/08/2023 21:15";"19-Aug-23";"Unknown";"Others";0;0;"Jacob Mitchell";"Scarlett Chen";"John Smith";"0-30";"Morning";5
"00afbff1-3101-461f-bbc7-dba0abab2197";"Inbound";"Returns";"Reverse Pickup Enquiry";"";"d717ab95-669c-4a1e-b68d-5a112f24609f";"28/07/2023 22:09";"31/07/2023 21:00";"02/08/2023 21:07";"02-Aug-23";"NEW DELHI";"Electronics";220;0;"Catherine Gibson";"Evelyn Kimura";"Jennifer Nguyen";"On Job Training";"Evening";1
"00b04f6d-8987-4484-bf94-fb7e2b96ec6c";"Inbound";"Refund Related";"Refund Enquiry";"";"38057178-2a95-4974-a2f5-e2a37ba4f7db";"06/08/2023 11:12";"17/08/2023 14:28";"18/08/2023 17:41";"18-Aug-23";"PATNA";"Home Appliences";385;0;"Jacqueline Santiago";"Evelyn Kimura";"John Smith";"0-30";"Morning";5
"00b05d0c-fd9e-4fb9-91af-274b78ef5abd";"Inbound";"Returns";"Return request";"";"3f9a48a3-28e8-485f-874e-6f87f554b44f";"";"29/08/2023 21:51";"29/08/2023 21:53";"29-Aug-23";"Unknown";"Others";0;0;"Brandon Frost";"Carter Park";"Michael Lee";">90";"Morning";5
"00b11189-8a45-4d36-83d7-f8dd6ca4a7a2";"Inbound";"Returns";"Reverse Pickup Enquiry";"";"d900b65e-994f-4ff7-9eed-bb9502c8206c";"";"22/08/2023 15:28";"22/08/2023 18:07";"22-Aug-23";"Unknown";"Others";0;0;"Gordon Jones";"Austin Johnson";"Michael Lee";"0-30";"Morning";5
"00b11d50-20f5-4257-8516-edf151f36839";"Inbound";"Order Related";"Seller Cancelled Order";"AUTOMATICALLY ORDER CANCELED";"";"";"03/08/2023 19:00";"03/08/2023 19:05";"03-Aug-23";"Unknown";"Others";0;0;"Michael Pitts";"William Park";"John Smith";"31-60";"Evening";1
"00b266fe-e758-4c12-9d1f-7c0fb92428d2";"Outcall";"Refund Related";"Refund Enquiry";"";"";"";"16/08/2023 21:50";"16/08/2023 22:00";"16-Aug-23";"Unknown";"Others";0;0;"Brian Williams";"Olivia Suzuki";"Jennifer Nguyen";"On Job Training";"Evening";5
"00b66e1d-4adc-4440-a790-5d6fe303b5b3";"Inbound";"Shopzilla Related";"Shopzila Premium Related";"Good ????????";"68b828ac-b118-485d-a4af-2a163a5b150d";"";"30/08/2023 23:24";"30/08/2023 23:25";"30-Aug-23";"Unknown";"Others";0;0;"Shane Humphrey";"Mia Yamamoto";"Jennifer Nguyen";"On Job Training";"Morning";5
"00b6be46-3749-43f4-8d1c-0ab38e285d77";"Inbound";"Returns";"Reverse Pickup Enquiry";"";"175d0d28-0495-442d-9413-008472da5a00";"";"01/08/2023 09:06";"01/08/2023 09:10";"01-Aug-23";"Unknown";"Others";0;0;"Veronica Choi";"Noah Patel";"Michael Lee";"31-60";"Night";5
"00b8313e-5e6d-4a51-8603-432f58b7aa75";"Inbound";"Returns";"Reverse Pickup Enquiry";"It's taking a while to resolve any query these days. It's getting frustrating.";"06f58a39-ba4b-4819-be5b-46fe12583aef";"";"19/08/2023 08:29";"19/08/2023 08:35";"19-Aug-23";"Unknown";"Others";0;0;"Tiffany Bates";"Layla Taniguchi";"Olivia Tan";">90";"Morning";4
"00b962ae-9df0-46e7-9379-cf6921ff7e09";"Inbound";"Product Queries";"Product Specific Information";"";"d9575e53-3369-4a84-8e3b-df1dd6c367f2";"";"20/08/2023 03:10";"22/08/2023 01:30";"22-Aug-23";"Unknown";"Others";0;0;"Michelle Banks";"Nathan Patel";"Michael Lee";">90";"Night";5
"00bac5de-7f61-423a-9125-7433bab50507";"Inbound";"Order Related";"Order status enquiry";"";"7434d022-e295-44ee-af0b-090d900d4f70";"";"31/08/2023 11:25";"31/08/2023 12:46";"31-Aug-23";"Unknown";"Others";0;0;"Steven Murillo";"Carter Park";"Jennifer Nguyen";"On Job Training";"Morning";5
"00bbd040-880e-4cc6-846e-9aa20bf6742d";"Inbound";"Returns";"Reverse Pickup Enquiry";"";"f8226ab9-bf4f-463b-bfcb-3127e81e15c8";"05/08/2023 23:34";"15/08/2023 14:12";"15/08/2023 14:13";"15-Aug-23";"JHANSI";"Mobile";23999;0;"Virginia Caldwell";"Lily Chen";"Michael Lee";">90";"Morning";5
"00bc3550-26d9-4f3c-957c-eb72f6c23581";"Inbound";"Returns";"Fraudulent User";"";"";"";"14/08/2023 16:44";"14/08/2023 17:09";"14-Aug-23";"Unknown";"Others";0;0;"Anna Miller";"Landon Tanaka";"Emily Chen";">90";"Morning";5
"00be2247-c14f-4e41-8fd7-ec21630a90f1";"Outcall";"Returns";"Wrong";"";"2f8ca1fa-1c6a-406e-8fb5-397d191c8909";"";"28/08/2023 09:33";"28/08/2023 00:00";"28-Aug-23";"Unknown";"Others";0;0;"Nathaniel Smith";"Evelyn Kimura";"John Smith";"0-30";"Morning";5
"00be2764-a9e6-4abf-9394-083456cfcec4";"Inbound";"Feedback";"UnProfessional Behaviour";"No any support from customer service";"";"";"27/08/2023 18:48";"27/08/2023 18:51";"27-Aug-23";"Unknown";"Others";0;0;"Sara Moreno";"Mason Gupta";"Jennifer Nguyen";"On Job Training";"Morning";1
"00bf842d-f8d0-4f79-afbc-43fb7ba876ee";"Inbound";"Returns";"Service Centres Related";"";"c711fe06-5045-4e8a-be19-d06abfcd9013";"";"17/08/2023 09:44";"17/08/2023 10:00";"17-Aug-23";"Unknown";"Others";0;0;"Raymond Mcgee";"Ava Wong";"Olivia Tan";">90";"Evening";5
"00c012a3-3029-442f-b399-af52c8da3510";"Inbound";"Returns";"Reverse Pickup Enquiry";"Helpfull person ??";"467de71e-d7df-4cab-8ec7-129cd6a279de";"";"25/08/2023 14:11";"25/08/2023 14:13";"25-Aug-23";"Unknown";"Others";0;0;"Anthony Shaffer";"Carter Park";"Jennifer Nguyen";"On Job Training";"Evening";5
"00c1b54c-42a1-47bb-a98a-464b82af01f4";"Inbound";"Order Related";"Delayed";"Thenks";"2814c853-b60e-4faa-a869-fd15f36a4afa";"01/08/2023 09:16";"16/08/2023 12:20";"16/08/2023 12:33";"16-Aug-23";"BHUJ";"Electronics";999;0;"Scott Sutton";"Jackson Park";"Michael Lee";"31-60";"Evening";4
"00c1efd6-e039-4ae9-9aba-23d0fa0cf949";"Inbound";"Returns";"Reverse Pickup Enquiry";"Good response answer and questions";"facddab3-3661-4854-b26a-0cb6c236ff95";"";"19/08/2023 21:52";"19/08/2023 22:00";"19-Aug-23";"Unknown";"Others";0;0;"Amanda Cook";"Emma Park";"Jennifer Nguyen";"On Job Training";"Evening";1
"00c2b3f3-183f-4c55-bfda-e96967b96636";"Outcall";"Shopzilla Related";"General Enquiry";"";"1d329105-2b96-4ed1-98e6-f8dfba8ecb9b";"";"23/08/2023 15:50";"23/08/2023 16:22";"23-Aug-23";"Unknown";"Others";0;0;"Scott Sanchez";"Ethan Nakamura";"Emily Chen";"0-30";"Evening";5
"00c33961-0fb6-4db8-96ef-ad3950414120";"Inbound";"Returns";"Reverse Pickup Enquiry";"";"";"";"13/08/2023 10:59";"13/08/2023 12:24";"13-Aug-23";"Unknown";"Others";0;0;"Robert Smith";"Carter Park";"Michael Lee";"31-60";"Morning";4
"00c44677-97fe-4c0e-8254-4aa5b34ec9b2";"Outcall";"Order Related";"Installation/demo";"";"93f9c7bf-ae3b-4176-a38b-56efc2892576";"";"21/08/2023 18:34";"21/08/2023 18:44";"21-Aug-23";"Unknown";"Others";0;0;"Ann English";"Olivia Suzuki";"Olivia Tan";"On Job Training";"Morning";5
"00c447d1-b33a-40b9-a076-a263d493b6cd";"Inbound";"Refund Related";"Refund Enquiry";"I love ?";"97d4f3ee-dd6a-4973-b39e-0628914fb29e";"";"28/08/2023 14:57";"28/08/2023 00:00";"28-Aug-23";"Unknown";"Others";0;0;"Michael Dunlap";"Charlotte Suzuki";"Jennifer Nguyen";"On Job Training";"Evening";5
"00c473a1-58a8-4514-bcac-ab1aadaf7d1c";"Inbound";"Returns";"Wrong";"";"";"";"27/08/2023 18:32";"27/08/2023 18:37";"27-Aug-23";"Unknown";"Others";0;0;"Daniel Duncan";"Emily Yamashita";"Michael Lee";">90";"Morning";5
"00c49a62-ced4-4063-80b0-9b2e55991f70";"Inbound";"Returns";"Reverse Pickup Enquiry";"";"3350ff9a-c53d-4bc9-b1a8-4285cf87aad5";"";"23/08/2023 12:15";"23/08/2023 12:16";"23-Aug-23";"Unknown";"Others";0;0;"Gregory Andrews";"Mason Gupta";"Jennifer Nguyen";"On Job Training";"Morning";4
"00c4f377-37ed-4397-ad7c-fc9cb2a43a2c";"Inbound";"Returns";"Reverse Pickup Enquiry";"";"1b7a72e5-d8eb-4165-82c0-36fc3907e3ed";"";"19/08/2023 13:46";"20/08/2023 15:15";"20-Aug-23";"Unknown";"Others";0;0;"Jennifer Hernandez";"Lily Chen";"Michael Lee";">90";"Morning";5
"00c52c83-d40a-4b0f-80ea-fcffe23cef76";"Outcall";"Returns";"Return request";"Good job";"8f14a636-094a-4810-8d61-c14b2478c9bd";"30/07/2023 18:10";"08/08/2023 11:13";"08/08/2023 16:01";"08-Aug-23";"BASTI";"Electronics";699;384;"Daniel Ball";"Ethan Nakamura";"Olivia Tan";">90";"Morning";5
"00c5d7c9-b36b-4122-80d7-9329b9fd72b5";"Inbound";"Returns";"Reverse Pickup Enquiry";"";"787778b9-3137-4a5e-b198-f2f5d21366c6";"";"10/08/2023 12:55";"10/08/2023 13:00";"10-Aug-23";"Unknown";"Others";0;0;"Michelle Banks";"Nathan Patel";"Michael Lee";">90";"Night";4
"00c70ea0-f040-4f24-bd81-b0ac458be851";"Inbound";"Order Related";"Delayed";"Ok";"c679d50f-2ee4-4723-94b2-8bb287919db4";"";"10/08/2023 08:40";"10/08/2023 09:05";"10-Aug-23";"Unknown";"Others";0;0;"Alexander Marshall";"Carter Park";"Michael Lee";"31-60";"Morning";5
"00c7d340-4930-419e-b44b-ee87c92b1bfa";"Email";"Returns";"Service Centres Related";"Very very bad and useless Shopzilla all member";"217a25ce-6787-417f-8bf9-9c11472c5a07";"06/08/2023 09:23";"24/08/2023 11:45";"24/08/2023 11:46";"24-Aug-23";"NALBARI";"Books & General merchandise";13309;0;"Debra Brown";"Zoe Yamamoto";"John Smith";">90";"Morning";1
"00c88b8c-f344-4c1c-9225-6fd4cbcef4cc";"Inbound";"Feedback";"UnProfessional Behaviour";"Instelition";"";"";"03/08/2023 21:00";"03/08/2023 21:12";"03-Aug-23";"Unknown";"Others";0;0;"Carol Washington";"Lucas Singh";"John Smith";"31-60";"Evening";1
"00c90d39-f81a-45ca-8b5b-cf3cc94307a7";"Inbound";"Returns";"Reverse Pickup Enquiry";"";"";"";"13/08/2023 12:54";"13/08/2023 12:56";"13-Aug-23";"Unknown";"Others";0;0;"Nathan Wilson";"Mia Patel";"John Smith";">90";"Morning";5
"00c91ea3-daf7-4023-b971-aa3fb19ba33f";"Inbound";"Returns";"Reverse Pickup Enquiry";"";"7ec8efd8-e850-44b2-a216-d8aee0cba8fc";"28/07/2023 21:39";"05/08/2023 09:37";"05/08/2023 09:39";"05-Aug-23";"SRINAGAR";"Home Appliences";799;0;"Luke Schultz";"Austin Johnson";"Michael Lee";"0-30";"Morning";5
"00c9dbab-a2f2-4c3e-bd22-5563f081854d";"Inbound";"Order Related";"Delayed";"";"671084fb-ee3f-4ec2-a1e0-b4e731998bb4";"";"06/08/2023 20:00";"06/08/2023 20:09";"06-Aug-23";"Unknown";"Others";0;0;"Jacqueline Roberts";"Carter Park";"Michael Lee";"31-60";"Evening";5
"00c9dbdc-c5f6-444c-a967-ac64aa01da64";"Inbound";"Returns";"Missing";"";"2514f585-fbdb-4c53-847e-23c6918e3202";"06/08/2023 06:56";"11/08/2023 16:08";"11/08/2023 16:10";"11-Aug-23";"MORADABAD";"LifeStyle";1879;0;"Charlotte Thomas";"Mia Patel";"Emily Chen";">90";"Evening";5
"00cb568a-d529-4ab6-9042-707b897a7c66";"Outcall";"Cancellation";"Return cancellation";"";"caf4e042-0f41-47d0-8258-0567ba898f98";"";"09/08/2023 20:08";"09/08/2023 20:17";"09-Aug-23";"Unknown";"Others";0;0;"Laura Beck";"Noah Patel";"Emily Chen";">90";"Afternoon";5
"00cc80fb-90c8-4f20-9ce2-1cad359297f6";"Inbound";"Order Related";"Installation/demo";"";"843f061b-85da-49a7-b611-6f70056a99b4";"15/07/2023 03:44";"08/08/2023 00:39";"08/08/2023 00:45";"08-Aug-23";"MAHOBA";"Electronics";1899;0;"Matthew Bennett";"Olivia Wang";"John Smith";">90";"Evening";4
"00cce0f6-f2f7-4de3-8304-61acc9fcd1c3";"Inbound";"Payments related";"Wallet related";"Great job mamThank you very much";"e3af7447-bad2-4dae-a810-ea54c70ec1d1";"";"23/08/2023 09:28";"23/08/2023 09:31";"23-Aug-23";"Unknown";"Others";0;0;"John Gonzalez";"Noah Patel";"Michael Lee";"31-60";"Night";5
"00cf12c0-e365-473b-90ed-c8d8ba722d13";"Inbound";"Returns";"Reverse Pickup Enquiry";"Worst service provided by Shopzilla..Really disappointed with";"c874d612-e547-4d74-ad27-ed6e724a7c96";"29/07/2023 15:16";"31/08/2023 12:23";"31/08/2023 12:27";"31-Aug-23";"PUNE";"Furniture";2702;0;"Mary Esparza";"Elijah Yamaguchi";"Michael Lee";">90";"Night";1
"00cfa094-174a-4646-943f-d46288182224";"Outcall";"Order Related";"Delayed";"Good behave";"6ec47178-1441-4fab-86bf-41b9afbd1c14";"04/08/2023 10:37";"13/08/2023 20:29";"13/08/2023 20:30";"13-Aug-23";"JHUJHUNU";"LifeStyle";872;0;"David Reed";"Madison Kim";"John Smith";">90";"Morning";5
"00d1cc61-ecba-42dc-a3fa-19bd5ba8f627";"Inbound";"Returns";"Fraudulent User";"";"d0cfeab3-3682-4d90-be6f-3bbbf5efa2ce";"";"22/08/2023 08:07";"22/08/2023 08:11";"22-Aug-23";"Unknown";"Others";0;0;"Carla Burke";"Amelia Tanaka";"Michael Lee";"31-60";"Evening";5
"00d2757b-5857-4b52-9077-bbb9d3a7b5d3";"Inbound";"Returns";"Reverse Pickup Enquiry";"";"";"";"14/08/2023 15:55";"14/08/2023 15:57";"14-Aug-23";"Unknown";"Others";0;0;"Amanda Proctor";"Noah Patel";"Emily Chen";">90";"Split";5
"00d305e9-4929-4634-81c5-74712e0a2157";"Inbound";"Order Related";"Order status enquiry";"";"3286a4f6-9252-4f10-86ce-ce3ea40cb9e5";"";"17/08/2023 20:42";"17/08/2023 20:45";"17-Aug-23";"Unknown";"Others";0;0;"Jackson Brown";"Mia Patel";"William Kim";"On Job Training";"Evening";3
"00d3453c-d6f2-49be-92fb-13119bebaa27";"Inbound";"Returns";"Reverse Pickup Enquiry";"";"63969b5b-529d-4ecb-95be-93f4d609cfed";"28/07/2023 20:25";"13/08/2023 20:54";"13/08/2023 20:56";"13-Aug-23";"DHANBAD";"Electronics";999;0;"Joseph Harris";"Nathan Patel";"John Smith";">90";"Split";4
"00d38d74-d5e5-4047-b654-b85a16616304";"Inbound";"Returns";"Reverse Pickup Enquiry";"";"d8efb7c6-9cbc-4fdb-93c6-b3ddc425b3a4";"";"26/08/2023 22:01";"27/08/2023 00:36";"27-Aug-23";"Unknown";"Others";0;0;"Holly Huang";"Charlotte Suzuki";"William Kim";"On Job Training";"Morning";5
"00d3b1b5-9c3f-4d51-bec4-f0464bb595ba";"Email";"Refund Related";"Refund Related Issues";"";"52b9d232-f559-4006-9330-b423997989c3";"";"10/08/2023 20:38";"10/08/2023 20:39";"10-Aug-23";"Unknown";"Others";0;0;"Megan Bartlett";"Carter Park";"Michael Lee";">90";"Evening";5
"00d41bae-c76c-4f42-89b7-d46a5da4d8ab";"Inbound";"Returns";"Return request";"";"da5ac2b2-1903-4ccb-aa61-c3c36b312850";"";"06/08/2023 15:08";"06/08/2023 15:10";"06-Aug-23";"Unknown";"Others";0;0;"Debbie Johnson";"Emily Yamashita";"Michael Lee";">90";"Morning";5
"00d6be60-1797-4a4b-9baf-da1dc83afb07";"Inbound";"Returns";"Return request";"is not accepting return if that is bad. Fix it";"24b07b88-2411-4f41-b648-be596ece40e0";"28/07/2023 09:23";"07/08/2023 08:08";"07/08/2023 08:09";"07-Aug-23";"BARDHAMAN";"Books & General merchandise";26;0;"Paula Wilkins";"Emma Park";"John Smith";">90";"Afternoon";1
"00d7ed17-0295-4da5-b13e-f28b4e76452c";"Inbound";"Returns";"Fraudulent User";"Very good";"9c9e389a-74ae-4d85-a375-d0ce7f8008c1";"";"10/08/2023 17:58";"10/08/2023 18:00";"10-Aug-23";"Unknown";"Others";0;0;"Veronica Smith";"Carter Park";"Jennifer Nguyen";"On Job Training";"Morning";5
"00d8784b-5bc7-4104-b0e8-e330bcd5acf5";"Inbound";"Refund Related";"Refund Related Issues";"";"";"";"12/08/2023 09:39";"12/08/2023 09:40";"12-Aug-23";"Unknown";"Others";0;0;"David Smith";"Nathan Patel";"John Smith";">90";"Split";5
"00d891fa-69bd-4ce6-b0c7-6bd8ccd5ea1e";"Inbound";"Returns";"Damaged";"";"6629714c-b85a-4a26-9384-1516bf6f7713";"21/08/2023 14:20";"26/08/2023 19:57";"26/08/2023 20:01";"26-Aug-23";"JAMNAGAR";"Books & General merchandise";471;0;"Jennifer Munoz";"Aiden Patel";"John Smith";"61-90";"Morning";4
"00da5cc2-550e-4813-bd33-f195d0c937af";"Inbound";"Order Related";"Delayed";"";"fa70b0ac-f274-4c9b-950f-1a46b9a64191";"21/08/2023 23:22";"26/08/2023 10:50";"26/08/2023 10:50";"26-Aug-23";"DARBHANGA";"Books & General merchandise";64;0;"Tiffany Bates";"Layla Taniguchi";"Olivia Tan";">90";"Morning";5
"00daddd8-a63c-4fc9-82f7-985cd8a84aff";"Inbound";"Returns";"Reverse Pickup Enquiry";"The customer care executive is very polite and friendly. he is very helpful for us";"";"";"13/08/2023 20:13";"13/08/2023 20:16";"13-Aug-23";"Unknown";"Others";0;0;"Bradley Nelson";"Brayden Wong";"John Smith";">90";"Evening";5
"00db1b2a-c30d-45a5-9dfa-1e919eebbece";"Inbound";"Shopzilla Related";"Signup Issues";"There is no option for password change in Shopzilla app";"7352ffbb-f4b5-4bd2-b4a6-c5cba5858bea";"";"19/08/2023 21:05";"19/08/2023 23:09";"19-Aug-23";"Unknown";"Others";0;0;"Brian Williams";"Olivia Suzuki";"Jennifer Nguyen";"On Job Training";"Evening";5
"00dc1924-3635-4f2b-b4c6-5b888c1134d7";"Inbound";"Product Queries";"Product Specific Information";"Service is very very bad ????????";"";"";"11/08/2023 19:51";"11/08/2023 19:52";"11-Aug-23";"Unknown";"Others";0;0;"Tristan Holt";"Emma Park";"John Smith";"61-90";"Afternoon";5
"00dd1036-5f6a-4738-aed0-f840d8539840";"Inbound";"Returns";"Product related Issues";"";"05c6ddac-d0d9-40a7-b44b-9a853a543b2e";"16/08/2023 19:18";"24/08/2023 12:33";"24/08/2023 12:35";"24-Aug-23";"UTTARPARA";"Books & General merchandise";500;0;"Timothy Grant";"William Park";"John Smith";"31-60";"Morning";5
"00dd413b-d808-4a75-b08b-54e0d298c160";"Inbound";"Cancellation";"Not Needed";"Good";"e3464b35-00a9-429a-bc86-8e3080dc6058";"20/07/2023 21:36";"01/08/2023 14:15";"01/08/2023 15:13";"01-Aug-23";"SASARAM";"Mobile";32999;0;"Lisa Lawrence";"Abigail Suzuki";"Jennifer Nguyen";"On Job Training";"Morning";5
"00de2c4a-c133-40a5-a77f-10b7d863e34c";"Inbound";"Returns";"Fraudulent User";"Why the mistake of the seller is a mistake and the mistake of customer is a";"";"";"12/08/2023 02:00";"12/08/2023 02:02";"12-Aug-23";"Unknown";"Others";0;0;"George Gallagher";"Emily Yamashita";"Michael Lee";">90";"Morning";5
"00df431a-b184-417a-ae49-c4feb6bd00bb";"Inbound";"Returns";"Return request";"Good";"91ba71bf-f229-4544-9dc6-be3b6c2e51d2";"";"02/08/2023 20:01";"02/08/2023 20:16";"02-Aug-23";"Unknown";"Others";0;0;"Jacob Hendricks";"Logan Lee";"Emily Chen";"61-90";"Evening";5
"00e06405-cd78-4ae5-88bf-524215f51483";"Inbound";"Returns";"Reverse Pickup Enquiry";"";"a3243c3e-d490-4a08-8e68-a7b3c594d4e1";"";"20/08/2023 11:16";"20/08/2023 11:19";"20-Aug-23";"Unknown";"Others";0;0;"Paul Roach";"Abigail Suzuki";"Jennifer Nguyen";"On Job Training";"Evening";5
"00e11186-b32e-4a84-b0df-9e6d5a199358";"Inbound";"Returns";"Return request";"Return service is not flexible";"b8e5144a-87db-4972-9ede-6291153d4f21";"24/07/2023 16:47";"11/08/2023 11:26";"11/08/2023 13:19";"11-Aug-23";"BALRAMPUR";"Electronics";999;0;"William Little MD";"Evelyn Kimura";"John Smith";"0-30";"Morning";5
"00e11e7e-4e71-47a5-9087-689251dfc280";"Inbound";"Returns";"Reverse Pickup Enquiry";"";"b6302b46-fa93-4277-a779-ea39698f2806";"";"24/08/2023 10:00";"24/08/2023 10:03";"24-Aug-23";"Unknown";"Others";0;0;"Renee Martin";"Lily Chen";"Michael Lee";">90";"Morning";4
"00e17599-d7b5-425e-926c-f6f9e9e59b19";"Inbound";"Order Related";"Order status enquiry";"";"37c800e1-184b-4f05-b723-4796d2e0f120";"";"10/08/2023 15:34";"10/08/2023 15:39";"10-Aug-23";"Unknown";"Others";0;0;"Julie Salinas";"Ethan Nakamura";"Olivia Tan";">90";"Morning";5
"00e2b04d-73e6-48a3-9229-a9b09693a22a";"Inbound";"Order Related";"Order status enquiry";"";"64396dfe-5625-4bdd-821a-684337351be5";"";"01/08/2023 18:39";"01/08/2023 20:02";"01-Aug-23";"Unknown";"Others";0;0;"Stacy Washington";"Emily Yamashita";"Michael Lee";">90";"Morning";5
"00e3e257-6884-46fc-96fd-6aa83a753594";"Inbound";"Order Related";"Installation/demo";"";"22e96935-c43c-4ab8-8257-c2235788518d";"";"28/08/2023 13:14";"28/08/2023 00:00";"28-Aug-23";"Unknown";"Others";0;0;"Matthew Mendoza MD";"William Park";"John Smith";"61-90";"Evening";1
"00e48f77-c750-4ab9-a03c-d45e086ebf69";"Inbound";"Feedback";"UnProfessional Behaviour";"No";"73e9fc68-2dfc-45e4-8418-29052dbcbfc2";"02/08/2023 23:15";"13/08/2023 18:45";"14/08/2023 08:31";"14-Aug-23";"PUNE";"Mobile";127999;0;"Wayne Jimenez";"Isabella Wong";"Emily Chen";">90";"Evening";4
"00e68848-5c9b-4793-8c4e-7e3f0321abe4";"Inbound";"Returns";"Reverse Pickup Enquiry";"";"12f3e17f-4fbc-43b6-a965-56257129d20c";"";"09/08/2023 15:06";"09/08/2023 15:08";"09-Aug-23";"Unknown";"Others";0;0;"Brett Smith";"Dylan Kim";"Michael Lee";">90";"Morning";5
"00e6efe5-4c21-4a21-bef4-99038649a405";"Inbound";"Returns";"Reverse Pickup Enquiry";"";"df2bca08-a76f-459d-9372-3dcd849b57c4";"04/08/2023 06:53";"23/08/2023 22:58";"23/08/2023 23:18";"23-Aug-23";"IDAR";"LifeStyle";429;0;"Jacob Hendricks";"Logan Lee";"Emily Chen";"61-90";"Evening";4
"00e9214a-97f0-488d-9bdf-3a995abe0c89";"Outcall";"Returns";"Reverse Pickup Enquiry";"";"3740fd81-238e-4caa-ac55-fc86080d6bc8";"";"19/08/2023 18:47";"19/08/2023 19:14";"19-Aug-23";"Unknown";"Others";0;0;"Lisa Singleton";"Olivia Suzuki";"Jennifer Nguyen";"On Job Training";"Evening";5
"00e9699a-9953-4eb9-b64e-01936b823005";"Inbound";"Order Related";"Installation/demo";"";"";"";"04/08/2023 19:29";"04/08/2023 19:31";"04-Aug-23";"Unknown";"Others";0;0;"Cole Carlson";"Ava Wong";"William Kim";"On Job Training";"Evening";2
"00e97ed1-5e96-447c-8855-290939404cee";"Inbound";"Order Related";"Order status enquiry";"";"5d232490-f69c-48ad-89cd-c1de2971bc07";"";"07/08/2023 22:02";"07/08/2023 22:11";"07-Aug-23";"Unknown";"Others";0;0;"Craig Hall";"Harper Wong";"Emily Chen";">90";"Split";1
"00e993eb-c489-44b2-9d4b-f06e0bd6fb4e";"Inbound";"Returns";"Return request";"Everything good";"c9e792aa-4f0f-444f-bc07-fa8f7af7530a";"";"17/08/2023 09:14";"17/08/2023 09:23";"17-Aug-23";"Unknown";"Others";0;0;"Kyle Warren DDS";"Scarlett Chen";"John Smith";"0-30";"Morning";5
"00ea36cf-377b-48d9-85f6-e23b1bd7c0c0";"Outcall";"Returns";"Return request";"";"54a8fc22-2549-4949-a907-d6f56e6215b8";"06/08/2023 17:55";"12/08/2023 19:07";"12/08/2023 19:16";"12-Aug-23";"OSMANABAD";"Electronics";899;0;"Jessica Cook";"Ethan Tan";"Michael Lee";">90";"Evening";4
"00eca283-e555-4982-a4b8-6d5e9fbab9c0";"Inbound";"Returns";"Reverse Pickup Enquiry";"";"8d811377-329d-43a9-8b7f-373e5ab7da5c";"";"24/08/2023 13:23";"24/08/2023 13:25";"24-Aug-23";"Unknown";"Others";0;0;"John Gordon";"Zoe Yamamoto";"William Kim";"On Job Training";"Morning";5
"00eddcd6-30e6-4cd3-b44e-f8babe088a60";"Inbound";"Returns";"Reverse Pickup Enquiry";"Please solve the issue";"537238ba-b882-4850-add1-d6d17fa1058c";"";"28/08/2023 12:30";"28/08/2023 00:00";"28-Aug-23";"Unknown";"Others";0;0;"Mr. Nathaniel Smith";"Austin Johnson";"William Kim";"On Job Training";"Morning";3
"00f0f34a-09a8-4f08-80ad-3b51036a8767";"Inbound";"Order Related";"Order status enquiry";"";"";"";"27/08/2023 20:16";"27/08/2023 20:19";"27-Aug-23";"Unknown";"Others";0;0;"Mason Mitchell";"Ava Wong";"William Kim";"On Job Training";"Evening";5
"00f12ac8-b428-4d3e-a449-f88ee4885f18";"Inbound";"Order Related";"Customer Requested Modifications";"";"cdedd2dd-d3db-436a-aa76-e3782fb452c7";"";"02/08/2023 18:37";"02/08/2023 18:43";"02-Aug-23";"Unknown";"Others";0;0;"Matthew Callahan";"Evelyn Kimura";"Jennifer Nguyen";"On Job Training";"Evening";5
"00f15e04-3fcb-4c35-b9ac-5182ff4bf5c9";"Outcall";"Returns";"Return request";"???????????????????";"46f0d05a-0b20-4abe-b14c-856c2f075f56";"";"25/08/2023 13:34";"25/08/2023 13:41";"25-Aug-23";"Unknown";"Others";0;0;"Dr. Andrew Bowers";"Wyatt Kim";"Jennifer Nguyen";"On Job Training";"Morning";5
"00f1c44a-52f5-4b1e-9945-a08a8978ff62";"Inbound";"Returns";"Reverse Pickup Enquiry";"";"";"";"14/08/2023 13:34";"15/08/2023 16:52";"15-Aug-23";"Unknown";"Others";0;0;"Melanie Cortez";"Mason Gupta";"Jennifer Nguyen";"On Job Training";"Morning";1
"00f1c4b7-7761-4437-aeb2-c77d9a357d61";"Inbound";"Returns";"Reverse Pickup Enquiry";"";"a3b7259b-8bec-4c7f-81e0-f0ab888d4e2a";"25/07/2023 00:05";"07/08/2023 18:42";"07/08/2023 18:43";"07-Aug-23";"NEW DELHI";"LifeStyle";1245;0;"Jacqueline Edwards";"Carter Park";"Michael Lee";"31-60";"Evening";5
"00f21656-aab8-45d6-8f51-0a67d4a2a468";"Inbound";"Product Queries";"Product Specific Information";"";"a5f06407-762f-4cb4-8e33-3005e26dc2c6";"";"07/08/2023 12:19";"07/08/2023 12:23";"07-Aug-23";"Unknown";"Others";0;0;"Cole Moore";"Emma Park";"John Smith";"31-60";"Morning";5
"00f427b5-d7c4-4911-a0f2-07b6e58a58d3";"Inbound";"Returns";"Return request";"";"75c32aef-f1b7-4f8d-ab34-995c44f912be";"";"08/08/2023 22:18";"08/08/2023 22:22";"08-Aug-23";"Unknown";"Others";0;0;"Patricia Duarte";"Elijah Yamaguchi";"Emily Chen";"61-90";"Evening";5
"00f4446d-4532-4f08-8109-29a0a980ade2";"Inbound";"Returns";"Wrong";"";"595dcd4e-7322-48f4-a66a-65199251cf20";"03/08/2023 21:58";"11/08/2023 00:36";"11/08/2023 06:19";"11-Aug-23";"DIMAPUR";"LifeStyle";1022;0;"Brandy Baker";"Elijah Yamaguchi";"Emily Chen";"61-90";"Evening";1
"00f4bbe6-d989-4d28-aaa3-d6be1f4ff8f2";"Inbound";"Returns";"Missing";"Very nice";"153b0225-f374-4f8e-84e3-599b31a6906f";"";"24/08/2023 10:22";"24/08/2023 10:22";"24-Aug-23";"Unknown";"Others";0;0;"Ruben Horton";"Elijah Yamaguchi";"Emily Chen";"61-90";"Morning";5
"00f513d4-9fef-4ede-83c8-791b18254236";"Inbound";"Order Related";"Installation/demo";"Customer Support Guy doesn't even know the information properly";"5b558a45-9985-4ac2-80ca-f32fbc546604";"";"16/08/2023 12:41";"17/08/2023 12:14";"17-Aug-23";"Unknown";"Others";0;0;"Cindy Kerr";"Alexander Tanaka";"Michael Lee";"0-30";"Evening";1
"00f514c1-a767-4721-a7fe-fb87fd37e36f";"Inbound";"Returns";"Reverse Pickup Enquiry";"";"acf0522c-f7b1-44af-8848-281fc987c9d2";"";"18/08/2023 10:45";"18/08/2023 10:57";"18-Aug-23";"Unknown";"Others";0;0;"Maxwell Castillo";"Scarlett Chen";"John Smith";"0-30";"Morning";4
"00f5e486-fc09-4072-a363-02d42fb56169";"Inbound";"Returns";"Reverse Pickup Enquiry";"";"cf5d95bd-dc46-4174-896e-88005a32d956";"";"25/08/2023 15:44";"25/08/2023 17:56";"25-Aug-23";"Unknown";"Others";0;0;"Jeff Lowery";"Charlotte Suzuki";"William Kim";"On Job Training";"Morning";5
"00f7dc40-962d-4743-8d59-55e98ec3d981";"Inbound";"Returns";"Reverse Pickup Enquiry";"";"a12715ff-79c5-45a7-8685-110a8dc48772";"";"18/08/2023 17:41";"18/08/2023 19:14";"18-Aug-23";"Unknown";"Others";0;0;"Joshua Foster";"Jackson Park";"Michael Lee";"31-60";"Evening";5
"00faa37c-1b20-41b8-b0c9-3a78465cebdd";"Inbound";"Product Queries";"Product Specific Information";"Good communication";"06c1b223-199b-4e3e-a591-56f7454c67a9";"";"26/08/2023 19:29";"26/08/2023 20:14";"26-Aug-23";"Unknown";"Others";0;0;"Brian Wilson PhD";"Emma Park";"John Smith";"31-60";"Morning";3
"00fae50e-4aba-44cc-b453-839f273252e7";"Inbound";"Returns";"Service Centres Related";"";"1d77ed7c-5476-414e-8046-cdcf63eaa74e";"";"23/08/2023 19:21";"23/08/2023 19:23";"23-Aug-23";"Unknown";"Others";0;0;"Lindsay Campbell";"Noah Patel";"Michael Lee";"31-60";"Evening";5
"00fb238d-f5c9-4afc-9e5c-3c59fb4e0595";"Inbound";"Returns";"Reverse Pickup Enquiry";"Good taking but your Shopzilla Jo ki return phone lene nahi aya abhi 5 o clock in evening";"";"";"14/08/2023 14:41";"14/08/2023 17:29";"14-Aug-23";"Unknown";"Others";0;0;"Russell Ramsey";"Zoe Yamamoto";"Emily Chen";">90";"Afternoon";5
"00fb8306-ed50-4b3f-9e8d-02d71d5e4e32";"Inbound";"Returns";"Reverse Pickup Enquiry";"";"ba077c89-b404-4548-b591-3407802b6da2";"";"23/08/2023 12:48";"24/08/2023 13:02";"24-Aug-23";"Unknown";"Others";0;0;"Stephen Foster";"Ethan Tan";"William Kim";"On Job Training";"Morning";5
"00fd16c4-112b-4f5a-ba97-16d43ff290aa";"Inbound";"Cancellation";"Not Needed";"";"";"";"27/08/2023 16:26";"27/08/2023 16:27";"27-Aug-23";"Unknown";"Others";0;0;"Melissa Grant";"Zoe Yamamoto";"John Smith";">90";"Morning";1
"00fd8b58-f25b-4280-9fe8-d077bc611b70";"Inbound";"Order Related";"Invoice request";"";"";"";"16/08/2023 10:39";"16/08/2023 10:46";"16-Aug-23";"Unknown";"Others";0;0;"William Little MD";"Evelyn Kimura";"John Smith";"0-30";"Morning";4
"00fe98dc-71c5-40c4-bcc7-6cbec895d707";"Inbound";"Product Queries";"Product Specific Information";"";"d4b74d6f-5c39-4ab0-8b42-2e66857f0d3b";"";"08/08/2023 14:56";"08/08/2023 20:25";"08-Aug-23";"Unknown";"Others";0;0;"Paul Hamilton";"Lily Chen";"Michael Lee";">90";"Morning";5
"01000085-4288-4a00-b2c0-723843cf132d";"Inbound";"Returns";"Reverse Pickup Enquiry";"";"62aeaf72-8283-470c-8f49-0c02389f54ac";"";"17/08/2023 12:00";"17/08/2023 12:05";"17-Aug-23";"Unknown";"Others";0;0;"Jacob Mitchell";"Scarlett Chen";"John Smith";"0-30";"Morning";5
"0100cc99-8263-42df-9517-df813b708761";"Inbound";"Returns";"Reverse Pickup Enquiry";"Excellent performance";"8be2424c-e01c-4c9b-bf61-5ef31da41fb4";"";"09/08/2023 20:45";"09/08/2023 20:45";"09-Aug-23";"Unknown";"Others";0;0;"Chloe Roberts";"Jacob Sato";"Emily Chen";"61-90";"Evening";5
"01019b76-7563-48f8-a3f0-f65125397ee3";"Inbound";"Returns";"Reverse Pickup Enquiry";"";"";"";"04/08/2023 09:56";"04/08/2023 10:28";"04-Aug-23";"Unknown";"Others";0;0;"Laura Allen";"Oliver Nguyen";"John Smith";">90";"Morning";2
"0101fb64-b11c-43d3-8fdc-397365348803";"Inbound";"Order Related";"Delayed";"";"cb676096-147e-4373-bf7c-07164e1b6af5";"";"26/08/2023 07:16";"26/08/2023 09:36";"26-Aug-23";"Unknown";"Others";0;0;"Timothy Taylor";"Sophia Sato";"John Smith";"0-30";"Morning";1
"010203df-13e7-47a4-800b-bfe42f575309";"Inbound";"Returns";"Wrong";"";"0fc3e1be-f028-4832-9e67-466bf9d2124a";"";"17/08/2023 13:23";"17/08/2023 13:24";"17-Aug-23";"Unknown";"Others";0;0;"Margaret Prince";"Carter Park";"Michael Lee";"31-60";"Morning";5
"0102245f-710c-4c82-9a33-030e2943b407";"Inbound";"Returns";"Return request";"";"7adf3268-a2d6-4f8d-be2a-ed79727d0818";"";"10/08/2023 23:41";"10/08/2023 23:43";"10-Aug-23";"Unknown";"Others";0;0;"Tina Roberts";"Wyatt Kim";"Michael Lee";"31-60";"Evening";5
"01046d20-7bf7-43a1-87d6-a4203ac829b0";"Inbound";"Returns";"Fraudulent User";"";"b9f01d5b-7696-4183-a3a0-1c7fdac0fbd9";"21/08/2023 00:12";"27/08/2023 11:22";"27/08/2023 11:25";"27-Aug-23";"NEW DELHI";"Books & General merchandise";117;0;"Travis Gardner";"Evelyn Kimura";"John Smith";"0-30";"Morning";5
"0104949f-de50-4e32-8bee-ebbc5eb0d2e9";"Inbound";"Returns";"Reverse Pickup Enquiry";"";"7227fcc6-30af-43a3-8f27-d498faf24406";"";"08/08/2023 12:37";"08/08/2023 12:38";"08-Aug-23";"Unknown";"Others";0;0;"Steven Wall";"Zoe Yamamoto";"Emily Chen";">90";"Afternoon";3
"01053d6c-8497-472e-adc5-2a85af563936";"Outcall";"Returns";"Return request";"";"5be55df9-529c-4e63-806c-e071d08af980";"";"02/08/2023 15:40";"02/08/2023 16:05";"02-Aug-23";"Unknown";"Others";0;0;"Chad Burns";"Ava Wong";"William Kim";"On Job Training";"Evening";5
"0105b5a7-db82-4e92-bfb0-81fb54b30664";"Inbound";"Returns";"Return request";"";"cfaf43ae-66fe-4fab-aca1-2f60982d0b5e";"";"28/08/2023 19:34";"28/08/2023 00:00";"28-Aug-23";"Unknown";"Others";0;0;"Joseph Bradley";"Aiden Patel";"John Smith";"61-90";"Evening";5
"010619e0-045b-45b5-94ef-dbf6b8b9f976";"Inbound";"Order Related";"Delayed";"";"c0e42912-b71b-4b0c-8242-54e5ac460da4";"01/08/2023 04:30";"09/08/2023 20:48";"09/08/2023 20:52";"09-Aug-23";"GORAKHPUR";"Home";179;0;"Monique Graham";"Elijah Yamaguchi";"Michael Lee";">90";"Afternoon";5
"0106cc96-4142-4510-ad8f-9c5b439615b7";"Outcall";"Order Related";"Customer Requested Modifications";"Happy";"18febc20-a278-4270-b1ac-c3d366772afd";"";"23/08/2023 14:18";"23/08/2023 14:20";"23-Aug-23";"Unknown";"Others";0;0;"Caitlin Johnson";"Evelyn Kimura";"John Smith";"0-30";"Morning";5
"0107689a-e358-4b51-818e-1492a57b3e25";"Inbound";"Order Related";"Priority delivery";"Helping customer with their needs, that they need help ,improvise on the matter and not only give the answers they were tought.";"5427d70e-ae40-4a8b-9f8a-c9e22ce02a9f";"";"29/08/2023 22:35";"29/08/2023 23:13";"29-Aug-23";"Unknown";"Others";0;0;"Stephen Palmer";"Jackson Park";"William Kim";"On Job Training";"Evening";4
"01083641-761b-4e22-8015-81de15a981f4";"Inbound";"Returns";"Reverse Pickup Enquiry";"";"58eee10e-a113-4e46-8e46-4d463b7e8c42";"";"10/08/2023 21:48";"10/08/2023 21:51";"10-Aug-23";"Unknown";"Others";0;0;"Lindsey Smith";"Nathan Patel";"John Smith";">90";"Afternoon";5
"01084c03-b9ca-49bd-b60d-9f1daff67c19";"Inbound";"Returns";"Return request";"Good";"38907595-9265-4d6a-b504-6129ece89584";"";"26/08/2023 18:08";"26/08/2023 18:09";"26-Aug-23";"Unknown";"Others";0;0;"Chad Wells";"Evelyn Kimura";"Jennifer Nguyen";"On Job Training";"Morning";4
"01094a23-19e5-49a2-98bd-6af1eb01d0d3";"Inbound";"Product Queries";"Product Specific Information";"";"dd85dda7-52db-4e53-a3dd-107e562a3ea0";"";"17/08/2023 07:06";"17/08/2023 09:18";"17-Aug-23";"Unknown";"Others";0;0;"Joshua Greene";"Scarlett Chen";"John Smith";"0-30";"Morning";5
"010b2044-3399-44ea-bcd4-ec981e011775";"Inbound";"Returns";"Reverse Pickup Enquiry";"Thanks for helping";"30705275-b505-4f2a-91cf-28e3bbed2504";"";"24/08/2023 11:56";"24/08/2023 11:58";"24-Aug-23";"Unknown";"Others";0;0;"Michelle Whitehead";"Carter Park";"Jennifer Nguyen";"On Job Training";"Evening";5
"0110e6c1-3eed-4f70-9018-d3a1ab2ab9f8";"Inbound";"Returns";"Return request";"";"58135604-294b-4e4e-b1e0-2075d76b3d5d";"04/08/2023 01:27";"11/08/2023 15:34";"11/08/2023 15:40";"11-Aug-23";"BOKARO";"Electronics";1299;0;"Steven Wall";"Zoe Yamamoto";"Emily Chen";">90";"Afternoon";4
"0111e87b-2d47-4e08-a628-ae18e2962caa";"Inbound";"Returns";"Service Center - Service Denial";"";"87eac4f6-aea5-4325-9301-89ba56bf7ba0";"";"24/08/2023 12:13";"24/08/2023 12:18";"24-Aug-23";"Unknown";"Others";0;0;"Jose Jordan";"Olivia Suzuki";"John Smith";"31-60";"Morning";5
"01125cb6-1279-4ae5-8ab1-ce5b3f1efac8";"Outcall";"Order Related";"Installation/demo";"";"6026eda8-452b-442f-8b25-522e43c31306";"22/09/2022 12:08";"11/08/2023 19:31";"11/08/2023 19:32";"11-Aug-23";"CHITRAKOOT";"Electronics";1599;0;"Brian Williams";"Olivia Suzuki";"Jennifer Nguyen";"On Job Training";"Evening";5
"011325fa-9e86-4353-8e7a-7a497b6168ba";"Inbound";"Cancellation";"Not Needed";"";"d1c4e1f2-c2f5-4d36-8531-7ec6957b29d4";"";"28/08/2023 06:27";"28/08/2023 00:00";"28-Aug-23";"Unknown";"Others";0;0;"William Little MD";"Evelyn Kimura";"John Smith";"0-30";"Morning";1
"01140c42-9ac9-4eea-bf8a-b4fbe19f8b75";"Inbound";"Returns";"Fraudulent User";"";"085a8a20-68b1-4e9d-bd45-a810c5854b76";"";"10/08/2023 20:16";"10/08/2023 21:16";"10-Aug-23";"Unknown";"Others";0;0;"Bruce Smith";"Elijah Yamaguchi";"Michael Lee";"61-90";"Afternoon";5
"0114ec74-96d5-44c5-ae30-990ef6bf2db6";"Inbound";"Returns";"Exchange / Replacement";"";"61d4abdc-8289-4786-b226-7720db464cce";"19/07/2023 00:28";"07/08/2023 23:44";"08/08/2023 00:16";"08-Aug-23";"BANGALORE";"Mobile";25999;0;"Alexander Saunders";"Noah Patel";"Michael Lee";"31-60";"Night";4
"0115fef7-8fb7-4483-bde1-a3c54f7285c2";"Inbound";"Returns";"Return request";"";"018748e4-5b67-4d38-9ad8-39d05a64e816";"";"25/08/2023 14:55";"25/08/2023 15:03";"25-Aug-23";"Unknown";"Others";0;0;"Carmen Lyons";"Ava Wong";"Jennifer Nguyen";"On Job Training";"Morning";5
"0116066f-ad99-4590-af02-2140adeab99f";"Inbound";"Returns";"Return request";"";"182d4a6f-6c08-4f75-9228-f4d83371f19f";"";"07/08/2023 12:59";"07/08/2023 13:00";"07-Aug-23";"Unknown";"Others";0;0;"Juan Moore";"Mason Gupta";"Jennifer Nguyen";"On Job Training";"Morning";5
"011627e3-4d33-4e36-9f90-5e1470c5bed4";"Inbound";"Returns";"Wrong";"";"64721406-76c0-48d3-bd7d-b3fc119137e4";"";"05/08/2023 20:28";"05/08/2023 20:49";"05-Aug-23";"Unknown";"Others";0;0;"Benjamin Gomez";"Elijah Yamaguchi";"John Smith";"61-90";"Evening";5
"0116bef8-9bf1-4345-b58e-3814b6298c24";"Inbound";"Refund Related";"Refund Enquiry";"";"6b320c4d-bc7c-42ec-a4bd-4a1e40b10363";"";"10/08/2023 20:08";"10/08/2023 20:13";"10-Aug-23";"Unknown";"Others";0;0;"Angelica Williams";"Ava Wong";"William Kim";"On Job Training";"Evening";4
"011af682-e181-4d29-890a-72430a78f5c3";"Inbound";"Refund Related";"Refund Related Issues";"????????";"b20c5241-473c-4dcc-b84d-0c46b1e840a1";"";"18/08/2023 09:21";"18/08/2023 09:24";"18-Aug-23";"Unknown";"Others";0;0;"William Carey DVM";"William Park";"John Smith";"61-90";"Evening";5
"011bd0b3-66a5-48a7-8ee2-0192ee282fc1";"Inbound";"Order Related";"Delayed";"";"861b1565-658b-4d65-8d31-b45f70420a39";"";"09/08/2023 22:40";"09/08/2023 22:48";"09-Aug-23";"Unknown";"Others";0;0;"Theresa Wilson";"Emma Park";"John Smith";"31-60";"Afternoon";5
"011eb769-cef7-4d1e-9c47-0ef14c42cde9";"Inbound";"Returns";"Reverse Pickup Enquiry";"";"9a954333-f3b1-4840-bdcc-5cdf780cb33c";"";"17/08/2023 12:04";"17/08/2023 12:04";"17-Aug-23";"Unknown";"Others";0;0;"Elizabeth Lara";"Dylan Kim";"Michael Lee";">90";"Morning";5
"011f0c1d-48d2-4a5d-afde-30c3d87bb24b";"Outcall";"Shopzilla Related";"General Enquiry";"";"eaa59520-bdd6-4128-9ac2-01cc7480f0b6";"";"26/08/2023 17:39";"26/08/2023 17:46";"26-Aug-23";"Unknown";"Others";0;0;"Joshua Franklin";"Mia Patel";"Emily Chen";"0-30";"Evening";5
"011f8b38-db5d-4bfe-9a73-b2d96ee9d18d";"Inbound";"Returns";"Reverse Pickup Enquiry";"Very good behavior";"";"";"16/08/2023 22:34";"16/08/2023 22:36";"16-Aug-23";"Unknown";"Others";0;0;"Jessica Henderson";"Wyatt Kim";"Michael Lee";"31-60";"Evening";5
"011fc2b9-0371-4a48-8bcb-6987548248ec";"Outcall";"Returns";"Return request";"";"415b9fbd-50a8-401f-8ab4-f276a877afd6";"";"25/08/2023 13:18";"25/08/2023 13:45";"25-Aug-23";"Unknown";"Others";0;0;"Richard Reyes";"Olivia Suzuki";"Olivia Tan";"On Job Training";"Morning";5
"0120591b-18d3-4e92-a556-63efbfef907f";"Outcall";"Returns";"Fraudulent User";"Don't cut calls after putting on hold";"";"";"13/08/2023 17:56";"13/08/2023 17:58";"13-Aug-23";"Unknown";"Others";0;0;"James Mcgee";"Madison Kim";"John Smith";">90";"Morning";4
"01206535-9ea0-47a8-9950-48c872e2a273";"Inbound";"Returns";"Reverse Pickup Enquiry";"";"66de0621-19ab-44f8-8300-0c398112147c";"";"21/08/2023 07:41";"21/08/2023 07:42";"21-Aug-23";"Unknown";"Others";0;0;"Bethany Lee";"Olivia Suzuki";"John Smith";"31-60";"Morning";5
"01212b71-6e18-4383-89c8-3e932449e077";"Inbound";"Returns";"Reverse Pickup Enquiry";"Thanks";"fff907a3-5c64-45b2-9bfb-79143c356f47";"05/08/2023 17:09";"19/08/2023 11:23";"19/08/2023 15:16";"19-Aug-23";"FAIZABAD";"LifeStyle";581;0;"John Jones";"Aiden Patel";"John Smith";">90";"Morning";5
"012204d8-6c62-48d6-aad6-1b80dd698ddb";"Inbound";"Returns";"Reverse Pickup Enquiry";"A polite person.";"b51eab58-0c77-4cda-b586-d98fa05bea72";"05/08/2023 18:26";"11/08/2023 17:44";"11/08/2023 17:46";"11-Aug-23";"ALLAHABAD";"LifeStyle";280;0;"Paul Preston";"Noah Patel";"Michael Lee";"31-60";"Evening";5
"0122d826-d299-4bba-8ef9-d7923e889a38";"Inbound";"Returns";"Technician Visit";"Worst customer service center and frequent disconnecting the callWasted my 15 days for one issue.no manner to talk and no resolution";"";"";"14/08/2023 11:46";"14/08/2023 11:47";"14-Aug-23";"Unknown";"Others";0;0;"Katherine Kirby";"Isabella Wong";"John Smith";">90";"Morning";1
"0122f680-eec3-46e4-bd3c-0928c72a67b8";"Inbound";"Returns";"Reverse Pickup Enquiry";"Hame aap se baat karke achcha";"ae130980-b0b0-47eb-bea8-117a44131fb5";"";"23/08/2023 16:38";"23/08/2023 16:42";"23-Aug-23";"Unknown";"Others";0;0;"Jeffrey Byrd";"Harper Wong";"William Kim";"On Job Training";"Evening";5
"0123570e-bb49-43b7-8deb-2f90e0448a62";"Inbound";"Returns";"Reverse Pickup Enquiry";"";"";"";"13/08/2023 18:34";"13/08/2023 18:59";"13-Aug-23";"Unknown";"Others";0;0;"Samuel Spencer";"Zoe Yamamoto";"John Smith";">90";"Afternoon";4
"0123969a-5186-4207-877e-bc7b5ffb0090";"Inbound";"Product Queries";"Product Specific Information";"";"13abdfbe-9eb1-4ad3-8156-906114ba19b8";"";"07/08/2023 17:55";"10/08/2023 10:47";"10-Aug-23";"Unknown";"Others";0;0;"Lauren Dominguez";"Charlotte Suzuki";"Jennifer Nguyen";"On Job Training";"Evening";1
"0123f4bc-97a3-40bc-9ed6-fd13811c70ad";"Inbound";"Refund Related";"Refund Related Issues";"";"";"";"04/08/2023 21:07";"04/08/2023 22:33";"04-Aug-23";"Unknown";"Others";0;0;"Jessica Kelly";"Landon Tanaka";"Emily Chen";">90";"Split";4
"012461a5-9d9c-4b0b-a047-eb782e459a7f";"Email";"Order Related";"Delayed";"Wrist service from clip  .never ever get delivery on time.and also not provided correct delivery agent number.very disappointed services.";"51e25fd3-02d7-4194-99a2-0ebfb5225926";"04/08/2023 08:28";"07/08/2023 09:16";"07/08/2023 13:25";"07-Aug-23";"PUNE";"Mobile";8499;0;"Natalie Gonzales";"Noah Patel";"Michael Lee";">90";"Morning";1
"01248d94-ed86-4aaa-9127-fdc5b02afe57";"Inbound";"Returns";"Reverse Pickup Enquiry";"";"598af473-0728-4b3a-8086-400595cdf034";"";"24/08/2023 07:55";"24/08/2023 08:00";"24-Aug-23";"Unknown";"Others";0;0;"Natasha Hunter";"Abigail Suzuki";"Jennifer Nguyen";"On Job Training";"Evening";5
"0124b08a-1f0b-4848-ac56-59e48e395103";"Inbound";"Order Related";"Installation/demo";"Very bad";"";"";"16/08/2023 13:38";"16/08/2023 13:48";"16-Aug-23";"Unknown";"Others";0;0;"Anthony Clark";"Austin Johnson";"Michael Lee";"0-30";"Morning";1
"01257b95-db88-488c-a7bb-d7d3ab1d0fea";"Inbound";"Returns";"Reverse Pickup Enquiry";"Worst service";"f05858e1-edfc-4cc7-bd47-59eb2187dbac";"03/08/2023 14:20";"11/08/2023 20:00";"11/08/2023 20:01";"11-Aug-23";"NEW DELHI";"Furniture";9878;0;"Sara Chavez";"Lily Chen";"Michael Lee";"31-60";"Evening";1
"01258a8a-39b4-49a1-aef8-48dfca452153";"Inbound";"Returns";"Return request";"";"521f67ed-4af4-4624-b078-f6e4e5045dcc";"";"25/08/2023 16:34";"25/08/2023 16:35";"25-Aug-23";"Unknown";"Others";0;0;"Stephanie Johnson";"Lucas Singh";"William Kim";"On Job Training";"Morning";5
"0127872c-5658-4f72-8707-3bc44fcc652c";"Inbound";"Order Related";"Order status enquiry";"";"38899873-cfed-43c8-8068-e8bff2118aac";"05/08/2023 14:11";"12/08/2023 08:40";"12/08/2023 08:44";"12-Aug-23";"SURAJPUR";"Electronics";1598;0;"Nicholas Wright";"Ava Wong";"Olivia Tan";">90";"Evening";5
"012831c2-984c-4337-aa03-0a6a70a05815";"Inbound";"Order Related";"Delayed";"no";"ab9d8a05-8e20-45f7-a807-0276d358425c";"21/07/2023 22:15";"01/08/2023 16:15";"01/08/2023 18:09";"01-Aug-23";"BANGALORE";"Books & General merchandise";1325;0;"John Nelson";"Layla Taniguchi";"Emily Chen";">90";"Morning";2
"0129fe77-00db-4c71-92e8-84c8d82ad42f";"Inbound";"Refund Related";"Refund Related Issues";"Good";"867ad730-1dfb-46a8-b562-fc1c6c568544";"";"26/08/2023 18:52";"26/08/2023 18:54";"26-Aug-23";"Unknown";"Others";0;0;"Karen Williams";"Logan Lee";"Emily Chen";"61-90";"Evening";5
"012be622-e7b0-4cea-9e0e-5986680b83bc";"Inbound";"Order Related";"Priority delivery";"";"2875f9a3-51c3-4747-b1f4-9928805aae13";"";"28/08/2023 10:13";"28/08/2023 00:00";"28-Aug-23";"Unknown";"Others";0;0;"Christopher Brown";"Aiden Patel";"Olivia Tan";"On Job Training";"Evening";5
"012c5fb1-b99c-4c27-bc26-c12dfbf6f853";"Inbound";"Returns";"Fraudulent User";"Tq";"bfd37916-7daa-4dec-aa06-6a5678cd68fe";"03/07/2023 13:44";"01/08/2023 10:38";"01/08/2023 10:45";"01-Aug-23";"BANGALORE";"LifeStyle";925;0;"Jennifer Vazquez";"Mason Gupta";"Jennifer Nguyen";"On Job Training";"Morning";5
"012e2020-af76-468b-aa2d-d26ce8823747";"Email";"Refund Related";"Refund Enquiry";"5";"21642d9c-8a34-4681-bb63-520a8b7eab70";"20/08/2023 15:47";"24/08/2023 12:09";"24/08/2023 19:42";"24-Aug-23";"KATIHAR";"Books & General merchandise";232;0;"Sarah Newton";"Zoe Yamamoto";"Olivia Tan";">90";"Morning";5
"012f2a17-fa18-42cd-8378-68ff9fa4a337";"Outcall";"Refund Related";"Refund Enquiry";"sake utna       par";"761f757e-1329-4256-bdfd-0046b0ff7b68";"26/07/2023 10:19";"01/08/2023 14:46";"01/08/2023 14:51";"01-Aug-23";"PATNA";"Electronics";1299;0;"Stacy Singh";"Aiden Patel";"John Smith";">90";"Morning";4
"0130e849-2246-4202-a910-99bd7251e853";"Inbound";"Returns";"Reverse Pickup Enquiry";"all is best but my issue is not resolved";"c950987c-af78-4bbe-9c99-0690097be8a3";"";"29/08/2023 18:35";"30/08/2023 18:31";"30-Aug-23";"Unknown";"Others";0;0;"Charles Huff";"Landon Tanaka";"Emily Chen";">90";"Split";5
"01314c3a-ed71-4b59-971e-21edd5a414ee";"Inbound";"Order Related";"Delayed";"Note good";"0276d346-cafa-4932-9540-d1ce684b530b";"";"02/08/2023 09:54";"02/08/2023 09:57";"02-Aug-23";"Unknown";"Others";0;0;"Jessica Nixon";"Harper Wong";"Emily Chen";">90";"Split";1
"01324f8c-4114-44db-996a-c99d92c0c951";"Inbound";"Order Related";"Delayed";"";"7630cf61-7212-49ae-a06f-f6642df6f50e";"";"05/08/2023 19:46";"05/08/2023 19:48";"05-Aug-23";"Unknown";"Others";0;0;"Catherine Gibson";"Evelyn Kimura";"Jennifer Nguyen";"On Job Training";"Evening";4
"0132bce3-c482-43e1-b288-812585744aa1";"Inbound";"Returns";"Reverse Pickup Enquiry";"";"584f0c05-65b9-4431-8585-404e985f9233";"";"08/08/2023 18:01";"08/08/2023 18:03";"08-Aug-23";"Unknown";"Others";0;0;"Edward Hawkins";"Nathan Patel";"Emily Chen";">90";"Evening";5
"013431f2-37bb-4ee4-adc2-fa04056e6ba8";"Inbound";"Returns";"Reverse Pickup Enquiry";"";"bd761440-ad5f-49c5-9016-615807803129";"19/07/2023 21:36";"18/08/2023 15:38";"18/08/2023 15:46";"18-Aug-23";"PALI";"LifeStyle";449;0;"William Scott";"Evelyn Kimura";"Jennifer Nguyen";"On Job Training";"Evening";4
"01350650-ba7c-4fc4-bb48-8403d77c610e";"Inbound";"Order Related";"Order status enquiry";"Worst experience with customer care executive";"";"";"16/08/2023 10:14";"16/08/2023 18:20";"16-Aug-23";"Unknown";"Others";0;0;"Jeffrey Byrd";"Harper Wong";"William Kim";"On Job Training";"Evening";1
"01354817-ee95-46b8-855d-3b1020152a76";"Inbound";"Order Related";"Invoice request";"";"a105aa2e-1cb7-4225-9186-b4bd3949076e";"";"30/08/2023 09:22";"30/08/2023 09:29";"30-Aug-23";"Unknown";"Others";0;0;"Kathryn Jones";"Ethan Nakamura";"Emily Chen";"0-30";"Evening";4
"0135d4db-0a42-4793-a09c-b16080802ffe";"Inbound";"Order Related";"Installation/demo";"";"34bb6b90-8ad7-49aa-a1e6-bc788ff9a757";"";"08/08/2023 16:41";"08/08/2023 18:49";"08-Aug-23";"Unknown";"Others";0;0;"Kelly Moore DDS";"Isabella Wong";"Emily Chen";">90";"Evening";3
"0136687d-8efb-42ac-bd4c-bdd41d11bb93";"Inbound";"Refund Related";"Refund Related Issues";"??????";"1e1febc2-44f8-40a5-b5f4-e3c6a6e8051f";"06/08/2023 16:05";"11/08/2023 05:38";"11/08/2023 05:41";"11-Aug-23";"DALTONGANJ";"Mobile";10999;0;"Matthew Wolf";"Noah Patel";"Michael Lee";">90";"Morning";5
"0136947e-cadc-4954-b830-71bfa3ba4d64";"Inbound";"Returns";"Missing";"Very good";"";"";"13/08/2023 18:13";"13/08/2023 18:15";"13-Aug-23";"Unknown";"Others";0;0;"Kelsey Richardson";"Madison Kim";"Emily Chen";">90";"Split";5
"0136b708-00ec-4da9-8c6d-3942d6e0643f";"Inbound";"Returns";"Wrong";"";"197ff8c3-a271-4b86-98a9-47d1414b8cce";"17/07/2023 20:39";"07/08/2023 13:26";"08/08/2023 00:32";"08-Aug-23";"AURANGABAD";"LifeStyle";2243;0;"Sheila Collins";"Scarlett Chen";"John Smith";"0-30";"Morning";1
"01377092-3a30-4b22-b51d-9555d26e3959";"Inbound";"Returns";"Fraudulent User";"";"ff10bef3-b449-4c19-a679-02697e743427";"";"31/08/2023 14:53";"31/08/2023 15:08";"31-Aug-23";"Unknown";"Others";0;0;"Alexis Parrish DVM";"Jacob Sato";"Jennifer Nguyen";"On Job Training";"Morning";5
"013852dc-97b7-4dfc-9104-68bba81fa768";"Inbound";"Order Related";"Order status enquiry";"Very good";"9e8a1155-6877-49bf-a5b3-4ec2d7a2c640";"";"10/08/2023 11:53";"10/08/2023 11:54";"10-Aug-23";"Unknown";"Others";0;0;"Michele Roberts";"Abigail Suzuki";"Jennifer Nguyen";"On Job Training";"Morning";5
"0138f2f9-0086-43af-b154-8ace04eef615";"Inbound";"Returns";"Missing";"Very good";"0dd166b4-462d-4a82-b8a2-9a02849e9122";"";"05/08/2023 22:40";"05/08/2023 22:42";"05-Aug-23";"Unknown";"Others";0;0;"Paul Preston";"Noah Patel";"Michael Lee";"31-60";"Evening";5
"01390a7e-d4f8-47b8-b5ac-6b940d5a13f6";"Inbound";"Order Related";"Order status enquiry";"I like this one";"5993165a-02ad-487b-a2ac-b20b49c0a9bd";"";"02/08/2023 20:09";"02/08/2023 20:10";"02-Aug-23";"Unknown";"Others";0;0;"Christopher Jones";"Evelyn Kimura";"Jennifer Nguyen";"On Job Training";"Evening";5
"01391d8e-c7ad-4f7f-9d37-b8d80c2dfb60";"Outcall";"Returns";"Reverse Pickup Enquiry";"";"8e4276b7-0365-4299-8e67-b489a359dbe3";"";"19/08/2023 18:52";"19/08/2023 23:10";"19-Aug-23";"Unknown";"Others";0;0;"Debra Brown";"Zoe Yamamoto";"John Smith";">90";"Morning";4
"013cc909-c1b6-4a13-b2cf-5af903189a73";"Inbound";"Returns";"Return request";"Good";"";"";"03/08/2023 13:21";"03/08/2023 13:22";"03-Aug-23";"Unknown";"Others";0;0;"Jordan Wilson";"Abigail Suzuki";"Jennifer Nguyen";"On Job Training";"Morning";5
"013f1235-56e5-4336-b573-e3f56a459bec";"Inbound";"Order Related";"Order status enquiry";"";"ac6646bd-25d5-48b4-882a-4be48c4bf965";"";"06/08/2023 13:12";"06/08/2023 13:15";"06-Aug-23";"Unknown";"Others";0;0;"Andrew Davis";"Aiden Patel";"John Smith";">90";"Morning";4
"013f8c43-d289-4a2c-a3bf-9d8dae319abb";"Inbound";"Refund Related";"Refund Enquiry";"";"23f61111-f0e3-49a0-a4cf-43f62dc697a1";"";"30/08/2023 09:10";"30/08/2023 12:44";"30-Aug-23";"Unknown";"Others";0;0;"James Chung";"Oliver Nguyen";"John Smith";">90";"Morning";5
"01405c93-87fd-4453-83b1-532ff2bd6e75";"Email";"Order Related";"Delayed";"Such poor folks I ever dealt with. No seriousness. Damn good at saying sorry and pls understand. Not useful at all with providing solution or adequate reasons";"";"";"16/08/2023 20:26";"16/08/2023 20:31";"16-Aug-23";"Unknown";"Others";0;0;"Charles Morales";"Zoe Yamamoto";"John Smith";">90";"Morning";1
"01413f9c-8392-49c8-9769-2e6543f98ef0";"Outcall";"Returns";"Reverse Pickup Enquiry";"Change my wrong product";"e0e3c333-374d-4d51-8a0d-c1871370f797";"15/07/2023 09:29";"08/08/2023 00:07";"08/08/2023 00:26";"08-Aug-23";"VARANASI";"LifeStyle";132;0;"Andrea Suarez";"Ethan Tan";"Michael Lee";">90";"Evening";1
"01424f37-cbd2-49dd-b39f-b9c7f60c9251";"Outcall";"Product Queries";"Product Specific Information";"Thanks...";"937e90ca-802e-4e6a-aa34-95e51a5780bb";"";"23/08/2023 13:22";"23/08/2023 13:28";"23-Aug-23";"Unknown";"Others";0;0;"David Perez";"Lily Chen";"Michael Lee";">90";"Evening";5
"01426514-f345-4065-8936-1e6f5b705a66";"Outcall";"Order Related";"Delayed";"";"599c278a-2f5a-448a-84ee-fe11eb9c908e";"26/07/2023 20:17";"02/08/2023 19:57";"02/08/2023 20:01";"02-Aug-23";"RUDRA PRAYAG";"Books & General merchandise";349;0;"Kristin Adams";"Zoe Yamamoto";"John Smith";"31-60";"Afternoon";5
"0143291c-ceb9-406b-8084-8b1e4a5cff5f";"Inbound";"Returns";"Service Centres Related";"Good ??";"4c2d084f-8a52-4bb7-8d89-ae059f95cbbd";"";"17/08/2023 14:31";"17/08/2023 14:34";"17-Aug-23";"Unknown";"Others";0;0;"Kimberly Rogers";"Scarlett Chen";"John Smith";"0-30";"Morning";5
"01433f9a-a57f-4641-9a7d-2da4d7128834";"Inbound";"Returns";"Reverse Pickup Enquiry";"";"";"";"03/08/2023 20:18";"03/08/2023 20:32";"03-Aug-23";"Unknown";"Others";0;0;"Stephen Morris";"Wyatt Kim";"Michael Lee";">90";"Evening";5
"0143db2a-e59a-4106-ba4d-9836c6b808ec";"Inbound";"Returns";"Reverse Pickup Enquiry";"";"";"";"12/08/2023 09:47";"12/08/2023 09:49";"12-Aug-23";"Unknown";"Others";0;0;"Sean Williams";"Mason Gupta";"Jennifer Nguyen";"On Job Training";"Morning";5
"01452a6b-b80c-42b0-aa7b-585cc078089c";"Inbound";"Order Related";"Priority delivery";"";"15147602-59d3-4430-be01-69a99b8a775f";"";"02/08/2023 19:20";"02/08/2023 21:09";"02-Aug-23";"Unknown";"Others";0;0;"Angela Reid";"Carter Park";"Jennifer Nguyen";"On Job Training";"Evening";5
"01459b46-9426-45da-9d3b-74b2889593b1";"Inbound";"Returns";"Reverse Pickup Enquiry";"";"15ffaf40-ae48-4388-879d-237251b2b53f";"08/08/2023 10:21";"28/08/2023 14:44";"29/08/2023 18:48";"29-Aug-23";"NARWANA";"LifeStyle";697;0;"Monica Edwards";"Harper Wong";"Emily Chen";">90";"Afternoon";5
"0145dc2c-9ccd-45f1-8a82-a78d18819c63";"Inbound";"Returns";"Return request";"";"0c80deec-604f-42b5-b6b3-06304789ff85";"";"17/08/2023 12:04";"17/08/2023 12:26";"17-Aug-23";"Unknown";"Others";0;0;"Ms. Karen Moore";"Evelyn Kimura";"John Smith";"0-30";"Morning";5
"014624aa-99a0-4bd6-bde8-48e341d8b0ea";"Inbound";"Returns";"Reverse Pickup Enquiry";"????? ??????? ?? ?????? ???? ???? ?????";"7ec06f7e-6acb-4484-84b5-7fe8afb0b068";"";"24/08/2023 19:29";"24/08/2023 19:29";"24-Aug-23";"Unknown";"Others";0;0;"Aaron Edwards";"Mia Patel";"Emily Chen";"61-90";"Evening";4
"0146ae8d-6cc3-4aa1-b434-b4258150106a";"Inbound";"Cancellation";"Not Needed";"Wow";"6388d98e-4a29-44ae-9d3f-db3a2b4ac84a";"";"28/08/2023 18:17";"28/08/2023 00:00";"28-Aug-23";"Unknown";"Others";0;0;"Andrea Wilkerson";"Charlotte Suzuki";"Jennifer Nguyen";"On Job Training";"Evening";5
"01470305-4e9f-41fe-901e-d0f3bcb51a27";"Inbound";"Order Related";"Order status enquiry";"";"4be80b54-7eac-4015-92e1-a4c2b06a03fc";"";"23/08/2023 12:06";"23/08/2023 12:09";"23-Aug-23";"Unknown";"Others";0;0;"Mark Hickman";"Zoe Yamamoto";"William Kim";"On Job Training";"Morning";5
"014800cc-433f-4d43-9ec6-2349f14b96b6";"Inbound";"Feedback";"UnProfessional Behaviour";"";"f3b53908-2ee3-4413-aa9d-85c0ffd57e39";"";"23/08/2023 18:47";"23/08/2023 18:53";"23-Aug-23";"Unknown";"Others";0;0;"Alexa Mcpherson";"Brayden Wong";"John Smith";">90";"Evening";5
"014826b8-cb14-4324-be29-2c49c2642b3e";"Outcall";"Order Related";"Order status enquiry";"";"cc523369-216f-420f-96eb-2229d8ce6aa0";"";"05/08/2023 11:10";"05/08/2023 11:45";"05-Aug-23";"Unknown";"Others";0;0;"Sarah Taylor";"Carter Park";"Jennifer Nguyen";"On Job Training";"Morning";4
"0148359e-a3e4-4f53-ad25-080a047a8c71";"Inbound";"Order Related";"Order status enquiry";"";"8ee98f89-0f83-4e31-930f-411d280381f6";"";"25/08/2023 16:33";"25/08/2023 16:33";"25-Aug-23";"Unknown";"Others";0;0;"Kathy Price";"Mason Gupta";"Jennifer Nguyen";"On Job Training";"Morning";5
"0149cb25-088f-4223-814a-e0486b67bf48";"Inbound";"Returns";"Missing";"";"f5ed3137-5526-4953-b26e-87f80bb4b1f0";"";"21/08/2023 13:25";"21/08/2023 13:28";"21-Aug-23";"Unknown";"Others";0;0;"Joseph Padilla";"Madison Kim";"Michael Lee";"31-60";"Evening";4
"014a043a-b526-414e-a16c-f83c48e0a54d";"Outcall";"Returns";"Service Centres Related";"";"ce6bc92b-ac26-4e6f-9f9b-9a8526b210c5";"02/08/2023 18:12";"08/08/2023 11:43";"08/08/2023 15:51";"08-Aug-23";"BANGALORE";"Home Appliences";1599;0;"Timothy Scott";"Zoe Yamamoto";"William Kim";"On Job Training";"Morning";4
"014ad9c9-0e2d-453e-ac28-3d47aa2011bb";"Inbound";"Order Related";"Installation/demo";"Issue not resolved";"ae4196c8-d3f1-4d79-bfa0-8c330e1a4cc6";"";"18/08/2023 09:45";"18/08/2023 11:37";"18-Aug-23";"Unknown";"Others";0;0;"Meghan Holmes";"Olivia Suzuki";"Jennifer Nguyen";"On Job Training";"Evening";5
"014adb13-ed3a-4ce7-a698-92e8669dc53b";"Inbound";"Shopzilla Related";"General Enquiry";"Coustomer support executive very helpful and resolve my problem";"a26d8d70-6ae4-4cf8-8121-ad050cccb058";"";"31/08/2023 08:14";"31/08/2023 08:19";"31-Aug-23";"Unknown";"Others";0;0;"William Little MD";"Evelyn Kimura";"John Smith";"0-30";"Morning";5
"014c5495-5cda-4767-9255-f2fbdc53efb6";"Inbound";"Offers & Cashback";"Affiliate Offers";"";"df124f16-a510-4b9c-bad8-488eeb2e098d";"07/07/2023 11:36";"11/08/2023 19:18";"11/08/2023 19:32";"11-Aug-23";"LANKA";"Mobile";23999;0;"Ashley Espinoza";"Aiden Patel";"John Smith";"61-90";"Evening";4
"014ce23a-b58c-4320-b21c-530ef609f82e";"Inbound";"Order Related";"General Enquiry";"";"e45b4bae-4620-472b-b6d2-89e2cb99e028";"29/07/2023 19:00";"02/08/2023 20:30";"02/08/2023 20:31";"02-Aug-23";"BARIPARA";"Electronics";1233;0;"Gina Henderson";"Olivia Wang";"Emily Chen";"31-60";"Evening";1
"014d3650-9c38-4b4d-89db-b97887d6c98b";"Inbound";"Returns";"Return request";"";"7d44bfec-6bde-4963-a81a-2a84344e8050";"07/08/2023 11:19";"11/08/2023 08:35";"11/08/2023 17:49";"11-Aug-23";"QUILANDY";"Electronics";999;0;"Anna Brown";"Abigail Suzuki";"Jennifer Nguyen";"On Job Training";"Evening";4
"014dceb6-9871-43c9-b838-6b25bf91d11e";"Outcall";"Order Related";"Invoice request";"";"";"";"27/08/2023 13:21";"27/08/2023 13:27";"27-Aug-23";"Unknown";"Others";0;0;"Brianna Wolf";"Mia Patel";"John Smith";">90";"Morning";5
"014dea84-5445-4371-99d2-53fbbd0e12c8";"Inbound";"Returns";"Reverse Pickup Enquiry";"";"069ba768-07c6-41fe-a807-aa2f6f63e7db";"";"08/08/2023 21:17";"08/08/2023 21:26";"08-Aug-23";"Unknown";"Others";0;0;"Kathy Weber";"Emma Park";"Jennifer Nguyen";"On Job Training";"Evening";5
"01500127-380b-4bfd-9aff-84f9a3f8a05c";"Inbound";"Returns";"Reverse Pickup Enquiry";"";"";"";"16/08/2023 14:57";"16/08/2023 15:04";"16-Aug-23";"Unknown";"Others";0;0;"Anita Roberts";"Mia Patel";"Emily Chen";"0-30";"Evening";1
"0150c9b8-5ab3-4aa7-b733-b5436856882d";"Inbound";"Returns";"Missing";"";"724474d9-1596-4ef4-980e-ba9e8904ba44";"";"25/08/2023 14:36";"25/08/2023 14:39";"25-Aug-23";"Unknown";"Others";0;0;"Norma Davis";"Aiden Patel";"John Smith";">90";"Morning";4
"0150ecd5-bf6d-4134-bc58-1075d2e2b1a4";"Inbound";"Order Related";"Installation/demo";"resolved you coustomer problem ASAP";"98328b57-d952-4fd5-a393-99893a0afd18";"";"09/08/2023 12:46";"09/08/2023 12:51";"09-Aug-23";"Unknown";"Others";0;0;"John Jones";"Aiden Patel";"John Smith";">90";"Morning";4
"0151773a-f9f0-48c1-9f32-8b1bb3d6569e";"Inbound";"Product Queries";"Product Specific Information";"";"";"";"16/08/2023 10:13";"16/08/2023 10:16";"16-Aug-23";"Unknown";"Others";0;0;"Sarah Henderson";"Ava Wong";"Jennifer Nguyen";"On Job Training";"Morning";5
"01529101-d6f4-4f38-8e46-42acaa9a154c";"Inbound";"Shopzilla Related";"General Enquiry";"";"";"";"11/08/2023 10:33";"11/08/2023 10:40";"11-Aug-23";"Unknown";"Others";0;0;"Devon Daniel";"Olivia Wang";"Olivia Tan";"0-30";"Afternoon";3
"015305e6-875c-4ffc-b26b-5f09fed8c7b7";"Inbound";"Returns";"Wrong";"";"3f21aa84-2307-464a-a4d0-3ba3dddf27dd";"19/07/2023 20:30";"03/08/2023 05:52";"03/08/2023 08:39";"03-Aug-23";"SURAT";"Electronics";1399;0;"Kenneth Martin";"Aiden Patel";"John Smith";"31-60";"Morning";5
"015445de-7fa2-409c-ad33-69ace959a7b1";"Inbound";"Feedback";"UnProfessional Behaviour";"";"876d886d-bb5e-4aef-ac40-9c6ac251f5a9";"";"08/08/2023 20:28";"08/08/2023 20:35";"08-Aug-23";"Unknown";"Others";0;0;"Joshua Rodriguez";"Jackson Park";"William Kim";"On Job Training";"Evening";5
"01546de6-a84b-4b6e-a3d3-966c5faa7cdc";"Inbound";"Payments related";"Online Payment Issues";"Everything was good";"edbe18b7-7acf-45c8-9012-57c76305fe3b";"";"29/08/2023 22:23";"29/08/2023 22:25";"29-Aug-23";"Unknown";"Others";0;0;"Edwin Wilson";"Ethan Tan";"Michael Lee";">90";"Evening";5
"0155a84c-86c1-4e63-bb75-50c041b2e1bc";"Inbound";"Cancellation";"Not Needed";"";"df7b3fc1-df21-46b8-bde6-dd351012d808";"";"06/08/2023 00:50";"06/08/2023 02:07";"06-Aug-23";"Unknown";"Others";0;0;"Terry Young";"Madison Kim";"Michael Lee";"31-60";"Evening";1
"0156eba1-8603-4ee9-88aa-9290a23c5e0f";"Inbound";"Returns";"Reverse Pickup Enquiry";"";"";"";"15/08/2023 14:54";"15/08/2023 15:38";"15-Aug-23";"Unknown";"Others";0;0;"Nathan Wilson";"Mia Patel";"John Smith";">90";"Morning";5
"015755a0-9109-4a16-b382-41c519c587f7";"Inbound";"Returns";"Missing";"Good";"36712006-25be-4139-bf89-4b4453207733";"";"29/08/2023 15:37";"29/08/2023 15:44";"29-Aug-23";"Unknown";"Others";0;0;"Brian Pugh";"Emily Yamashita";"William Kim";"On Job Training";"Evening";5
"01588a40-706f-49cc-ad93-f784e475a5e2";"Inbound";"Returns";"Reverse Pickup Enquiry";"";"e5dd375f-81e1-45c6-b1b7-1a32b648264b";"";"02/08/2023 20:49";"02/08/2023 20:55";"02-Aug-23";"Unknown";"Others";0;0;"Allen Bowers";"Olivia Wang";"John Smith";">90";"Evening";5
"0159370e-2abe-4869-81b3-a9379921fe85";"Inbound";"Product Queries";"Product Specific Information";"";"";"";"11/08/2023 21:11";"11/08/2023 21:12";"11-Aug-23";"Unknown";"Others";0;0;"James Blackwell";"Jackson Park";"William Kim";"On Job Training";"Evening";5
"015c1e2b-a1e8-40e5-afcd-6d1fe47f0c09";"Inbound";"Returns";"Reverse Pickup Enquiry";"Time efforts is high ..to resolve an issue";"806eaabc-5078-4063-bf1d-21ba83cebd44";"";"17/08/2023 10:12";"17/08/2023 10:15";"17-Aug-23";"Unknown";"Others";0;0;"Shannon Hicks";"Aiden Patel";"Olivia Tan";">90";"Morning";4
"015c5138-f7fa-4a9d-8959-592f4bb93d64";"Outcall";"Returns";"Reverse Pickup Enquiry";"Shopzilla  ki return policy bahut cheap";"76cf01bf-d7d3-44fe-baa4-9a4745e355b2";"";"28/08/2023 12:21";"28/08/2023 00:00";"28-Aug-23";"Unknown";"Others";0;0;"Jeffrey Byrd";"Harper Wong";"William Kim";"On Job Training";"Evening";1
"015c7483-b565-49f1-bd42-5c545e8da520";"Inbound";"Returns";"Missing";"Good response thank you";"c0549902-e0f7-42a7-8de9-40d485eed2a3";"03/08/2023 08:02";"12/08/2023 12:39";"12/08/2023 12:41";"12-Aug-23";"CHITTOOR";"LifeStyle";379;0;"Kathryn Vasquez";"Noah Patel";"Michael Lee";">90";"Morning";5
"015e2aac-1966-4193-a285-b4cbedf4c0c5";"Inbound";"Order Related";"Installation/demo";"Product is vary bad";"";"";"12/08/2023 16:28";"12/08/2023 16:31";"12-Aug-23";"Unknown";"Others";0;0;"Ryan Bishop III";"Evelyn Kimura";"Jennifer Nguyen";"On Job Training";"Evening";5
"015e8d62-3a0f-422c-a97d-5940ed18fd08";"Inbound";"Returns";"Reverse Pickup Enquiry";"";"";"";"03/08/2023 12:29";"03/08/2023 12:33";"03-Aug-23";"Unknown";"Others";0;0;"Melissa Castillo";"Elijah Yamaguchi";"Michael Lee";">90";"Night";5
"015f8f53-296f-4d31-8514-f303e61ebfc6";"Outcall";"Returns";"Reverse Pickup Enquiry";"";"bdcaeffd-d8da-4149-86d5-b5ea88ef954c";"";"26/08/2023 18:05";"26/08/2023 18:31";"26-Aug-23";"Unknown";"Others";0;0;"James Barr";"Olivia Suzuki";"Olivia Tan";"On Job Training";"Morning";4
"015fd1c7-059a-4c19-9e03-a24421d7e86e";"Outcall";"Returns";"Reverse Pickup Enquiry";"";"8b9bd9ea-2897-48d1-9318-9d12f20ce029";"";"02/08/2023 18:07";"02/08/2023 18:09";"02-Aug-23";"Unknown";"Others";0;0;"Brittany Nunez";"Emily Yamashita";"John Smith";"61-90";"Evening";5
"01600fc5-64ac-4bed-9816-6ccd081bcb82";"Inbound";"Returns";"Reverse Pickup Enquiry";"";"431075cd-c38a-4afe-bbe8-5c6a80f34468";"";"01/08/2023 17:22";"01/08/2023 17:44";"01-Aug-23";"Unknown";"Others";0;0;"Daniel Woods";"Logan Lee";"Emily Chen";"61-90";"Evening";1
"01604829-2c6b-4982-bc8e-9aa52bef0187";"Inbound";"Returns";"Reverse Pickup Enquiry";"";"48af3af5-84a3-498b-a89a-4326f93c79a0";"";"06/08/2023 17:33";"06/08/2023 17:33";"06-Aug-23";"Unknown";"Others";0;0;"Shannon Reyes";"Ava Wong";"William Kim";"On Job Training";"Evening";5
"0160cc0d-7737-45ef-9cca-df40cda58a62";"Inbound";"Order Related";"Delayed";"";"";"";"03/08/2023 22:59";"03/08/2023 23:01";"03-Aug-23";"Unknown";"Others";0;0;"Corey Gibson";"Alexander Tanaka";"Michael Lee";"0-30";"Evening";4
"01617be4-b51a-48f7-8d68-411424933f6a";"Inbound";"Feedback";"UnProfessional Behaviour";"";"ecd98195-95ac-4708-a4a4-4065ffd1212d";"26/07/2023 22:41";"08/08/2023 16:48";"08/08/2023 16:55";"08-Aug-23";"CUTTACK";"LifeStyle";395;0;"Brandy Shea";"Carter Park";"Michael Lee";">90";"Evening";1
"01650bcc-367a-499c-a5bf-ccbb0da7dd4a";"Inbound";"Returns";"Reverse Pickup Enquiry";"I am not fully satisfied with the the Shopzilla team mouth words because I want proper result practically from 1 month they are helping with only words no physical attemp they have make till date";"18e73983-972d-4a11-8ae6-21ffabdaff87";"";"10/08/2023 00:41";"10/08/2023 12:27";"10-Aug-23";"Unknown";"Others";0;0;"Amy Gonzalez";"Logan Lee";"Emily Chen";"61-90";"Evening";5
"0165cd8d-93b7-4ca7-869c-28667f87c87b";"Inbound";"Returns";"Return request";"";"5557f5e0-c546-4a55-9e8b-0cc21933f6fe";"";"21/08/2023 20:52";"21/08/2023 20:53";"21-Aug-23";"Unknown";"Others";0;0;"Christopher Dean";"Aiden Patel";"Olivia Tan";"On Job Training";"Evening";5
"0165e3e0-148e-4bb6-9a0a-f433c98998c4";"Inbound";"Order Related";"Delayed";"";"2314a577-0439-434a-a416-b7ced1c88b44";"22/08/2023 12:45";"31/08/2023 12:54";"31/08/2023 12:56";"31-Aug-23";"SHAHJAHANPUR";"Furniture";1299;0;"William Carey DVM";"William Park";"John Smith";"61-90";"Evening";4
"0165fbac-abcf-450a-9974-08b73c39fb82";"Inbound";"Returns";"Fraudulent User";"My according Shopzilla service has been good";"a26a4abf-7a7f-463f-a1c8-1e9fc06c4def";"";"22/08/2023 11:59";"22/08/2023 12:00";"22-Aug-23";"Unknown";"Others";0;0;"Thomas Martin";"Wyatt Kim";"Jennifer Nguyen";"On Job Training";"Morning";5
"01661f6b-1c4a-4bf5-bb83-8df31e9dc87a";"Inbound";"Order Related";"Installation/demo";"";"505e9c4b-8fb2-4df3-a494-b575cc6ef90e";"";"18/08/2023 15:37";"18/08/2023 15:40";"18-Aug-23";"Unknown";"Others";0;0;"Molly Wright";"Mia Patel";"John Smith";">90";"Morning";4
"016625e2-ace8-4088-b105-244e8638fad1";"Inbound";"Order Related";"Delayed";"";"1932254b-0672-49f2-9b88-ba13c579bd1b";"15/08/2023 10:36";"18/08/2023 12:50";"18/08/2023 12:51";"18-Aug-23";"LUCKNOW";"Home Appliences";1399;0;"Mary Powell";"Emma Park";"John Smith";"31-60";"Morning";1
"01678694-a128-475b-9fc8-94590674decb";"Outcall";"Returns";"Return request";"Good";"1c36a0a1-6a8d-4558-beaf-0115c08ddfbe";"";"24/08/2023 20:34";"24/08/2023 20:38";"24-Aug-23";"Unknown";"Others";0;0;"Laura Beck";"Noah Patel";"Emily Chen";">90";"Afternoon";5
"0169492f-afb9-4c8d-ac8b-6af3e9e352fb";"Inbound";"Order Related";"Order status enquiry";"Disgusting service ever";"";"";"13/08/2023 18:15";"13/08/2023 18:16";"13-Aug-23";"Unknown";"Others";0;0;"Russell Ramsey";"Zoe Yamamoto";"Emily Chen";">90";"Afternoon";1
"01698b22-066c-46ca-94a3-de14cb0d1ab0";"Inbound";"Cancellation";"Not Needed";"When I ordered the ps5 it was clearly mentioned on the product page that it was 2 days delivery means it should be deliver in monday 7th august. But now it is showing it will be delivered tomorrow. Why are you showing wrong information on the app??? Shopzilla logistics does not deliver things on time. Thatu2019s why I always preferred shopping on SuperBuy because there deliver the package before the delivery date.";"ef869d50-9864-4ace-9d8f-ea4238b0d25a";"";"07/08/2023 08:29";"07/08/2023 10:40";"07-Aug-23";"Unknown";"Others";0;0;"Robert Cook";"Mia Yamamoto";"Emily Chen";">90";"Evening";3
"0169a30d-4843-4db7-8c21-0d3cbb153d53";"Inbound";"Order Related";"Order status enquiry";"Worst experience from Shopzilla";"e6a0457b-4bde-4031-83dd-b78a3b863491";"23/07/2023 19:13";"03/08/2023 18:16";"03/08/2023 20:29";"03-Aug-23";"MUMBAI";"Mobile";32999;0;"Curtis Diaz";"Nathan Patel";"Jennifer Nguyen";"On Job Training";"Evening";1
"016a13a3-10d5-44f5-8341-d02cb4e547bd";"Inbound";"Returns";"Return request";"Execelent";"";"";"27/08/2023 17:02";"27/08/2023 17:08";"27-Aug-23";"Unknown";"Others";0;0;"Tina Harrington";"Carter Park";"Michael Lee";">90";"Morning";5
"016a1a38-89c4-438e-b43a-4e72f6b5e4d7";"Email";"Returns";"Reverse Pickup Enquiry";"Can't resolve my issue. Worst experience ever";"57cc4b86-6c30-4bf6-8568-efdff8a829d1";"";"21/08/2023 18:03";"21/08/2023 21:57";"21-Aug-23";"Unknown";"Others";0;0;"Nicole Green";"Elijah Yamaguchi";"John Smith";"61-90";"Evening";1
"016afe67-90f3-4a50-b4e3-d0f66978fe92";"Inbound";"Returns";"Reverse Pickup Enquiry";"Customer support service is nice";"";"";"27/08/2023 15:14";"27/08/2023 15:16";"27-Aug-23";"Unknown";"Others";0;0;"Dawn Whitaker";"Austin Johnson";"Michael Lee";"0-30";"Morning";5
"016b127f-54c4-41e1-9ebd-55bfe885d6a8";"Inbound";"Returns";"Reverse Pickup Enquiry";"";"862fcdc4-04fd-46df-ac31-9c38af7523be";"";"25/08/2023 14:54";"25/08/2023 17:14";"25-Aug-23";"Unknown";"Others";0;0;"Carolyn Sullivan";"Brayden Wong";"Michael Lee";">90";"Afternoon";5
"016b208c-7b25-4e50-b2c6-888c3778958c";"Inbound";"Order Related";"Installation/demo";"";"6a0bcec6-c636-47ff-a528-295d2141c7e7";"";"06/08/2023 13:18";"06/08/2023 19:50";"06-Aug-23";"Unknown";"Others";0;0;"Wayne Jimenez";"Isabella Wong";"Emily Chen";">90";"Evening";5
"016b3cd5-5c4b-40af-b206-4badab44b72b";"Inbound";"Order Related";"Invoice request";"";"";"";"03/08/2023 21:11";"03/08/2023 21:19";"03-Aug-23";"Unknown";"Others";0;0;"Katrina Mendoza";"Emma Park";"John Smith";"31-60";"Morning";5
"016be36f-9955-4db9-a69e-badadfa48a5d";"Inbound";"Returns";"Reverse Pickup Enquiry";"";"72d9c49a-ffc1-468e-8dce-c50845d6fc8f";"";"05/08/2023 14:30";"05/08/2023 14:39";"05-Aug-23";"Unknown";"Others";0;0;"Claudia Jones";"Evelyn Kimura";"John Smith";"0-30";"Morning";5
"016bfb11-e350-4519-8f85-d2d6c13806de";"Inbound";"Returns";"Missing";"Good";"6dd5e1f7-0c91-4bb6-bd82-d75494b21964";"";"21/08/2023 22:02";"21/08/2023 22:04";"21-Aug-23";"Unknown";"Others";0;0;"Micheal Wagner";"Aiden Patel";"John Smith";">90";"Evening";5
"016d1a02-9c04-4d1e-b0fa-887e6cecc8e0";"Inbound";"Order Related";"Order status enquiry";"Tnx";"fc62de51-df98-4c7d-810c-fd9b60195381";"";"30/08/2023 12:47";"30/08/2023 12:57";"30-Aug-23";"Unknown";"Others";0;0;"Marvin Rivera";"Carter Park";"Jennifer Nguyen";"On Job Training";"Evening";5
"016ede66-9ead-4cee-9d2e-654139ebb122";"Inbound";"Refund Related";"Refund Enquiry";"";"b8e3e709-c8a7-4137-ac40-290c17fca11d";"";"25/08/2023 23:54";"26/08/2023 00:06";"26-Aug-23";"Unknown";"Others";0;0;"Mrs. Jennifer Stone";"Dylan Kim";"Michael Lee";">90";"Morning";5
"016f891f-b68b-4a9b-a1c3-907f206bca2c";"Inbound";"Returns";"Return request";"";"17903ac1-5b92-4d75-8c96-9a024dae5d6b";"";"20/08/2023 13:33";"20/08/2023 13:35";"20-Aug-23";"Unknown";"Others";0;0;"Jeremy Cooper";"Brayden Wong";"John Smith";">90";"Morning";5
"016f8af3-10e6-4755-9a4f-5d8bd52b8265";"Inbound";"Order Related";"Installation/demo";"no";"86b7892a-033c-4e32-8c0f-3c8f4ede41bb";"16/06/2023 14:05";"28/07/2023 20:42";"01/08/2023 14:57";"01-Aug-23";"JAJPUR ROAD";"Electronics";349;0;"Jessica Acosta";"Ethan Tan";"John Smith";">90";"Morning";5
"016fb8b2-f132-4871-8654-499cf4c62d25";"Email";"Returns";"Service Centres Related";"";"a0102612-7a9c-4438-9d0f-d4889d722a7f";"";"25/08/2023 22:28";"26/08/2023 07:01";"26-Aug-23";"Unknown";"Others";0;0;"Bobby Higgins";"Scarlett Chen";"John Smith";"0-30";"Morning";1
"0172ebab-8583-4d52-95e9-f2e9537f88ff";"Inbound";"Returns";"Fraudulent User";"";"";"";"16/08/2023 10:19";"16/08/2023 23:40";"16-Aug-23";"Unknown";"Others";0;0;"Adam Hammond";"Olivia Suzuki";"John Smith";"31-60";"Morning";5
"0173e3ee-65e3-4276-80f0-949bd9efd730";"Inbound";"Order Related";"Order status enquiry";"";"ad2ebea2-6b20-4d85-8919-412e6e668611";"";"23/08/2023 15:53";"23/08/2023 15:58";"23-Aug-23";"Unknown";"Others";0;0;"Rachel Barnes";"Emma Park";"Jennifer Nguyen";"On Job Training";"Evening";5
"01754262-6fa1-47f7-9c4d-9281147adbc4";"Inbound";"Returns";"Reverse Pickup Enquiry";"Very good maan";"";"";"27/08/2023 07:06";"27/08/2023 07:07";"27-Aug-23";"Unknown";"Others";0;0;"Anthony Diaz";"Elijah Yamaguchi";"Emily Chen";"61-90";"Evening";5
"01759985-8cc8-4b17-9961-298e6813973e";"Inbound";"Order Related";"General Enquiry";"";"6d8bdced-ca61-4f6a-a23e-84a26ac221dc";"";"21/08/2023 12:44";"21/08/2023 12:46";"21-Aug-23";"Unknown";"Others";0;0;"Bradley Lyons";"Alexander Tanaka";"Michael Lee";"0-30";"Evening";5
"0176987e-a426-4958-935b-aace620cce95";"Inbound";"Returns";"Wrong";"";"0ab11cf3-f0bf-4866-9039-0d5bc9d42a00";"16/08/2023 15:19";"21/08/2023 12:50";"21/08/2023 13:11";"21-Aug-23";"NAGAON";"Electronics";4499;0;"Lindsey Colon";"William Park";"John Smith";"31-60";"Morning";5
"0178971e-4e37-4f60-9a2e-c5bcdcc35a85";"Email";"Refund Related";"Refund Enquiry";"";"c8604307-14a0-4b4c-b4b3-0e1b546b1eb1";"";"29/08/2023 16:58";"29/08/2023 17:00";"29-Aug-23";"Unknown";"Others";0;0;"James Padilla";"Brayden Wong";"Jennifer Nguyen";"On Job Training";"Morning";5
"0178c00a-8d5d-4080-8f03-f4e3f80aa721";"Inbound";"Refund Related";"Refund Related Issues";"Good";"51fe125c-0a86-434a-98d4-ecbd125ff30b";"30/07/2023 12:27";"08/08/2023 08:54";"08/08/2023 08:56";"08-Aug-23";"UDAIPUR";"LifeStyle";949;0;"Brett Smith";"Dylan Kim";"Michael Lee";">90";"Morning";5
"01799e55-80ef-4a85-baa6-51171dc60daf";"Inbound";"Order Related";"Invoice request";"";"";"";"27/08/2023 20:08";"27/08/2023 22:48";"27-Aug-23";"Unknown";"Others";0;0;"Charles Huff";"Landon Tanaka";"Emily Chen";">90";"Split";4
"0179c862-561c-4810-8031-4d8d0df47a64";"Inbound";"Returns";"Reverse Pickup Enquiry";"";"";"";"02/08/2023 20:19";"04/08/2023 13:27";"04-Aug-23";"Unknown";"Others";0;0;"Sara Campbell";"Logan Lee";"Emily Chen";"61-90";"Evening";5
"017a239d-74e0-41c7-9e13-ada13955fba6";"Inbound";"Returns";"Product related Issues";"";"c8b49d18-350b-446e-8bb6-920b4544701e";"";"09/08/2023 11:02";"09/08/2023 11:55";"09-Aug-23";"Unknown";"Others";0;0;"Jamie Knapp";"Isabella Wong";"Emily Chen";">90";"Split";5
"017a4fd8-c7e2-4f28-8225-9bcb3661f673";"Outcall";"Returns";"Reverse Pickup Enquiry";"";"";"";"04/08/2023 21:09";"04/08/2023 21:13";"04-Aug-23";"Unknown";"Others";0;0;"Donna Miller";"Logan Lee";"Emily Chen";"61-90";"Evening";5
"017a543a-6d87-45fa-b0da-c4c783b99075";"Outcall";"Returns";"Return request";"";"67444fb0-d51e-4a17-ba71-5d7be41c14d2";"";"09/08/2023 14:48";"09/08/2023 21:39";"09-Aug-23";"Unknown";"Others";0;0;"Kathleen Williams";"Mason Gupta";"Olivia Tan";">90";"Morning";5
"017ac0b9-50f6-4c0f-bab2-e99b43918a8f";"Inbound";"Shopzilla Related";"General Enquiry";"Shopzilla pay later possibleNot available";"d52ec7c0-1531-4bd3-adab-ceac21c97e86";"";"28/08/2023 12:31";"28/08/2023 00:00";"28-Aug-23";"Unknown";"Others";0;0;"Susan Salazar";"Carter Park";"Jennifer Nguyen";"On Job Training";"Evening";5
"017ac827-1e7d-438f-8cf4-c04edaf0135e";"Inbound";"Returns";"Reverse Pickup Enquiry";"";"";"";"04/08/2023 12:15";"04/08/2023 12:23";"04-Aug-23";"Unknown";"Others";0;0;"Brian Wilson PhD";"Emma Park";"John Smith";"31-60";"Morning";5
"017b093c-f4f3-4101-8fd9-f60f439a5c4d";"Inbound";"Shopzilla Related";"General Enquiry";"";"ed016010-e4bb-4b87-b490-6ab1ba7f9fc1";"";"28/08/2023 14:02";"28/08/2023 00:00";"28-Aug-23";"Unknown";"Others";0;0;"Molly Wright";"Mia Patel";"John Smith";">90";"Morning";5
"017c2380-530a-4333-bc1e-250d415b8d27";"Inbound";"Returns";"Reverse Pickup Enquiry";"";"14ca852f-3453-47be-9445-973692ff228e";"";"10/08/2023 23:28";"10/08/2023 23:30";"10-Aug-23";"Unknown";"Others";0;0;"Patricia Duarte";"Elijah Yamaguchi";"Emily Chen";"61-90";"Evening";5
"017c527b-82bd-4b92-ba1b-4c6854a1873f";"Inbound";"Returns";"Reverse Pickup Enquiry";"";"1d93f2ed-aec8-4a9a-a284-cbb27dd8cfa9";"";"06/08/2023 06:32";"06/08/2023 06:35";"06-Aug-23";"Unknown";"Others";0;0;"Timothy Huber";"Sophia Sato";"John Smith";"0-30";"Morning";4
"017e50d0-f428-4107-87c8-98877dfb3cc6";"Inbound";"Order Related";"Order status enquiry";"Thanks";"0f62b61c-7a4e-4b1a-8e6f-f3ddcf0de70f";"";"07/08/2023 14:29";"07/08/2023 14:31";"07-Aug-23";"Unknown";"Others";0;0;"Jennifer Morris";"Olivia Suzuki";"Jennifer Nguyen";"On Job Training";"Morning";5
"017e6761-4eea-4be2-ba97-4c833b19f793";"Outcall";"Returns";"Fraudulent User";"";"afb17cfb-763e-4697-a55f-8e15e62da711";"";"29/08/2023 14:44";"29/08/2023 14:51";"29-Aug-23";"Unknown";"Others";0;0;"Daniel Ball";"Ethan Nakamura";"Olivia Tan";">90";"Morning";1
"017f908f-3328-4f0c-adeb-8a88e56fb22f";"Inbound";"Shopzilla Related";"Signup Issues";"";"fc1818fb-da33-4f17-8c0a-158441467286";"";"29/08/2023 16:51";"29/08/2023 16:52";"29-Aug-23";"Unknown";"Others";0;0;"Paul Preston";"Noah Patel";"Michael Lee";"31-60";"Evening";5
"0180debb-61ff-46ec-9920-c0c91ba23313";"Outcall";"Returns";"Return request";"Good";"";"";"27/08/2023 22:44";"27/08/2023 22:45";"27-Aug-23";"Unknown";"Others";0;0;"James Howard";"Ethan Nakamura";"Jennifer Nguyen";"On Job Training";"Morning";5
"018257b8-1eae-4a10-816c-a60577294143";"Inbound";"Refund Related";"Refund Related Issues";"";"28270b85-13ed-471f-8c31-47809893894c";"01/08/2023 16:25";"14/08/2023 22:24";"14/08/2023 22:31";"14-Aug-23";"ARRAH";"Books & General merchandise";990;0;"Samuel Mccoy";"Landon Tanaka";"Emily Chen";">90";"Split";5
"0182e50e-92f6-439e-9eb1-880224368f7e";"Inbound";"Order Related";"Delayed";"";"80d35b5f-185a-4dd7-b691-a5727ea55c48";"";"30/08/2023 13:10";"30/08/2023 13:14";"30-Aug-23";"Unknown";"Others";0;0;"Jose Pruitt";"Zoe Yamamoto";"William Kim";"On Job Training";"Morning";4
"01831d5d-9034-4a16-a512-9cba350eff36";"Inbound";"Returns";"Reverse Pickup Enquiry";"";"7de88d05-d65a-46bf-a2e6-1775e8f6b3d6";"13/07/2023 15:30";"07/08/2023 13:46";"09/08/2023 10:38";"09-Aug-23";"PURULIA";"Furniture";4444;0;"Ryan Khan";"Nathan Patel";"Michael Lee";"61-90";"Afternoon";1
"0184148b-9812-472e-bd1b-c9edc74021e3";"Outcall";"Payments related";"Online Payment Issues";"Quality issue";"3ddc9ec9-2405-4128-993e-e962a16b7233";"";"26/08/2023 13:49";"26/08/2023 20:50";"26-Aug-23";"Unknown";"Others";0;0;"Christine Jackson";"Abigail Suzuki";"Jennifer Nguyen";"On Job Training";"Evening";1
"018541de-0cf1-4610-8b12-9cf0199c6072";"Inbound";"Refund Related";"Refund Enquiry";"";"";"";"04/08/2023 20:28";"04/08/2023 20:30";"04-Aug-23";"Unknown";"Others";0;0;"Dawn Brown";"Amelia Tanaka";"Michael Lee";"31-60";"Evening";5
"0185843c-6136-401b-bb89-bff31762915b";"Inbound";"Returns";"Reverse Pickup Enquiry";"";"bf8b1034-fbba-4d0f-9978-20671d9771c0";"";"09/08/2023 13:01";"09/08/2023 13:12";"09-Aug-23";"Unknown";"Others";0;0;"Virginia Caldwell";"Lily Chen";"Michael Lee";">90";"Morning";2
"0185875e-3b79-4846-a0f1-89d3fe8c257d";"Inbound";"Returns";"Reverse Pickup Enquiry";"";"674cfb80-9eb3-489b-8623-c4b935d90a32";"";"07/08/2023 23:16";"07/08/2023 23:18";"07-Aug-23";"Unknown";"Others";0;0;"Rebecca Thomas";"Madison Kim";"Michael Lee";"31-60";"Evening";5
"01860b24-4f22-4e3c-a004-36a22bf86175";"Outcall";"Order Related";"Customer Requested Modifications";"";"";"";"27/08/2023 11:15";"27/08/2023 11:18";"27-Aug-23";"Unknown";"Others";0;0;"Anthony Shaffer";"Carter Park";"Jennifer Nguyen";"On Job Training";"Evening";5
"0187565a-b6ff-4180-9869-a29128267d51";"Inbound";"Order Related";"Delayed";"";"24c3e082-0548-485b-a649-7e4dac116731";"28/07/2023 10:52";"01/08/2023 16:28";"01/08/2023 16:31";"01-Aug-23";"KODERMA";"Home Appliences";3199;0;"Carl Douglas";"Emily Yamashita";"Michael Lee";"31-60";"Morning";5
"018758f9-d4b6-401c-86ce-6c54a31ac29b";"Outcall";"Order Related";"Delayed";"Very good customer care behaviour";"889687d6-9c6b-4dde-93d1-30086897f1ce";"06/08/2023 11:51";"23/08/2023 07:22";"23/08/2023 09:20";"23-Aug-23";"DARBHANGA";"LifeStyle";475;0;"Shelly Huber";"William Park";"John Smith";"61-90";"Evening";5
"01879a17-ee66-4156-bb13-8c08c56e3b03";"Inbound";"Returns";"Missing";"";"1daa3b0c-1360-4dea-8bd7-394ba13b8df6";"";"02/08/2023 17:07";"02/08/2023 17:15";"02-Aug-23";"Unknown";"Others";0;0;"Michael Stevens";"Jacob Sato";"Emily Chen";"0-30";"Evening";5
"01879f14-3e9a-4749-a946-fa1e8cb088d2";"Inbound";"Returns";"Reverse Pickup Enquiry";"";"4d06cb34-d57f-4564-90a8-87528420b1ae";"11/08/2023 00:01";"24/08/2023 00:13";"24/08/2023 00:13";"24-Aug-23";"SOLAPUR";"Furniture";21749;0;"Melissa Castillo";"Elijah Yamaguchi";"Michael Lee";">90";"Night";5
"0187efe7-e198-4a0c-9025-d0feb7dc87f2";"Inbound";"Order Related";"Delayed";"";"f6d28f0f-3e6e-4eb6-83b2-65283f75f221";"09/08/2023 12:07";"21/08/2023 12:27";"21/08/2023 12:30";"21-Aug-23";"ROORKEE";"Electronics";1499;0;"Janice Santiago";"Zoe Yamamoto";"William Kim";"On Job Training";"Morning";2
"0187feeb-50bc-479f-8802-cad93d588576";"Inbound";"Order Related";"Order status enquiry";"Fantastic ????";"10698d84-7096-4fe7-bb9b-3019377717d0";"";"30/08/2023 07:48";"30/08/2023 07:49";"30-Aug-23";"Unknown";"Others";0;0;"Paula Brooks";"Austin Johnson";"William Kim";"On Job Training";"Morning";5
"01882d70-c5ff-43bf-a35c-0bb9d32c08a7";"Inbound";"Refund Related";"Refund Related Issues";"";"209938aa-935c-4aa4-b633-8b4c43272b8d";"20/08/2023 23:29";"28/08/2023 12:47";"28/08/2023 00:00";"28-Aug-23";"URAN ISLAMPUR";"LifeStyle";3414;0;"Joshua Foster";"Jackson Park";"Michael Lee";"31-60";"Evening";4
"01897fed-ab01-4e47-a55b-9fae16ad896e";"Inbound";"Returns";"Reverse Pickup Enquiry";"Try to dilvery the same colour and product which we order";"489caf1a-6cb6-490e-8ef0-f1732aed919c";"";"08/08/2023 18:19";"08/08/2023 18:20";"08-Aug-23";"Unknown";"Others";0;0;"Catherine Gibson";"Evelyn Kimura";"Jennifer Nguyen";"On Job Training";"Evening";5
"018d19fa-7e6f-4aaf-98c5-6f05d1ceedf6";"Inbound";"Order Related";"General Enquiry";"Faltu sarvice, no customer satisfaction at all, do care about customer once product is worng delivered";"6da665b5-5c30-41ff-b8ef-fc767a3017a6";"20/07/2023 15:39";"01/08/2023 15:05";"01/08/2023 15:10";"01-Aug-23";"GAUTAM BUDDHA NAGAR";"LifeStyle";699;0;"Brandon Young";"Zoe Yamamoto";"John Smith";">90";"Morning";1
"018d2d7f-5845-4abe-bb2c-7c97c74c9b43";"Outcall";"Product Queries";"Product Specific Information";"";"";"";"03/08/2023 21:21";"04/08/2023 11:40";"04-Aug-23";"Unknown";"Others";0;0;"Jamie Burnett";"Mia Patel";"Olivia Tan";"0-30";"Morning";1
"018ea4d6-81ba-4aba-a3d1-e8dae3dcdae8";"Inbound";"Returns";"Reverse Pickup Enquiry";"";"";"";"15/08/2023 10:46";"15/08/2023 11:18";"15-Aug-23";"Unknown";"Others";0;0;"Nicholas Payne";"Olivia Suzuki";"Jennifer Nguyen";"On Job Training";"Morning";5
"018f95c5-0f30-48f2-b022-f8122173c464";"Outcall";"Cancellation";"Not Needed";"";"789b2519-2a7c-4ceb-834a-218876e2d5e8";"21/08/2023 19:54";"23/08/2023 14:16";"24/08/2023 09:51";"24-Aug-23";"AMODPUR";"LifeStyle";432;0;"Christina Hines MD";"Zoe Yamamoto";"William Kim";"On Job Training";"Morning";3
"0191c97b-aefe-4c60-8c6d-e292f948d658";"Inbound";"Returns";"Wrong";"Very nice";"";"";"13/08/2023 17:40";"13/08/2023 17:43";"13-Aug-23";"Unknown";"Others";0;0;"Andre Adams";"Carter Park";"Michael Lee";"31-60";"Evening";5
"01923372-43ed-479f-96aa-75e5ad7a6b9c";"Inbound";"Returns";"Reverse Pickup Enquiry";"";"f129f58e-de0b-44e7-bca4-c239401d437f";"13/11/2022 17:38";"11/08/2023 16:18";"11/08/2023 16:19";"11-Aug-23";"JALGAON";"Electronics";999;0;"Charles Moore";"Nathan Patel";"Jennifer Nguyen";"On Job Training";"Evening";5
"019298b0-3266-426a-b320-6152c5fa1257";"Outcall";"Returns";"Fraudulent User";"";"8f7b8103-b0b0-4242-b772-6f7b0cdaf66e";"03/08/2023 08:54";"08/08/2023 00:54";"08/08/2023 15:58";"08-Aug-23";"KOLKATA";"Books & General merchandise";750;0;"Amy Campbell";"Alexander Tanaka";"Michael Lee";"0-30";"Evening";5
"0192daaa-8c13-4194-a613-b2df041c1cb7";"Inbound";"Feedback";"UnProfessional Behaviour";"";"176f1e63-5389-4bd7-bdd1-9ad527bd8ac3";"";"22/08/2023 16:50";"22/08/2023 16:52";"22-Aug-23";"Unknown";"Others";0;0;"Jennifer Lewis";"Madison Kim";"John Smith";">90";"Morning";4
"0193974b-efe5-4551-b3f0-efed2664f33c";"Outcall";"Cancellation";"Not Needed";"";"e7005a85-c130-4dd7-a415-8e2dcf16ba79";"02/08/2023 23:00";"11/08/2023 13:31";"11/08/2023 13:32";"11-Aug-23";"NEW DELHI";"Home";995;0;"Jordan Wilson";"Abigail Suzuki";"Jennifer Nguyen";"On Job Training";"Morning";5
"0193f84f-8e6a-439d-9a38-ab779629d797";"Inbound";"Returns";"Return request";"";"6bae9ea3-f51b-4499-a3e8-398cd21e48f0";"";"24/08/2023 20:04";"24/08/2023 20:09";"24-Aug-23";"Unknown";"Others";0;0;"Nathan Riley";"Emily Yamashita";"William Kim";"On Job Training";"Evening";5
"01954fc2-8540-4bea-b348-5a7ecbdd3820";"Inbound";"Returns";"Reverse Pickup Enquiry";"";"71e92c53-2d88-4d41-90ba-2b715d15f12b";"";"10/08/2023 15:00";"10/08/2023 17:32";"10-Aug-23";"Unknown";"Others";0;0;"Jennifer Hernandez";"Lily Chen";"Michael Lee";">90";"Morning";4
"0195f387-5c81-4e96-984a-6b16577ed89b";"Inbound";"Returns";"Return request";"Best customer service experience";"6e5024d1-02ae-4b24-8f50-8a632b17e9d0";"";"09/08/2023 14:03";"09/08/2023 14:10";"09-Aug-23";"Unknown";"Others";0;0;"Jennifer Hernandez";"Lily Chen";"Michael Lee";">90";"Morning";5
"01966c91-b4ae-4e02-ac77-bb065dbce72b";"Inbound";"Refund Related";"Refund Enquiry";"";"abdc4c14-8980-4b76-b363-dbed327200b8";"";"05/08/2023 14:17";"05/08/2023 14:19";"05-Aug-23";"Unknown";"Others";0;0;"Paula Castillo";"Landon Tanaka";"Emily Chen";"61-90";"Morning";5
"019783fb-a3c2-4cb7-b28d-df9daf37c23c";"Inbound";"Returns";"Service Centres Related";"";"d3718453-7e13-4d30-8719-4f1c75347864";"09/03/2023 02:49";"07/08/2023 13:29";"08/08/2023 18:55";"08-Aug-23";"CUDDALORE";"Home";750;0;"Jacob Mitchell";"Scarlett Chen";"John Smith";"0-30";"Morning";5
"0198a8c1-fe41-4bff-a9b6-eba314ebc12a";"Inbound";"Returns";"Exchange / Replacement";"Nice";"57e84e89-6054-4c84-a79e-8c6e6002929d";"";"26/08/2023 10:02";"26/08/2023 10:02";"26-Aug-23";"Unknown";"Others";0;0;"Carla Burke";"Amelia Tanaka";"Michael Lee";"31-60";"Evening";5
"0198d881-313f-406a-9b8d-199c5d7eb804";"Inbound";"Returns";"Reverse Pickup Enquiry";"";"";"";"04/08/2023 18:19";"04/08/2023 18:21";"04-Aug-23";"Unknown";"Others";0;0;"Megan Bartlett";"Carter Park";"Michael Lee";">90";"Evening";1
"0199712a-e053-4242-8cb5-6d0aeb62f6cc";"Inbound";"Returns";"Reverse Pickup Enquiry";"good";"1621eb49-0df4-4eda-803a-cf1ae5b3111e";"";"10/08/2023 14:23";"10/08/2023 14:38";"10-Aug-23";"Unknown";"Others";0;0;"Brianna Wolf";"Mia Patel";"John Smith";">90";"Morning";5
"019a0e4c-c1c0-4df6-b274-34b19ff6a261";"Inbound";"Returns";"Fraudulent User";"Thank you for listening my problem";"";"";"04/08/2023 08:08";"04/08/2023 08:17";"04-Aug-23";"Unknown";"Others";0;0;"Anthony Moss";"Noah Patel";"Michael Lee";">90";"Morning";5
"019a7f40-3308-40bd-9138-f69455aa6257";"Inbound";"Returns";"Reverse Pickup Enquiry";"";"b1135adc-f098-44d7-9d20-dfd4fd5f013b";"";"28/08/2023 13:30";"28/08/2023 00:00";"28-Aug-23";"Unknown";"Others";0;0;"Holly King";"Zoe Yamamoto";"Olivia Tan";">90";"Morning";4
"019a8c4b-400d-4873-876e-9591e1d8a927";"Inbound";"Order Related";"Installation/demo";"";"9bc7ee0e-8830-43f3-8e2a-0ff072792378";"";"24/08/2023 12:16";"24/08/2023 14:24";"24-Aug-23";"Unknown";"Others";0;0;"Cody Perez";"Harper Wong";"William Kim";"On Job Training";"Evening";5
"019b4756-a418-4c2e-aa81-301bbc6ad101";"Inbound";"Order Related";"Delayed";"Please stick to your word !!!!";"963b55b9-07c0-4a57-b24b-87d43e3f03eb";"19/07/2023 09:53";"03/08/2023 19:54";"03/08/2023 19:56";"03-Aug-23";"HARIDWAR";"Furniture";813;0;"Karen Bullock";"Evelyn Kimura";"Jennifer Nguyen";"On Job Training";"Evening";1
"019be96f-9a98-4cb8-8b2c-a4ca486a3e3e";"Inbound";"Payments related";"Payment related Queries";"";"";"";"15/08/2023 19:42";"15/08/2023 20:44";"15-Aug-23";"Unknown";"Others";0;0;"Emily Mckenzie";"Amelia Tanaka";"Emily Chen";">90";"Split";5
"019c6b85-7bad-4619-9a9f-0432f881ee50";"Inbound";"Returns";"Fraudulent User";"Problem solving";"1cc77da9-d67d-464c-8e0d-02f01f3511b7";"";"08/08/2023 21:26";"08/08/2023 23:38";"08-Aug-23";"Unknown";"Others";0;0;"Haley Carroll";"William Park";"John Smith";"61-90";"Evening";5
"019d2e96-2467-4fb2-8d4d-fec9b9be3996";"Inbound";"Order Related";"Order status enquiry";"";"8d3e4768-ff29-4e1b-bfd3-22047a13c38b";"";"07/08/2023 10:57";"07/08/2023 13:19";"07-Aug-23";"Unknown";"Others";0;0;"Matthew Rodriguez";"Isabella Wong";"Emily Chen";">90";"Morning";5
"019d44aa-b28e-4362-9984-614f8d325506";"Inbound";"Order Related";"Delayed";"";"0dc392ae-8d77-4094-9dc7-8f6e98e9fd15";"";"09/08/2023 16:38";"09/08/2023 16:41";"09-Aug-23";"Unknown";"Others";0;0;"Kristina Foster";"Landon Tanaka";"Emily Chen";">90";"Morning";1
"019d7743-0bd4-46cf-8ac4-137599179484";"Inbound";"Returns";"Missing";"";"9a0e6a1e-b4cb-4a2f-a67c-07c217e5e15e";"";"29/08/2023 21:48";"29/08/2023 22:45";"29-Aug-23";"Unknown";"Others";0;0;"Sara Juarez";"Brayden Wong";"Jennifer Nguyen";"On Job Training";"Morning";5
"019dc1a1-fc8e-4156-9ea9-378e058de3d2";"Inbound";"Order Related";"Unable to track";"";"15d79915-cc35-46be-8d73-b8d01401743e";"";"22/08/2023 08:11";"22/08/2023 08:12";"22-Aug-23";"Unknown";"Others";0;0;"David Mayer";"Emma Park";"Jennifer Nguyen";"On Job Training";"Evening";5
"019e014a-3b4e-437f-b837-a05292fe110d";"Inbound";"Returns";"Exchange / Replacement";"";"e4dd80fb-1441-42ad-a16f-622113913716";"";"20/08/2023 10:49";"20/08/2023 10:50";"20-Aug-23";"Unknown";"Others";0;0;"Mr. Christopher Peterson DDS";"Austin Johnson";"William Kim";"On Job Training";"Morning";5
"019f215d-45f1-4c72-907d-60419b120df8";"Inbound";"Returns";"Missing";"";"";"";"12/08/2023 21:49";"12/08/2023 22:39";"12-Aug-23";"Unknown";"Others";0;0;"Paul Cunningham DVM";"Nathan Patel";"John Smith";">90";"Afternoon";5
"019f307f-41f6-4e3f-b2c2-63da1108ce51";"Inbound";"Product Queries";"Product Specific Information";"thanx";"";"";"04/08/2023 14:02";"04/08/2023 14:04";"04-Aug-23";"Unknown";"Others";0;0;"Joshua Mathews";"Mia Patel";"John Smith";">90";"Morning";5
"01a0733a-e1c4-49a4-a1d6-3099fb556bfe";"Inbound";"Feedback";"UnProfessional Behaviour";"Good";"88f46770-335c-4a1c-991d-827719f6e53f";"";"19/08/2023 10:44";"19/08/2023 11:24";"19-Aug-23";"Unknown";"Others";0;0;"Jessica Allen";"Abigail Suzuki";"Jennifer Nguyen";"On Job Training";"Evening";5
"01a08254-a399-41ab-abd3-9ae3cc758ebd";"Outcall";"Returns";"Missing";"";"9cd8d1b4-3afb-4abe-91f3-32dbe6672f4c";"";"28/08/2023 15:19";"28/08/2023 00:00";"28-Aug-23";"Unknown";"Others";0;0;"Carolyn Goodman DVM";"Carter Park";"Jennifer Nguyen";"On Job Training";"Evening";5
"01a0fb35-fc22-4f25-ab22-7a34c24afe58";"Inbound";"Returns";"Reverse Pickup Enquiry";"";"50e60c50-bbdd-47fb-a28f-7f1e288a9e96";"09/08/2023 12:31";"18/08/2023 09:55";"18/08/2023 14:18";"18-Aug-23";"NAVI MUMBAI";"Electronics";899;0;"Adrian Richards";"Zoe Yamamoto";"John Smith";">90";"Morning";4
"01a1261f-5a91-4bb1-ba6b-2746bab63c52";"Outcall";"Returns";"Reverse Pickup Enquiry";"";"30429f9c-3aa7-4f56-b5db-ad7a156b3b64";"";"30/08/2023 18:53";"30/08/2023 18:54";"30-Aug-23";"Unknown";"Others";0;0;"Sheena Williams";"Logan Lee";"Emily Chen";"0-30";"Evening";5
"01a2e8d2-a51e-4b24-a20d-9d9507e4aa9d";"Inbound";"Cancellation";"Not Needed";"";"0030f891-6030-406d-b4bf-81a9755819bc";"";"26/08/2023 16:45";"26/08/2023 18:09";"26-Aug-23";"Unknown";"Others";0;0;"Carla Morgan";"Nathan Patel";"Emily Chen";"0-30";"Evening";5
"01a31806-eeba-42a8-8baf-f51bb755091e";"Inbound";"Order Related";"Delayed";"";"7092a351-bc54-436c-bf58-3cd60c50e627";"08/08/2023 17:51";"15/08/2023 14:54";"18/08/2023 20:59";"18-Aug-23";"HYDERABAD";"LifeStyle";513;0;"Kathy Decker DVM";"Amelia Tanaka";"Michael Lee";"31-60";"Evening";4
"01a353e9-d3a7-4a63-abd0-e08e4bdbb67b";"Inbound";"Returns";"Return request";"";"bcfd1cd7-04d7-4925-8f0d-3fe97c7a10b9";"";"22/08/2023 13:31";"22/08/2023 17:07";"22-Aug-23";"Unknown";"Others";0;0;"Anna Brown";"Abigail Suzuki";"Jennifer Nguyen";"On Job Training";"Evening";5
"01a3681d-b96b-4216-9802-c69ab145cf17";"Inbound";"Order Related";"Installation/demo";"";"ea5a36fe-7f95-4004-8a2e-6a2bda086596";"23/09/2022 17:38";"11/08/2023 14:44";"11/08/2023 15:20";"11-Aug-23";"BADAUN";"Electronics";45990;0;"Roger Turner";"Nathan Patel";"Jennifer Nguyen";"On Job Training";"Evening";5
"01a6c10b-e559-4392-a9a9-24f1f9bdede4";"Inbound";"Order Related";"Installation/demo";"";"";"";"04/08/2023 09:54";"04/08/2023 10:00";"04-Aug-23";"Unknown";"Others";0;0;"Kathryn Vasquez";"Noah Patel";"Michael Lee";">90";"Morning";5
"01a6c423-72f6-4d3f-89ea-a7aeee03cce1";"Inbound";"Refund Related";"Refund Enquiry";"Good help";"704054c8-eccf-4b77-94fb-329730e70990";"27/07/2023 20:22";"02/08/2023 12:47";"02/08/2023 12:53";"02-Aug-23";"SASARA";"Electronics";1599;0;"Sara Moreno";"Mason Gupta";"Jennifer Nguyen";"On Job Training";"Morning";5
"01a729c2-661c-47c1-93bb-45006351b15c";"Inbound";"Offers & Cashback";"Affiliate Offers";"";"";"";"15/08/2023 18:51";"15/08/2023 18:53";"15-Aug-23";"Unknown";"Others";0;0;"Wendy Taylor";"Madison Kim";"Michael Lee";"31-60";"Evening";5
"01a77aa0-f409-4737-8a71-cc509e97416c";"Outcall";"Returns";"Return request";"";"07780858-db09-44b0-9329-2fc15ec05494";"05/08/2023 23:56";"11/08/2023 14:06";"12/08/2023 12:02";"12-Aug-23";"NAGPUR";"Electronics";799;239;"Tammy Rojas";"Mia Patel";"Olivia Tan";">90";"Morning";5
"01a7d4f5-4e64-40b2-8597-9c3b2a76814d";"Inbound";"Returns";"Return request";"";"53a4d87f-3c2b-498d-b383-47953addb0d5";"";"18/08/2023 08:50";"18/08/2023 08:51";"18-Aug-23";"Unknown";"Others";0;0;"Jaclyn Fields";"Madison Kim";"John Smith";"61-90";"Morning";5
"01a7e0a0-09ef-4471-9934-32abe82134df";"Inbound";"Order Related";"Installation/demo";"";"";"";"12/08/2023 18:24";"12/08/2023 18:29";"12-Aug-23";"Unknown";"Others";0;0;"Todd Floyd";"Ethan Nakamura";"Emily Chen";"0-30";"Evening";5
"01a805b1-5dc0-4ca2-a772-10842b40f1f4";"Inbound";"Returns";"Reverse Pickup Enquiry";"";"569443ad-e6b1-43ac-8cbe-ee0ca0b20f9a";"";"25/08/2023 18:59";"25/08/2023 19:06";"25-Aug-23";"Unknown";"Others";0;0;"Alisha Campos";"Jacob Sato";"Emily Chen";"0-30";"Evening";5
"01a80eb3-9492-403d-b789-7cea67fdaa8a";"Outcall";"Refund Related";"Refund Related Issues";"";"";"";"14/08/2023 12:54";"14/08/2023 12:57";"14-Aug-23";"Unknown";"Others";0;0;"Patrick Shelton";"Olivia Suzuki";"Jennifer Nguyen";"On Job Training";"Morning";5
"01a9b71e-b6d3-4117-8b43-82dbe35eb2b3";"Inbound";"Order Related";"Installation/demo";"Very bad sarvice .demo and fitting";"251fce6a-e002-42cc-a56e-41e31c88dc32";"";"10/08/2023 19:00";"10/08/2023 21:33";"10-Aug-23";"Unknown";"Others";0;0;"Aaron Edwards";"Mia Patel";"Emily Chen";"61-90";"Evening";1
"01aba3c3-53d2-49b1-8667-3fd7168e1f21";"Inbound";"Returns";"Reverse Pickup Enquiry";"??";"4bdd55b8-adec-4e6a-b010-da6e8bc1ddd6";"";"18/08/2023 13:05";"18/08/2023 13:07";"18-Aug-23";"Unknown";"Others";0;0;"Timothy Grant";"William Park";"John Smith";"31-60";"Morning";4
"01abe01b-32e4-4329-be1f-af11f0afaf8f";"Inbound";"Returns";"Reverse Pickup Enquiry";"";"146ebf61-06cc-4fbd-8e50-8d37f000f55f";"";"21/08/2023 21:23";"21/08/2023 21:28";"21-Aug-23";"Unknown";"Others";0;0;"Crystal Dunlap";"Abigail Suzuki";"Jennifer Nguyen";"On Job Training";"Morning";5
"01ac33ff-1af8-4409-af38-e4550e85f414";"Inbound";"Returns";"Reverse Pickup Enquiry";"";"302fd4b3-ad1c-44b3-ab95-2e847e15f13a";"";"19/08/2023 15:20";"20/08/2023 08:40";"20-Aug-23";"Unknown";"Others";0;0;"Alisha Campos";"Jacob Sato";"Emily Chen";"0-30";"Evening";5
"01ac598a-6b29-4373-9275-8b173fa97b40";"Inbound";"Returns";"Reverse Pickup Enquiry";"";"35c65461-0f08-46fe-a143-9aac29c92005";"";"24/08/2023 15:02";"25/08/2023 12:55";"25-Aug-23";"Unknown";"Others";0;0;"Karen Schultz";"Evelyn Kimura";"John Smith";"0-30";"Morning";1
"01ac7135-b89b-426b-98bc-d4fcd7beb135";"Inbound";"Returns";"Wrong";"No";"cabc8c2d-c145-47d3-a24b-47388627d825";"";"19/08/2023 10:02";"19/08/2023 20:17";"19-Aug-23";"Unknown";"Others";0;0;"Nathaniel Smith";"Evelyn Kimura";"John Smith";"0-30";"Morning";5
"01ad0cc1-d328-43f7-bf2f-96f9a88f926a";"Inbound";"Returns";"Exchange / Replacement";"";"";"";"26/08/2023 14:15";"27/08/2023 21:10";"27-Aug-23";"Unknown";"Others";0;0;"Andrew Barrett";"Elijah Yamaguchi";"John Smith";">90";"Evening";5
"01ade571-fc15-4adc-92e7-d7165c45a900";"Inbound";"Shopzilla Related";"Shopzilla Rewards";"";"";"";"27/08/2023 14:28";"27/08/2023 16:16";"27-Aug-23";"Unknown";"Others";0;0;"John Barrett";"Aiden Patel";"John Smith";">90";"Morning";5
"01af641e-6981-4bf9-831b-d70fbb17a19c";"Outcall";"Returns";"Fraudulent User";"";"2040e971-4f84-42a5-a16d-321a8828996c";"";"22/08/2023 11:51";"22/08/2023 12:34";"22-Aug-23";"Unknown";"Others";0;0;"Jessica Jones";"William Park";"John Smith";"31-60";"Morning";5
"01aff4b4-4e80-44ce-8c36-0b0e8da95c44";"Inbound";"Returns";"Reverse Pickup Enquiry";"";"";"";"13/08/2023 08:13";"13/08/2023 08:16";"13-Aug-23";"Unknown";"Others";0;0;"Victoria Butler";"Abigail Suzuki";"Jennifer Nguyen";"On Job Training";"Morning";5
"01b01718-1dab-4ae6-9936-7483fef4e4b3";"Inbound";"Returns";"Reverse Pickup Enquiry";"";"88b0dfa9-1c6a-4790-9e14-3e00f8cd6997";"";"20/08/2023 10:45";"20/08/2023 15:09";"20-Aug-23";"Unknown";"Others";0;0;"Renee Martin";"Lily Chen";"Michael Lee";">90";"Morning";5
"01b0c377-45ce-4ce6-925c-ba346d5e4fbd";"Inbound";"Returns";"Reverse Pickup Enquiry";"";"ffc84f31-8679-4192-ad91-cebf9253efc0";"06/08/2023 16:21";"11/08/2023 20:15";"11/08/2023 20:29";"11-Aug-23";"KANPUR";"LifeStyle";285;0;"Robert Cook";"Mia Yamamoto";"Emily Chen";">90";"Evening";5
"01b2a7ab-c796-4e2d-b35d-85f6f0aa5ca5";"Inbound";"Returns";"Reverse Pickup Enquiry";"";"6ca5f78b-1468-401f-be1a-04b1dca4f730";"";"24/08/2023 14:34";"24/08/2023 14:39";"24-Aug-23";"Unknown";"Others";0;0;"Timothy Henry";"William Park";"John Smith";"31-60";"Morning";5
"01b3cc06-191c-4444-97df-6fef95cec99f";"Inbound";"Cancellation";"Not Needed";"This person is good but senior team not good not answer";"94c8176d-bb8a-4e7f-8faa-35369435d99b";"04/08/2023 16:06";"13/08/2023 19:28";"13/08/2023 19:30";"13-Aug-23";"AHMEDABAD";"Mobile";16499;0;"Mario Simpson";"Nathan Patel";"Jennifer Nguyen";"On Job Training";"Evening";5
"01b3df0d-ff7b-4630-bc87-82614c943c01";"Inbound";"Returns";"Fraudulent User";"Kindly mention reason for the cancelation.";"fdd8dd18-1d1a-4c5a-85cf-afed0c672e26";"";"17/08/2023 17:43";"17/08/2023 17:46";"17-Aug-23";"Unknown";"Others";0;0;"Matthew Mendoza MD";"William Park";"John Smith";"61-90";"Evening";5
"01b3f4f0-9c58-47cd-bd0f-cd1fe0135208";"Inbound";"Order Related";"Order status enquiry";"";"e1bd3360-5178-4eeb-9a3b-8e9161b5fbbe";"";"31/08/2023 11:00";"31/08/2023 11:02";"31-Aug-23";"Unknown";"Others";0;0;"Mason Mitchell";"Ava Wong";"William Kim";"On Job Training";"Evening";4
"01b43064-7be3-4804-822f-7b1e101096f9";"Inbound";"Returns";"Reverse Pickup Enquiry";"";"e9b2a51d-6029-4726-95c6-40947ddf0b69";"04/08/2023 16:52";"11/08/2023 14:26";"11/08/2023 14:27";"11-Aug-23";"NEW DELHI";"LifeStyle";197;0;"Crystal Walsh";"Olivia Suzuki";"Jennifer Nguyen";"On Job Training";"Morning";5
"01b4c721-e5c8-486e-b6ad-523da4ffb6ab";"Inbound";"Returns";"Reverse Pickup Enquiry";"Thanks";"8bbe9ea5-40f4-4e93-918b-7a0939ebf0fa";"";"20/08/2023 15:44";"20/08/2023 15:46";"20-Aug-23";"Unknown";"Others";0;0;"Theresa Brown";"Brayden Wong";"Michael Lee";">90";"Afternoon";5
"01b6da1b-978e-48ed-b7ae-8c79eb7fc8d7";"Outcall";"Order Related";"Delayed";"Thank you??";"5223a55b-a900-420f-af81-2fb8d395dc54";"";"28/08/2023 18:40";"29/08/2023 01:36";"29-Aug-23";"Unknown";"Others";0;0;"Sarah Newton";"Zoe Yamamoto";"Olivia Tan";">90";"Morning";5
"01b7263f-d63c-4c92-a539-5791a9e483e9";"Inbound";"Order Related";"Delayed";"";"0968556e-056c-4eed-8edf-309c18acbcc0";"";"24/08/2023 10:45";"24/08/2023 10:52";"24-Aug-23";"Unknown";"Others";0;0;"David Michael";"Lily Chen";"Michael Lee";">90";"Morning";5
"01b772b4-331a-48f2-8cb7-c96bf1993412";"Inbound";"Returns";"Wrong";"";"77b3d460-9c74-4cb2-8522-b46add0730e9";"";"28/08/2023 19:23";"28/08/2023 00:00";"28-Aug-23";"Unknown";"Others";0;0;"Matthew Lambert";"Olivia Wang";"Olivia Tan";">90";"Afternoon";5
"01bb120d-b890-4148-8dc6-30808cee6776";"Email";"Order Related";"Delayed";"";"a4fae124-15f9-4ce0-a233-6db3888c6e9a";"";"22/08/2023 19:45";"22/08/2023 19:47";"22-Aug-23";"Unknown";"Others";0;0;"Dalton Oneal";"Noah Patel";"Michael Lee";"31-60";"Evening";5
"01bc0f82-f967-45d5-a0bc-d4fafe982236";"Inbound";"Refund Related";"Refund Related Issues";"";"19c7a7e3-8cc8-4b6f-a7e6-980e163dadd0";"";"17/08/2023 13:37";"17/08/2023 23:02";"17-Aug-23";"Unknown";"Others";0;0;"Sharon Meyers";"Mason Gupta";"Jennifer Nguyen";"On Job Training";"Morning";1
"01bc2f6d-6e32-4bbb-ba3d-08b85ef645fc";"Inbound";"Feedback";"UnProfessional Behaviour";"";"bca8fdd9-3505-4b1b-a268-581ca82fe53e";"";"10/08/2023 16:19";"10/08/2023 16:20";"10-Aug-23";"Unknown";"Others";0;0;"Haley Carroll";"William Park";"John Smith";"61-90";"Evening";5
"01bca402-4ce7-4b6b-a87a-e09ea70e6261";"Inbound";"Returns";"Reverse Pickup Enquiry";"";"";"";"27/08/2023 12:40";"27/08/2023 12:45";"27-Aug-23";"Unknown";"Others";0;0;"Mrs. Jennifer Stone";"Dylan Kim";"Michael Lee";">90";"Morning";4
"01bd191d-a07b-4770-afc0-131ce41995db";"Inbound";"Returns";"Missing";"";"d1f4f31f-f344-437e-9e63-cf69bac5644a";"";"30/08/2023 07:10";"30/08/2023 07:13";"30-Aug-23";"Unknown";"Others";0;0;"Lisa Brennan";"Zoe Yamamoto";"William Kim";"On Job Training";"Morning";5
"01be3216-5cd2-487e-a7de-bfc26f7c6d04";"Outcall";"Returns";"Reverse Pickup Enquiry";"kharab hai tum log company";"bf61b7f0-9d0d-4f14-872c-8e962524f8ca";"";"10/08/2023 19:40";"10/08/2023 19:50";"10-Aug-23";"Unknown";"Others";0;0;"Amy Berry";"Elijah Yamaguchi";"John Smith";">90";"Evening";1
"01bea120-067f-4715-9512-09a9dcc9b2d5";"Inbound";"Returns";"Reverse Pickup Enquiry";"";"";"";"04/08/2023 17:56";"04/08/2023 18:00";"04-Aug-23";"Unknown";"Others";0;0;"Wendy Anderson";"Harper Wong";"William Kim";"On Job Training";"Evening";5
"01bf4d9b-8dff-46bf-ac2a-68de6953807d";"Inbound";"Order Related";"Delayed";"";"c1dea871-b0fd-4448-8c25-30e59c71c5ec";"";"23/08/2023 19:25";"23/08/2023 19:26";"23-Aug-23";"Unknown";"Others";0;0;"Anthony Jackson";"Mia Patel";"Jennifer Nguyen";"On Job Training";"Evening";5
"01c01bd7-04d0-4817-867a-c07a51643f72";"Inbound";"Returns";"Reverse Pickup Enquiry";"";"";"";"27/08/2023 19:39";"27/08/2023 19:44";"27-Aug-23";"Unknown";"Others";0;0;"Wendy Lang";"Sophia Sato";"John Smith";">90";"Afternoon";4
"01c0b3b0-01f0-40e3-a2bd-5ebf3d054296";"Inbound";"Feedback";"UnProfessional Behaviour";"";"6bb114e6-509d-49ff-93f9-e88f03594935";"";"05/08/2023 11:00";"06/08/2023 09:18";"06-Aug-23";"Unknown";"Others";0;0;"Laura Allen";"Oliver Nguyen";"John Smith";">90";"Morning";5
"01c0da16-8857-4832-be04-6c0c13d71bfd";"Inbound";"Returns";"Return request";"";"66f534dc-164b-494b-8b0f-2ebd1a18b81e";"";"19/08/2023 14:56";"19/08/2023 15:03";"19-Aug-23";"Unknown";"Others";0;0;"John Jones";"Aiden Patel";"John Smith";">90";"Morning";5
"01c19a24-2fd5-425c-9dcd-068174e4c98b";"Inbound";"Order Related";"Order status enquiry";"Good";"52a1e81b-2b79-4198-a30b-f92061ee44f8";"";"17/08/2023 16:56";"17/08/2023 17:15";"17-Aug-23";"Unknown";"Others";0;0;"Lynn Collins";"Noah Patel";"Michael Lee";"61-90";"Night";4
"01c19b11-e634-4f38-b9d6-cb2ce14a1a0a";"Outcall";"Returns";"Reverse Pickup Enquiry";"Very bad ????????????";"20fd4493-de12-44e8-9eba-bf4ff385cddf";"";"18/08/2023 09:41";"20/08/2023 12:12";"20-Aug-23";"Unknown";"Others";0;0;"Laura Beck";"Noah Patel";"Emily Chen";">90";"Afternoon";1
"01c1b55b-9a65-4b3f-b7c5-026752da8b70";"Inbound";"Order Related";"Delayed";"";"e11dd99f-85a8-4023-b263-cfad14532eb0";"";"08/08/2023 06:14";"08/08/2023 06:17";"08-Aug-23";"Unknown";"Others";0;0;"Brianna Wolf";"Mia Patel";"John Smith";">90";"Morning";5
"01c1d8ac-a38c-4183-9999-de0ade8eda07";"Inbound";"Returns";"Reverse Pickup Enquiry";"Good";"9167f78b-959d-4d14-b5f9-d34a9c379d1e";"03/08/2023 10:16";"11/08/2023 19:03";"11/08/2023 19:04";"11-Aug-23";"SAHARSA";"Books & General merchandise";249;0;"Connor Jackson";"Ethan Tan";"Michael Lee";"31-60";"Evening";5
"01c2b9f1-eae3-4f09-b381-258fd1ab144f";"Inbound";"Cancellation";"Not Needed";"Anders seins problem";"5b1f1b99-473c-4f26-8dbd-a4cfe9dbf8d4";"";"28/08/2023 21:07";"28/08/2023 00:00";"28-Aug-23";"Unknown";"Others";0;0;"Shannon Reyes";"Ava Wong";"William Kim";"On Job Training";"Evening";5
"01c322f1-525a-4f09-bdbc-3f5395e99b0e";"Inbound";"Order Related";"Delayed";"";"f6beb046-d4fc-4199-b728-b67dc3419330";"";"26/08/2023 19:37";"26/08/2023 19:41";"26-Aug-23";"Unknown";"Others";0;0;"Andre Adams";"Carter Park";"Michael Lee";"31-60";"Evening";5
"01c43de9-77f3-4eb2-b7a0-307602f2fbb4";"Inbound";"Returns";"Reverse Pickup Enquiry";"";"4715252a-f2ac-41a5-af20-d78e24e8aa83";"";"22/08/2023 22:16";"22/08/2023 22:16";"22-Aug-23";"Unknown";"Others";0;0;"Kim Barnes";"Emma Park";"Jennifer Nguyen";"On Job Training";"Evening";5
"01c55e20-e8a6-4433-9908-1c42ef1ad99d";"Inbound";"Order Related";"Order status enquiry";"Good";"b2ea2312-a541-4a5e-b3be-16e6a5e4d318";"25/08/2023 22:55";"30/08/2023 13:27";"30/08/2023 13:43";"30-Aug-23";"GAYA";"Home";161;0;"Brenda Gillespie";"Dylan Kim";"William Kim";"On Job Training";"Evening";5
"01c5c7e6-8092-4ff9-aa68-ab905048effa";"Inbound";"Returns";"Fraudulent User";"";"";"";"16/08/2023 10:47";"16/08/2023 12:59";"16-Aug-23";"Unknown";"Others";0;0;"Chad Nielsen";"Emma Park";"John Smith";">90";"Morning";1
"01c5ee37-fc17-4f3f-ac56-0c481797619d";"Inbound";"Returns";"Reverse Pickup Enquiry";"";"";"";"27/08/2023 18:42";"27/08/2023 19:38";"27-Aug-23";"Unknown";"Others";0;0;"Melissa Taylor";"Zoe Yamamoto";"Emily Chen";">90";"Afternoon";1
"01c65981-c5f7-4f14-9f49-635f8cf5eff3";"Inbound";"Payments related";"Online Payment Issues";"";"62f655d3-828e-4a4d-a9b6-119c7c850533";"";"21/08/2023 09:45";"21/08/2023 09:51";"21-Aug-23";"Unknown";"Others";0;0;"Nicole Jones";"Jackson Park";"Michael Lee";"31-60";"Evening";5
"01c70a9a-ae55-4540-a127-28c63ed4d8a9";"Outcall";"Order Related";"Delayed";"";"d84a99de-03a9-42f9-9530-45331b19191d";"";"29/08/2023 20:45";"29/08/2023 22:51";"29-Aug-23";"Unknown";"Others";0;0;"Brenda Gillespie";"Dylan Kim";"William Kim";"On Job Training";"Evening";3
"01c7594f-335d-41c1-b9f1-bc4e81f6cb5c";"Inbound";"Product Queries";"Product Specific Information";"";"8ec2b85e-d5c7-460e-9550-a50abd416126";"";"05/08/2023 11:29";"05/08/2023 11:47";"05-Aug-23";"Unknown";"Others";0;0;"Brian Mcguire";"Elijah Yamaguchi";"Emily Chen";">90";"Morning";5
"01c791e6-ab6c-4106-8b99-c0d0f79c649a";"Inbound";"Returns";"Reverse Pickup Enquiry";"u2026";"2ee2ea88-e3ec-4b7a-b2e1-fe2a7dfd0828";"";"26/08/2023 17:24";"26/08/2023 17:25";"26-Aug-23";"Unknown";"Others";0;0;"Jessica Jones";"William Park";"John Smith";"31-60";"Morning";5
"01c7d1fb-a638-4c34-8a36-3e7f42a84a4b";"Inbound";"Returns";"Return request";"";"222f25c8-a735-4f28-b38b-f556489ab1ac";"";"16/08/2023 21:20";"17/08/2023 00:02";"17-Aug-23";"Unknown";"Others";0;0;"Roy Lynch";"Brayden Wong";"Michael Lee";">90";"Afternoon";4
"01ca1d35-a8d8-417c-916d-bdb022ac7dc9";"Outcall";"Returns";"Reverse Pickup Enquiry";"";"2becf0d9-83cb-4b4b-8340-cfe86c4c8f1d";"07/08/2023 22:09";"28/08/2023 20:54";"29/08/2023 17:00";"29-Aug-23";"DEVARAPALLI";"Furniture";16599;0;"Elizabeth Rose";"Emma Park";"John Smith";">90";"Morning";1
"01ca69eb-eaca-472e-be64-32b56a4227de";"Inbound";"Returns";"Fraudulent User";"";"";"";"12/08/2023 08:55";"12/08/2023 08:56";"12-Aug-23";"Unknown";"Others";0;0;"Erin Fischer";"Abigail Suzuki";"Jennifer Nguyen";"On Job Training";"Evening";5
"01ce2180-ee4c-40fa-818b-5c4c18cdbf77";"Inbound";"Order Related";"Priority delivery";"";"b3b04266-396e-4bc9-8d91-e5146e9dc02e";"";"22/08/2023 09:28";"22/08/2023 09:32";"22-Aug-23";"Unknown";"Others";0;0;"Sarah Henderson";"Ava Wong";"Jennifer Nguyen";"On Job Training";"Morning";5
"01ce667d-837f-46a9-ba34-e31463af26ca";"Outcall";"Returns";"Return request";"Kindly remove all bad quality products";"f1ab2a4f-320e-4a78-bf8e-6c646ddd5fce";"";"22/08/2023 22:45";"22/08/2023 22:50";"22-Aug-23";"Unknown";"Others";0;0;"Frank Garza";"Mia Patel";"William Kim";"On Job Training";"Evening";5
"01cef62a-6ff8-4fb7-a3a9-07bb82b0cf0d";"Outcall";"Returns";"Reverse Pickup Enquiry";"";"8dfa48f8-dbca-4deb-ac7e-77507d4e0473";"04/08/2023 18:42";"17/08/2023 15:53";"19/08/2023 09:48";"19-Aug-23";"DUMKA";"Electronics";999;393;"Devon Daniel";"Olivia Wang";"Olivia Tan";"0-30";"Afternoon";4
"01cf7882-adc9-476c-adea-2fe819b7a7ce";"Inbound";"Returns";"Reverse Pickup Enquiry";"";"dfbdd137-e7a3-43a1-b50a-51bbf9fbeb5d";"";"19/08/2023 16:47";"19/08/2023 16:48";"19-Aug-23";"Unknown";"Others";0;0;"Haley Carroll";"William Park";"John Smith";"61-90";"Evening";5
"01d21811-9c12-47f9-80be-8f06bcfe0ac2";"Inbound";"Order Related";"Order status enquiry";"";"c951b1f1-c7f0-40c9-8020-105447db8d63";"07/08/2023 09:42";"14/08/2023 08:58";"14/08/2023 10:54";"14-Aug-23";"NEW DELHI";"LifeStyle";1218;0;"Patricia Holmes";"Emma Park";"John Smith";">90";"Morning";5
"01d3846c-8a95-4031-b172-73d20fa5a8be";"Outcall";"Returns";"Return request";"";"";"";"14/08/2023 08:59";"14/08/2023 09:30";"14-Aug-23";"Unknown";"Others";0;0;"Gabriel Hansen";"Aiden Patel";"John Smith";">90";"Morning";5
"01d39088-a448-4ae7-baa9-f5c794818d39";"Outcall";"Order Related";"Seller Cancelled Order";"Very good";"56914f8b-eef9-4b8c-bd2a-93125675e6bb";"";"24/08/2023 09:31";"24/08/2023 09:35";"24-Aug-23";"Unknown";"Others";0;0;"Stacy Sims";"Jacob Sato";"Jennifer Nguyen";"On Job Training";"Morning";5
"01d4b10a-713f-4f34-893e-13136fd1627c";"Outcall";"Order Related";"Delayed";"";"e90317c3-5b18-43a5-9947-e3780c4e6a1e";"10/08/2023 19:09";"18/08/2023 20:33";"18/08/2023 21:07";"18-Aug-23";"JAGDALPUR";"Mobile";13999;0;"Darren Watson";"Logan Lee";"Emily Chen";"0-30";"Evening";5
"01d5c7a8-46cb-4ce5-8990-5ee8c5cac9d0";"Inbound";"Shopzilla Related";"Account updation";"Customer Communication is the best";"3edf89ba-6fb1-47ee-b08d-4c827cea845d";"";"23/08/2023 19:59";"23/08/2023 20:04";"23-Aug-23";"Unknown";"Others";0;0;"Mario Terrell";"Elijah Yamaguchi";"John Smith";">90";"Evening";5
"01d644bb-c23e-42e3-a8f7-d8f2224b5e2b";"Inbound";"Refund Related";"Refund Related Issues";"";"";"";"27/08/2023 21:26";"27/08/2023 21:27";"27-Aug-23";"Unknown";"Others";0;0;"Timothy Fernandez";"Madison Kim";"John Smith";"31-60";"Morning";5
"01d7cb66-cf59-497b-9ac0-2d66e82e12c1";"Email";"Returns";"Wrong";"";"1a77c669-b2e2-44d5-8c7a-1f7d0b4aaa7d";"";"23/08/2023 10:22";"23/08/2023 22:03";"23-Aug-23";"Unknown";"Others";0;0;"Phillip Mccoy";"Lily Chen";"Michael Lee";">90";"Morning";4
"01d96c51-70ea-4310-a40a-619aa7c24692";"Inbound";"Order Related";"Order status enquiry";"";"e82a914e-f3da-43f1-bf63-1734eb7734ee";"22/06/2023 08:18";"20/08/2023 12:21";"20/08/2023 12:51";"20-Aug-23";"NALBARI";"Electronics";969;0;"Sarah Gutierrez";"Emily Yamashita";"Michael Lee";"61-90";"Morning";1
"01d9cc10-01ad-4e86-a38f-65af6af2dbef";"Inbound";"Returns";"Reverse Pickup Enquiry";"Very good";"c7120167-cb68-413b-b170-dab3cea667a9";"";"24/08/2023 19:18";"24/08/2023 19:20";"24-Aug-23";"Unknown";"Others";0;0;"Chad Daniel";"Scarlett Chen";"John Smith";">90";"Morning";5
"01d9e1c4-1cb1-4c26-aa72-b392ab444409";"Inbound";"Order Related";"Installation/demo";"";"2bf5ef0d-198c-4e13-9829-66e25ada3977";"";"20/08/2023 23:01";"20/08/2023 23:03";"20-Aug-23";"Unknown";"Others";0;0;"Nicholas Mata";"Wyatt Kim";"Michael Lee";"61-90";"Afternoon";5
"01de0442-2180-4ba5-a08f-d2ee20806b6a";"Inbound";"Returns";"Reverse Pickup Enquiry";"";"33271d47-d4cb-41b5-89dd-606a342be523";"";"07/08/2023 17:55";"07/08/2023 17:59";"07-Aug-23";"Unknown";"Others";0;0;"Michael Martin";"Noah Patel";"Michael Lee";"31-60";"Evening";4
"01de61a4-af23-48d4-9362-82384ebdc9eb";"Inbound";"Cancellation";"Not Needed";"";"";"";"12/08/2023 18:05";"12/08/2023 18:08";"12-Aug-23";"Unknown";"Others";0;0;"Scott Sanchez";"Ethan Nakamura";"Emily Chen";"0-30";"Evening";5
"01e02ee4-3d45-4deb-994b-b69846878241";"Inbound";"Returns";"Reverse Pickup Enquiry";"";"47d529f0-dbdc-4871-9595-4de0e7244353";"";"10/08/2023 08:42";"10/08/2023 09:41";"10-Aug-23";"Unknown";"Others";0;0;"Linda Foster";"Noah Patel";"Emily Chen";">90";"Morning";5
"01e12f39-4cc4-4a7e-ad23-5321eb4c2ea2";"Inbound";"Returns";"Reverse Pickup Enquiry";"";"";"";"16/08/2023 12:06";"16/08/2023 12:06";"16-Aug-23";"Unknown";"Others";0;0;"Carol Reid";"Evelyn Kimura";"John Smith";"0-30";"Morning";4
"01e15b7c-5519-45b2-94f9-4e0c22bbc788";"Inbound";"Order Related";"Delayed";"";"3de1672a-8313-40b7-8640-38c315d4733e";"19/08/2023 20:09";"25/08/2023 20:45";"25/08/2023 21:04";"25-Aug-23";"PATIALA";"LifeStyle";749;0;"Laura Farmer";"Nathan Patel";"Michael Lee";">90";"Afternoon";5
"01e3601c-d3a3-4f8f-9353-794242dd583e";"Inbound";"Returns";"Reverse Pickup Enquiry";"good girl";"ff9bd454-c56a-406d-8ad0-f6d828c2d944";"13/07/2023 15:40";"20/08/2023 21:31";"20/08/2023 21:33";"20-Aug-23";"GIRIDIH";"LifeStyle";1865;0;"Christian Armstrong";"Wyatt Kim";"Michael Lee";">90";"Evening";5
"01e373ad-a2f7-469f-af78-9c03130d8e69";"Outcall";"Cancellation";"Not Needed";"";"";"";"15/08/2023 23:55";"16/08/2023 09:55";"16-Aug-23";"Unknown";"Others";0;0;"Lindsay Campbell";"Noah Patel";"Michael Lee";"31-60";"Evening";4
"01e433b8-f447-42af-aff9-b6084c92b568";"Inbound";"Returns";"Reverse Pickup Enquiry";"";"0035b190-ae8c-432a-83e0-d7c9c390063c";"";"18/08/2023 19:30";"18/08/2023 19:43";"18-Aug-23";"Unknown";"Others";0;0;"Shelly Bell";"Abigail Suzuki";"Jennifer Nguyen";"On Job Training";"Morning";5
"01e44e04-53d9-40ae-95e1-a95dd7b405fa";"Inbound";"Returns";"Technician Visit";"";"b6584dc2-3d21-4623-b519-36c6807d1317";"14/07/2023 10:23";"05/08/2023 12:11";"05/08/2023 12:13";"05-Aug-23";"WARANGAL";"Home Appliences";8499;0;"Mackenzie Scott MD";"Emma Park";"John Smith";"31-60";"Morning";5
"01e4dc8f-430f-40e0-8208-fa3ee13a94b2";"Inbound";"Returns";"Return request";"";"d915c500-8003-4051-b7cc-aef1b6ba6fd7";"";"24/08/2023 14:40";"24/08/2023 15:23";"24-Aug-23";"Unknown";"Others";0;0;"Jessica Sawyer";"Carter Park";"Jennifer Nguyen";"On Job Training";"Morning";4
"01e644c1-305e-4f48-9fac-692505fc2480";"Inbound";"Returns";"Exchange / Replacement";"";"23c2f6cf-12fb-4ffc-aec8-f51b35d9d884";"";"24/08/2023 20:09";"25/08/2023 00:39";"25-Aug-23";"Unknown";"Others";0;0;"Sarah Taylor";"Carter Park";"Jennifer Nguyen";"On Job Training";"Morning";5
"01e6dddd-bb90-4097-9266-01d370611cdb";"Email";"Returns";"Reverse Pickup Enquiry";"";"67b4077d-2ad6-477d-a7eb-c2381a14980f";"29/07/2023 23:01";"01/08/2023 18:14";"01/08/2023 18:15";"01-Aug-23";"SIRSA";"Electronics";1999;0;"Darren Watson";"Logan Lee";"Emily Chen";"0-30";"Evening";5
"01e78d51-bb4d-4fb5-87c1-0d179c9781d7";"Outcall";"Returns";"Return request";"He can't resolve my issue";"421fe274-cf80-4f04-b93a-d0463da2e472";"09/08/2023 11:06";"20/08/2023 20:10";"20/08/2023 21:00";"20-Aug-23";"BULDHANA";"Home";989;0;"Thomas Wiggins";"Emily Yamashita";"William Kim";"On Job Training";"Evening";1
"01e819e0-8f9a-4553-8b0d-44bacdbb4ff9";"Inbound";"Product Queries";"Product Specific Information";"Worst customer support";"";"";"27/08/2023 19:17";"27/08/2023 21:28";"27-Aug-23";"Unknown";"Others";0;0;"Charles Moore";"Nathan Patel";"Jennifer Nguyen";"On Job Training";"Evening";1
"01e93468-e595-4aac-91aa-845021c580d6";"Inbound";"Returns";"Return request";"Use less of OTP.give chence to change number";"736e720f-eeb1-4d41-8f1e-936ea86cbe1a";"";"07/08/2023 09:44";"07/08/2023 09:51";"07-Aug-23";"Unknown";"Others";0;0;"David Meza MD";"Olivia Suzuki";"John Smith";"31-60";"Morning";5
"01ebc046-7d2d-4bbf-be45-65c44f39c4ad";"Inbound";"Cancellation";"Not Needed";"My query has not been solved even after being in touche with customer executives consistently daily for more than 20 days. If no resolution provided by the end of the day, I am left with no option but to SUE Shopzilla.";"fc6c0fe3-48b2-45a5-be18-ca05b5f26270";"02/08/2023 18:29";"29/08/2023 12:55";"29/08/2023 13:13";"29-Aug-23";"KHARAR";"Furniture";35999;0;"Chad Wells";"Evelyn Kimura";"Jennifer Nguyen";"On Job Training";"Morning";5
"01edb59c-8c3e-44ae-aff2-c48767d95271";"Email";"Returns";"Reverse Pickup Enquiry";"Quick response and quick resolution";"786d000b-7ab8-429d-87f2-962b725a028e";"";"23/08/2023 11:48";"23/08/2023 14:50";"23-Aug-23";"Unknown";"Others";0;0;"Ashley Ward";"Carter Park";"Jennifer Nguyen";"On Job Training";"Evening";1
"01f183b5-6126-44b6-9229-fc473f519ecf";"Inbound";"Order Related";"Order status enquiry";"Very";"452d70bd-94fd-4fe9-a857-159471c772b6";"";"17/08/2023 21:18";"17/08/2023 22:59";"17-Aug-23";"Unknown";"Others";0;0;"Colleen Savage";"Ava Wong";"William Kim";"On Job Training";"Evening";1
"01f27ea7-c3fd-46bb-bc2b-0c07749f5bdf";"Inbound";"Order Related";"Delayed";"";"";"";"03/08/2023 18:37";"03/08/2023 18:38";"03-Aug-23";"Unknown";"Others";0;0;"Wayne Jimenez";"Isabella Wong";"Emily Chen";">90";"Evening";5
"01f2d2e2-1f52-4bf1-b496-52d3f8436cea";"Outcall";"Returns";"Return request";"Ek necessary action against the seller which are receiving complain frequently because it causes inconvenience to the customers which is not a good at all.";"e70be1e1-1c1d-4875-840e-0f0acc5e3ee3";"";"29/08/2023 21:21";"29/08/2023 21:26";"29-Aug-23";"Unknown";"Others";0;0;"Wanda Kelly";"Logan Lee";"Jennifer Nguyen";"On Job Training";"Morning";5
"01f33ce5-7761-4566-b633-ab499c5595f0";"Inbound";"Order Related";"Order status enquiry";"";"75ec4af1-077e-4444-98ff-88066cf5e85f";"";"31/08/2023 20:07";"31/08/2023 20:27";"31-Aug-23";"Unknown";"Others";0;0;"Brenda Gillespie";"Dylan Kim";"William Kim";"On Job Training";"Evening";5
"01f34d75-3eeb-47e3-b250-9b8d6815e0d0";"Inbound";"Order Related";"Installation/demo";"";"934b6d5b-4ecd-4a50-8b1e-5b9dec4a5038";"29/06/2023 13:24";"04/08/2023 22:06";"05/08/2023 14:45";"05-Aug-23";"FULIA";"Electronics";1099;0;"Oscar Mcdowell";"Amelia Tanaka";"Emily Chen";">90";"Split";3
"01f3d46b-1781-4bf5-b888-ef8986371e4e";"Outcall";"Order Related";"Invoice request";"";"1c95f1c4-04a7-4323-a22e-13a84dd547fc";"";"29/08/2023 12:50";"29/08/2023 12:56";"29-Aug-23";"Unknown";"Others";0;0;"Kimberly Rogers";"Scarlett Chen";"John Smith";"0-30";"Morning";5
"01f40dd9-6a70-42ca-bc37-0ed91ed1a5e2";"Inbound";"Returns";"Reverse Pickup Enquiry";"";"";"";"03/08/2023 16:47";"03/08/2023 16:52";"03-Aug-23";"Unknown";"Others";0;0;"Nicole Green";"Elijah Yamaguchi";"John Smith";"61-90";"Evening";5
"01f56b53-65f2-475e-a329-c3b44005dc67";"Inbound";"Returns";"Reverse Pickup Enquiry";"";"";"";"16/08/2023 14:41";"16/08/2023 15:41";"16-Aug-23";"Unknown";"Others";0;0;"Stacy Sims";"Jacob Sato";"Jennifer Nguyen";"On Job Training";"Morning";1
"01f5af16-5e4f-4dc1-9143-9eddfde04e9b";"Outcall";"Returns";"Reverse Pickup Enquiry";"";"de7750ca-aab6-4dd9-8786-6628d18b888d";"";"21/08/2023 12:08";"21/08/2023 12:24";"21-Aug-23";"Unknown";"Others";0;0;"Erin Smith MD";"Evelyn Kimura";"John Smith";"0-30";"Morning";4
"01f649e8-1dd6-4b41-b2a2-0a68d0e60265";"Inbound";"Returns";"Return request";"Please work on sending OTP in the time confirmed by you... This issue could not have arise at the first place if you would have proactively address the issue of OTP. Thank you";"";"";"13/08/2023 13:07";"13/08/2023 13:23";"13-Aug-23";"Unknown";"Others";0;0;"Michael Scott";"Olivia Wang";"John Smith";">90";"Evening";5
"01fa64af-3e82-44bb-a0a6-55984bb21934";"Inbound";"Returns";"Return request";"Good customer service";"fc5d7a07-5530-44d1-bee0-437ce7aea645";"";"07/08/2023 14:19";"07/08/2023 14:31";"07-Aug-23";"Unknown";"Others";0;0;"Kevin Cook";"Mia Patel";"John Smith";">90";"Morning";5
"01fb6726-81d4-4cae-9e5f-244101c6bb0f";"Outcall";"Product Queries";"Product Specific Information";"";"";"";"13/08/2023 13:47";"13/08/2023 14:19";"13-Aug-23";"Unknown";"Others";0;0;"Monica Edwards";"Harper Wong";"Emily Chen";">90";"Afternoon";5
"01fcfa6d-27ad-4b73-881c-52914dbc819a";"Inbound";"Order Related";"Installation/demo";"Bed product";"86e8bf5c-53ca-4dac-bb13-c74a62600a2a";"04/04/2023 17:01";"11/08/2023 15:09";"11/08/2023 15:28";"11-Aug-23";"NADIAD";"Electronics";1299;0;"Kerry Austin";"Ava Wong";"Olivia Tan";">90";"Evening";1
"01fde667-7729-4352-90f5-c363d56f3fc5";"Inbound";"Returns";"Reverse Pickup Enquiry";"";"23068983-326c-4cc9-9c04-867375f7e7b7";"";"06/08/2023 19:44";"06/08/2023 21:58";"06-Aug-23";"Unknown";"Others";0;0;"Andrea Suarez";"Ethan Tan";"Michael Lee";">90";"Evening";5
"01fe6581-a8e6-4ee1-98d4-3cdb1f9f180c";"Inbound";"Order Related";"Delayed";"My delivery is not pickup but if is pickup";"";"";"16/08/2023 10:40";"16/08/2023 10:42";"16-Aug-23";"Unknown";"Others";0;0;"Michelle Williams";"Mason Gupta";"Jennifer Nguyen";"On Job Training";"Morning";1
"01ff4d09-237a-4e16-80a2-66f9b21b1448";"Outcall";"Returns";"Return request";"MAKE REFUND IN ALL PRODUCTS";"20c00e86-db2e-460f-8948-ca3032b57343";"11/08/2023 11:05";"20/08/2023 17:40";"20/08/2023 17:46";"20-Aug-23";"LUCKNOW";"Books & General merchandise";594;0;"Erika Nelson";"Jackson Park";"William Kim";"On Job Training";"Evening";5
"02001c87-17c8-46dd-a799-c43dbde0a755";"Inbound";"Returns";"Fraudulent User";"";"69616bb7-1bdc-47e3-905f-d1d4c56ca025";"19/07/2023 15:19";"11/08/2023 10:01";"11/08/2023 10:03";"11-Aug-23";"JAHANGIRPUR";"Electronics";1698;0;"James Jordan";"Aiden Patel";"John Smith";"31-60";"Morning";5
"02011c3a-9df4-4723-8a76-37bcab69c7af";"Inbound";"Returns";"Missing";"";"03ed5523-2137-4b77-9529-d67446585cd1";"";"10/08/2023 08:48";"10/08/2023 08:49";"10-Aug-23";"Unknown";"Others";0;0;"Robert Lara";"Brayden Wong";"John Smith";"31-60";"Evening";5
"0202e895-41bf-4814-b390-a9ba5f3a0964";"Outcall";"Returns";"Fraudulent User";"";"1e2dab9e-f4aa-4e66-a113-758e881a3b0d";"";"26/08/2023 10:29";"26/08/2023 10:32";"26-Aug-23";"Unknown";"Others";0;0;"Christopher Chan";"Ava Wong";"Jennifer Nguyen";"On Job Training";"Morning";5
"020321b3-d37c-4dbf-b7bb-78f06cec89f4";"Inbound";"Refund Related";"Refund Enquiry";"Good";"031dbb23-aed7-4bf0-989d-1a7e3bb36ce8";"";"22/08/2023 18:15";"22/08/2023 18:17";"22-Aug-23";"Unknown";"Others";0;0;"Emma Wyatt";"Aiden Patel";"Olivia Tan";"On Job Training";"Evening";5
"02048867-82bb-4d9f-9c5d-06885d914386";"Outcall";"Order Related";"Priority delivery";"";"21cdfbbb-7049-4dc8-a2be-1a3a421846a4";"27/08/2023 19:10";"31/08/2023 20:44";"31/08/2023 20:45";"31-Aug-23";"CUTTACK";"Affiliates";158;0;"Jennifer Cline";"Logan Lee";"Jennifer Nguyen";"On Job Training";"Evening";5
"020498a1-b73d-4215-9989-c8bae2a6d956";"Inbound";"Order Related";"Delayed";"Very very good";"13ef21d6-3efe-4a1e-bcca-02056a289d4e";"01/08/2023 13:21";"10/08/2023 08:02";"10/08/2023 08:05";"10-Aug-23";"RUPNAGAR";"Home";3219;0;"Paul Johnson";"Dylan Kim";"Michael Lee";">90";"Morning";5
"0204c781-66f4-47ef-8263-faf9cf4b9518";"Outcall";"Order Related";"Delayed";"OK";"";"";"14/08/2023 16:54";"14/08/2023 16:55";"14-Aug-23";"Unknown";"Others";0;0;"Donna Miller";"Logan Lee";"Emily Chen";"61-90";"Evening";5
"0205fb80-45fa-48dd-b01b-1ab8f8cc99de";"Email";"Returns";"Fraudulent User";"";"03242ece-4968-43de-8514-98b8f36466b5";"";"24/08/2023 21:25";"24/08/2023 21:25";"24-Aug-23";"Unknown";"Others";0;0;"Joseph Brown";"Brayden Wong";"Olivia Tan";">90";"Morning";4
"020639c0-9b04-4588-ae79-d024e631bce3";"Inbound";"Feedback";"UnProfessional Behaviour";"Very very good";"7bf0a3a1-4879-4c8b-b041-30e1b28d1b4e";"";"28/08/2023 15:13";"28/08/2023 00:00";"28-Aug-23";"Unknown";"Others";0;0;"Paula Castillo";"Landon Tanaka";"Emily Chen";"61-90";"Morning";5
"02063b69-4b6a-4d3c-a138-b1797e4695be";"Email";"Returns";"Fraudulent User";"I donu2019t have any issue.";"d43e2f00-8de5-4cb0-93cb-b3a3ee74537f";"";"29/08/2023 14:58";"29/08/2023 15:01";"29-Aug-23";"Unknown";"Others";0;0;"Nicole Miranda";"Charlotte Suzuki";"Olivia Tan";">90";"Morning";5
"02073c4a-79e2-46af-ae8f-8471a9c83453";"Outcall";"Order Related";"Invoice request";"";"3ea30e7e-108b-41a6-9a05-1b8e919ae973";"";"22/08/2023 16:18";"22/08/2023 16:27";"22-Aug-23";"Unknown";"Others";0;0;"Thomas Adams";"Ava Wong";"William Kim";"On Job Training";"Evening";1
"02091a4f-18fb-4035-97dd-7541e3b0d887";"Inbound";"Product Queries";"Product Specific Information";"";"409e6c53-45f7-402d-bb8f-8c46f0b431ef";"";"17/08/2023 11:48";"17/08/2023 17:51";"17-Aug-23";"Unknown";"Others";0;0;"Amanda Sloan";"Elijah Yamaguchi";"John Smith";">90";"Evening";3
"02099d69-38a2-417e-b83e-356642fd91a9";"Inbound";"Returns";"Reverse Pickup Enquiry";"";"49910a0d-a37c-4230-84ab-7b62d7f1f4ae";"";"02/08/2023 12:50";"02/08/2023 12:53";"02-Aug-23";"Unknown";"Others";0;0;"Matthew Rodriguez";"Isabella Wong";"Emily Chen";">90";"Morning";5
"0209c3ba-6bb2-48a1-afe5-9f365f4d2024";"Inbound";"Order Related";"Delayed";"";"140fd9f6-6c45-4e20-87ca-bee43c5408c6";"";"05/08/2023 18:44";"05/08/2023 23:34";"05-Aug-23";"Unknown";"Others";0;0;"Omar Odonnell";"Nathan Patel";"John Smith";">90";"Split";5
"0209f37d-af3e-4df8-bdf2-9917dd65ac8a";"Inbound";"Product Queries";"Product Specific Information";"";"a6eb9528-d4bb-4c8a-a766-ab3dafa44a4f";"";"18/08/2023 14:14";"18/08/2023 14:18";"18-Aug-23";"Unknown";"Others";0;0;"Sarah Ross";"Jacob Sato";"Jennifer Nguyen";"On Job Training";"Morning";4
"020ae0fb-d6d5-43c0-b5bf-b6359eca22af";"Inbound";"Returns";"Return request";"";"00e1ed7b-fd33-43d8-bfb9-1f7f0ba135fc";"";"28/08/2023 14:20";"28/08/2023 00:00";"28-Aug-23";"Unknown";"Others";0;0;"Penny Lam";"Elijah Yamaguchi";"Emily Chen";"61-90";"Evening";5
"020b6d65-49a2-47ac-8cc9-8d5fc2787457";"Inbound";"Returns";"Reverse Pickup Enquiry";"Very poor service";"";"";"12/08/2023 22:09";"12/08/2023 22:17";"12-Aug-23";"Unknown";"Others";0;0;"Fred Newman";"Amelia Tanaka";"Michael Lee";">90";"Morning";1
"020ccc2c-6407-4ac6-bae7-2c60554d743e";"Inbound";"Shopzilla Related";"Shopzila Premium Related";"Waste of time to contact Customer Care";"dcfba1eb-69d5-4ca0-9e5d-7a8c93a3e77b";"";"28/08/2023 09:09";"28/08/2023 00:00";"28-Aug-23";"Unknown";"Others";0;0;"Laura Young";"Austin Johnson";"William Kim";"On Job Training";"Morning";1
"020cf9ac-1801-439a-9029-3c0bd7c2ffda";"Outcall";"Payments related";"Online Payment Issues";"";"";"";"03/08/2023 05:48";"03/08/2023 05:50";"03-Aug-23";"Unknown";"Others";0;0;"Lindsey Colon";"William Park";"John Smith";"31-60";"Morning";5
"020d2e94-0d7a-46a1-80e7-12895521a427";"Outcall";"Order Related";"Invoice request";"Bahut acchi service";"5e80b2a3-874a-43b6-b8ea-2fcbd5b0a673";"";"31/08/2023 01:36";"31/08/2023 06:08";"31-Aug-23";"Unknown";"Others";0;0;"Douglas Savage";"Jackson Park";"John Smith";">90";"Morning";5
"020dcd2b-c4dc-4902-9ce8-15c33ad72d15";"Inbound";"Order Related";"Invoice request";"Thak you.";"ed8c20a6-3edb-40aa-9770-39abd714abb5";"08/08/2023 13:12";"11/08/2023 19:48";"11/08/2023 19:49";"11-Aug-23";"PATIALA";"Electronics";199;0;"Zachary Ford";"Ava Wong";"William Kim";"On Job Training";"Evening";3
"020e81ab-6025-45ca-81ce-112d80f6dc14";"Inbound";"Order Related";"Installation/demo";"";"9ad8c3ff-f92d-44e8-a6f4-f8f77584aeb9";"";"07/08/2023 22:18";"07/08/2023 22:23";"07-Aug-23";"Unknown";"Others";0;0;"Lisa Thompson DVM";"Carter Park";"Michael Lee";">90";"Evening";5
"020ec410-6d87-4215-a44a-16e4a149a5c4";"Inbound";"Product Queries";"Product Specific Information";"";"4c5a53b1-87d5-4d43-989d-8bde4a2fabe4";"";"10/08/2023 01:06";"10/08/2023 01:21";"10-Aug-23";"Unknown";"Others";0;0;"John Joseph";"Nathan Patel";"Emily Chen";"0-30";"Evening";5
"020ed9bb-f7a3-403b-be50-924227e97d81";"Inbound";"Returns";"Reverse Pickup Enquiry";"";"bfcc5ae7-bbcd-4f8e-99dd-6d9db37952a7";"";"02/08/2023 10:26";"02/08/2023 11:27";"02-Aug-23";"Unknown";"Others";0;0;"Anna Lawrence";"Mason Gupta";"Jennifer Nguyen";"On Job Training";"Morning";4
"020eeb83-56ad-4923-b4de-3c3da08798af";"Outcall";"Returns";"Return request";"";"";"";"12/08/2023 16:34";"12/08/2023 16:40";"12-Aug-23";"Unknown";"Others";0;0;"Ashley Rush";"Nathan Patel";"Michael Lee";">90";"Afternoon";5
"020f1d24-028b-4abe-ad51-d87ced1494c7";"Inbound";"Returns";"Reverse Pickup Enquiry";"";"effb96a7-2cb2-4c9e-9a8a-592235e0cdfa";"";"08/08/2023 15:08";"08/08/2023 15:40";"08-Aug-23";"Unknown";"Others";0;0;"Michael Miller";"Sophia Sato";"John Smith";"0-30";"Morning";5
"020f7a89-a73d-4c87-9bb9-70f62cfe0805";"Inbound";"Refund Related";"Refund Related Issues";"Refund process is not good team Shopzilla";"4ba5ace7-b5dc-4678-be38-dbebb8b3181c";"03/07/2023 09:12";"01/08/2023 14:47";"01/08/2023 14:50";"01-Aug-23";"KISHTWAR";"Books & General merchandise";294;0;"Jake Chapman";"Wyatt Kim";"Jennifer Nguyen";"On Job Training";"Morning";1
"0210729f-2c29-48fb-a8c0-9a328ffd239a";"Inbound";"Returns";"Wrong";"Help is good";"779b82d5-a738-4744-b199-8cf69384432e";"";"18/08/2023 10:27";"18/08/2023 10:33";"18-Aug-23";"Unknown";"Others";0;0;"Adriana Adams";"Sophia Sato";"John Smith";"0-30";"Morning";5
"02118932-3c75-4383-9a4f-218fb8026b61";"Inbound";"Payments related";"Wallet related";"";"";"";"04/08/2023 10:45";"04/08/2023 10:47";"04-Aug-23";"Unknown";"Others";0;0;"Tina Harrington";"Carter Park";"Michael Lee";">90";"Morning";4
"02120ac4-7e0f-4df8-9642-b59b93bd9daf";"Outcall";"Returns";"Missing";"";"8145c0f1-c788-4b3e-a720-aa080f11c26f";"";"01/08/2023 13:12";"01/08/2023 17:23";"01-Aug-23";"Unknown";"Others";0;0;"Jamie Burnett";"Mia Patel";"Olivia Tan";"0-30";"Morning";5
"02120c3c-9d8f-496b-ba50-f2167434709f";"Outcall";"Order Related";"Installation/demo";"Thank you";"";"";"15/08/2023 09:24";"15/08/2023 09:29";"15-Aug-23";"Unknown";"Others";0;0;"Alexandra Barron";"Austin Johnson";"Jennifer Nguyen";"On Job Training";"Evening";4
"02123d04-cad6-439a-8e03-4a65c0836285";"Inbound";"Returns";"Fraudulent User";"";"";"";"15/08/2023 11:02";"15/08/2023 11:03";"15-Aug-23";"Unknown";"Others";0;0;"Kelly Thomas";"Scarlett Chen";"John Smith";">90";"Morning";5
"02128c9b-7049-4dbd-8a69-d76834a3305a";"Inbound";"Order Related";"Invoice request";"";"";"";"13/08/2023 14:56";"13/08/2023 15:00";"13-Aug-23";"Unknown";"Others";0;0;"Carol Reid";"Evelyn Kimura";"John Smith";"0-30";"Morning";5
"0212b330-a6a6-4e4c-a9b4-d86697da038e";"Outcall";"Refund Related";"Refund Enquiry";"Good information to the Sir";"b59df2d3-b61d-4317-955f-418f3e8a07d7";"16/08/2023 18:34";"23/08/2023 08:53";"23/08/2023 08:54";"23-Aug-23";"SHEOHAR";"Mobile";16999;0;"Joel Marsh";"Madison Kim";"Michael Lee";"31-60";"Evening";5
"02132261-695f-4c04-b483-2ac70ebf85ab";"Inbound";"Order Related";"Installation/demo";"";"9c2a5d8c-414b-490f-9c73-d5765bb893b5";"";"22/08/2023 21:42";"22/08/2023 21:43";"22-Aug-23";"Unknown";"Others";0;0;"Nicole Choi";"Ava Wong";"Jennifer Nguyen";"On Job Training";"Evening";4
"0213370b-3c86-4501-9dda-ac6fc19bc3fc";"Inbound";"Feedback";"UnProfessional Behaviour";"Chutiya app koi bi isse order mat karo";"f03eccb6-5009-4d00-9048-a50ba687d1c6";"";"17/08/2023 08:02";"17/08/2023 08:07";"17-Aug-23";"Unknown";"Others";0;0;"Zachary Ford";"Ava Wong";"William Kim";"On Job Training";"Evening";1
"02134f43-f539-472b-9f38-f92354b95630";"Outcall";"Returns";"Reverse Pickup Enquiry";"Good";"12ee3c36-2b46-4cb9-89c9-48f7f1a78d21";"";"26/08/2023 16:53";"26/08/2023 20:57";"26-Aug-23";"Unknown";"Others";0;0;"Mr. Daniel Carter";"Ava Wong";"William Kim";"On Job Training";"Evening";5
"0213c15a-fb85-4e92-9eba-56e3df81207f";"Email";"Returns";"Fraudulent User";"";"f3190a60-dd2c-42fb-b371-64035a9b1d54";"";"09/08/2023 20:32";"09/08/2023 20:32";"09-Aug-23";"Unknown";"Others";0;0;"Donna Miller";"Logan Lee";"Emily Chen";"61-90";"Evening";5
"0215ac53-ee19-4bec-92a4-82da5a88b937";"Outcall";"Returns";"Reverse Pickup Enquiry";"Do ask your supplier to give customers only ordered products rather than give the products as per their wish.";"e06d8009-3e11-4046-86e7-848edee8d8f1";"07/08/2023 14:45";"14/08/2023 10:52";"14/08/2023 11:37";"14-Aug-23";"BODINAYAKANUR";"Books & General merchandise";317;0;"Dana Taylor";"Aiden Patel";"John Smith";">90";"Morning";5
"0216dfba-b6ff-4fed-854f-89eb64961777";"Inbound";"Refund Related";"Refund Enquiry";"";"70f630da-4d81-4f20-8b95-4eb8c35d1e06";"19/07/2023 22:32";"04/08/2023 22:09";"04/08/2023 22:11";"04-Aug-23";"HARDOI";"LifeStyle";259;0;"Blake Davis";"Amelia Tanaka";"Michael Lee";"31-60";"Evening";5
"02176ba8-9eb2-40bd-97b9-975b799bbfa4";"Inbound";"Order Related";"Priority delivery";"";"76f96cbc-7bd3-4b14-9f0c-aad7680473a0";"";"28/08/2023 20:30";"28/08/2023 00:00";"28-Aug-23";"Unknown";"Others";0;0;"Melissa Grant";"Zoe Yamamoto";"John Smith";">90";"Morning";4
"021797e9-833e-4b92-ac1a-788fb7b70694";"Inbound";"Returns";"Reverse Pickup Enquiry";"All about talk very good but pick up boy not come fast";"";"";"04/08/2023 10:15";"04/08/2023 14:01";"04-Aug-23";"Unknown";"Others";0;0;"Mikayla Wright";"Jackson Park";"William Kim";"On Job Training";"Morning";5
"0217ba59-cbdb-4922-a023-af07bd24da26";"Inbound";"Returns";"Wrong";"";"";"";"16/08/2023 14:06";"16/08/2023 14:08";"16-Aug-23";"Unknown";"Others";0;0;"Kimberly Rogers";"Scarlett Chen";"John Smith";"0-30";"Morning";3
"0217eb1e-a9f6-48a8-a8e7-6f5c04a36842";"Outcall";"Returns";"Return request";"";"";"";"13/08/2023 14:04";"13/08/2023 15:53";"13-Aug-23";"Unknown";"Others";0;0;"Michael Reilly";"Ethan Nakamura";"Jennifer Nguyen";"On Job Training";"Morning";5
"0218eb58-5418-48d4-9f64-0ef386f73345";"Inbound";"Returns";"Wrong";"";"";"";"15/08/2023 12:57";"15/08/2023 13:26";"15-Aug-23";"Unknown";"Others";0;0;"Juan Moore";"Mason Gupta";"Jennifer Nguyen";"On Job Training";"Morning";4
"02191860-2350-4cf4-af43-35b31e1979ed";"Inbound";"Returns";"Reverse Pickup Enquiry";"";"";"";"14/08/2023 10:35";"15/08/2023 22:24";"15-Aug-23";"Unknown";"Others";0;0;"Jeffrey White";"Olivia Suzuki";"John Smith";"31-60";"Morning";5
"02191b01-cfec-4371-bf13-ea6eedf3b7cd";"Inbound";"Returns";"Missing";"";"85c47133-df4d-4a74-a872-fe6e854eb885";"";"29/08/2023 11:40";"29/08/2023 11:41";"29-Aug-23";"Unknown";"Others";0;0;"Molly Wright";"Mia Patel";"John Smith";">90";"Morning";5
"02191b27-0e2c-45ce-b6e1-a7d9ed26886d";"Outcall";"Order Related";"Delayed";"";"54ba8e21-79e9-482f-9642-79d3872805a5";"";"07/08/2023 19:46";"07/08/2023 19:51";"07-Aug-23";"Unknown";"Others";0;0;"Christopher Jones";"Evelyn Kimura";"Jennifer Nguyen";"On Job Training";"Evening";5
"02192c96-3b9b-4a30-8a35-0f0bdf2aff6a";"Inbound";"Order Related";"Delayed";"";"7e2f4f0a-f78c-4816-8f35-754d1be303a6";"";"28/08/2023 20:20";"28/08/2023 00:00";"28-Aug-23";"Unknown";"Others";0;0;"Christopher Obrien";"Noah Patel";"Michael Lee";">90";"Morning";1
"0219c579-962f-4e3e-be59-e3bd4472d6ea";"Inbound";"Returns";"Return request";"Nice";"20755abf-62f5-4b04-a022-9d0c4ecf89f6";"";"18/08/2023 11:48";"18/08/2023 12:00";"18-Aug-23";"Unknown";"Others";0;0;"Jerry Rodriguez";"Madison Kim";"Michael Lee";"31-60";"Evening";5
"021a2829-6de1-4853-a03b-4707ab1d697a";"Outcall";"Shopzilla Related";"General Enquiry";"";"";"";"27/08/2023 13:10";"27/08/2023 13:15";"27-Aug-23";"Unknown";"Others";0;0;"Brianna Wolf";"Mia Patel";"John Smith";">90";"Morning";5
"021ae0dd-8ef7-4748-bd38-367468424383";"Inbound";"Order Related";"Delayed";"Very slow delivery & work";"f460c419-855d-4a0a-a6e9-5bc9ced0e912";"30/07/2023 18:50";"08/08/2023 12:54";"08/08/2023 13:00";"08-Aug-23";"SURAT";"Books & General merchandise";163;0;"Jessica Nixon";"Harper Wong";"Emily Chen";">90";"Split";1
"021b344f-1a57-4f2a-b15d-96bc069470da";"Outcall";"Cancellation";"Not Needed";"Very good response";"fc1e26a8-492c-476f-8ee2-b7c90654131c";"";"21/08/2023 10:20";"21/08/2023 10:23";"21-Aug-23";"Unknown";"Others";0;0;"Kyle Warren DDS";"Scarlett Chen";"John Smith";"0-30";"Morning";4
"021b53c5-131b-44a7-8146-f9cdc471183f";"Inbound";"Product Queries";"Product Specific Information";"";"ab34f0fe-b384-4dc6-a937-86bed5fabcd7";"";"31/08/2023 14:14";"31/08/2023 15:14";"31-Aug-23";"Unknown";"Others";0;0;"Xavier Little";"Austin Johnson";"William Kim";"On Job Training";"Morning";5
"021b9f52-3997-4c09-a36f-70b71914387d";"Inbound";"Returns";"Reverse Pickup Enquiry";"";"54949b76-62f3-44ab-844a-0ae5edbc7f2b";"22/08/2023 09:28";"30/08/2023 13:34";"30/08/2023 13:39";"30-Aug-23";"RUPNAGAR";"Electronics";1099;0;"Sergio Carrillo";"Emma Park";"Jennifer Nguyen";"On Job Training";"Evening";5
"021ba204-4f09-45c1-9bfb-6095170e7393";"Inbound";"Returns";"Return request";"The customer care executive is toooo good and supportive.....";"";"";"27/08/2023 15:04";"27/08/2023 15:08";"27-Aug-23";"Unknown";"Others";0;0;"Kathryn Jones";"Ethan Nakamura";"Emily Chen";"0-30";"Evening";5
"021cd0e8-5913-4755-bec0-e8f491bc1e3f";"Outcall";"Returns";"Reverse Pickup Enquiry";"Nice";"";"";"13/08/2023 20:07";"13/08/2023 23:32";"13-Aug-23";"Unknown";"Others";0;0;"Brian Mcguire";"Elijah Yamaguchi";"Emily Chen";">90";"Morning";5
"021d510d-4ae6-4388-baa5-6ea0b572dace";"Inbound";"Order Related";"Delayed";"";"eb2bfb2d-8248-4653-a001-f2c3a00f8bf7";"03/08/2023 19:40";"12/08/2023 14:32";"12/08/2023 19:26";"12-Aug-23";"WANKANER";"Books & General merchandise";198;0;"Andrea Peterson";"Nathan Patel";"Michael Lee";">90";"Afternoon";2
"021d55a3-6eeb-46c6-8ca2-da27ac10bda3";"Inbound";"Returns";"Reverse Pickup Enquiry";"";"facb03bc-14c3-40a2-98d2-494bb38ae7f9";"";"08/08/2023 07:06";"08/08/2023 07:42";"08-Aug-23";"Unknown";"Others";0;0;"Nathan Wilson";"Mia Patel";"John Smith";">90";"Morning";5
"021ee1cd-2843-4ac3-958f-7e63bc5cf0c0";"Inbound";"Returns";"Reverse Pickup Enquiry";"";"";"";"04/08/2023 15:13";"04/08/2023 15:16";"04-Aug-23";"Unknown";"Others";0;0;"Jacob Schroeder";"Brayden Wong";"Michael Lee";">90";"Afternoon";5
"021f95b7-5fb4-4885-8478-b5c1fde6af59";"Inbound";"Order Related";"Priority delivery";"";"2d25c91d-6222-4627-b0d7-ecb101ece2a6";"";"10/08/2023 18:21";"10/08/2023 18:24";"10-Aug-23";"Unknown";"Others";0;0;"Dr. Heather Lewis";"Elijah Yamaguchi";"Emily Chen";"61-90";"Evening";5
"021fe854-5db5-46aa-9667-da1fb11a9437";"Inbound";"Order Related";"Delayed";"Spoke person was very polite";"03ebae70-cd79-4be8-aaf3-71952a4c2932";"12/08/2023 22:53";"20/08/2023 11:15";"20/08/2023 11:17";"20-Aug-23";"PUNE";"Home";749;0;"Franklin Dixon";"Emily Yamashita";"John Smith";">90";"Morning";5
"022041b4-9951-485d-8cda-8190bf203356";"Inbound";"Order Related";"Order status enquiry";"Again' I can't order on Shopzilla";"";"";"27/08/2023 17:41";"27/08/2023 17:45";"27-Aug-23";"Unknown";"Others";0;0;"Yesenia Bowers";"Ava Wong";"William Kim";"On Job Training";"Evening";1
"0220abec-b812-422e-9290-b702fb27f250";"Inbound";"Order Related";"Order status enquiry";"";"62191b4e-735c-4db7-9dfd-c8ace2e19c46";"";"17/08/2023 20:27";"17/08/2023 20:28";"17-Aug-23";"Unknown";"Others";0;0;"Angelica Williams";"Ava Wong";"William Kim";"On Job Training";"Evening";4
"0220ad5d-409b-45e7-8def-fc481add49d3";"Inbound";"Returns";"Return request";"";"";"";"15/08/2023 11:19";"15/08/2023 11:25";"15-Aug-23";"Unknown";"Others";0;0;"Tracey Malone";"Carter Park";"Michael Lee";">90";"Morning";4
"022104e3-92ef-4a1e-b1b9-d65d128e12a4";"Inbound";"Returns";"Reverse Pickup Enquiry";"Best";"4603f2d3-3b2e-48dc-8320-cfa5b10a8500";"02/08/2023 17:50";"15/08/2023 10:39";"15/08/2023 10:43";"15-Aug-23";"BILASPUR";"Books & General merchandise";199;0;"Dawn Whitaker";"Austin Johnson";"Michael Lee";"0-30";"Morning";5
"02211775-1005-4399-9048-472cd628cae8";"Inbound";"Shopzilla Related";"Shopzilla Rewards";"";"d82915f5-a562-4589-b2d8-8898bb2722da";"";"22/08/2023 10:58";"22/08/2023 11:00";"22-Aug-23";"Unknown";"Others";0;0;"Gabriel Campos";"Abigail Suzuki";"William Kim";"On Job Training";"Morning";5
"022187a8-c461-406b-9be8-d95738379756";"Inbound";"Returns";"Reverse Pickup Enquiry";"**ing customer service and product";"10f40a34-dfd0-403a-92ac-cedd57d8fb53";"";"06/08/2023 12:05";"06/08/2023 14:12";"06-Aug-23";"Unknown";"Others";0;0;"Rose Moore";"Madison Kim";"John Smith";">90";"Morning";1
"022228a3-4a20-4d99-b4b8-ed39b92f926f";"Inbound";"Order Related";"Order status enquiry";"Improve to helpful support. And and improve some tracking features.";"f6dcd31e-6faf-43e1-8b24-b1b0d608abcb";"";"30/08/2023 10:41";"31/08/2023 12:12";"31-Aug-23";"Unknown";"Others";0;0;"Amy Berry";"Elijah Yamaguchi";"John Smith";">90";"Evening";3
"02222cef-16d0-4eb9-9b70-c6e46833639d";"Outcall";"Order Related";"Delayed";"So good";"ccabad78-c2da-474f-a391-f6d50973ac98";"";"10/08/2023 12:29";"10/08/2023 12:33";"10-Aug-23";"Unknown";"Others";0;0;"Mackenzie Phillips";"Emma Park";"John Smith";"31-60";"Morning";5
"0222b08c-90cc-44ac-984a-7602f0134641";"Inbound";"Order Related";"Seller Cancelled Order";"";"e4835866-cba2-4959-8b04-c696c194c161";"09/08/2023 19:08";"15/08/2023 19:39";"19/08/2023 16:57";"19-Aug-23";"UDAIPUR";"LifeStyle";349;0;"Mary Ross";"Olivia Suzuki";"Jennifer Nguyen";"On Job Training";"Morning";5
"02241dbe-c4d7-49ad-a626-b294a5ad1e22";"Outcall";"Order Related";"Customer Requested Modifications";"Great ??";"94ecd063-8172-4ef2-a551-ceca0c868958";"";"06/08/2023 10:58";"06/08/2023 11:01";"06-Aug-23";"Unknown";"Others";0;0;"Anna Lawrence";"Mason Gupta";"Jennifer Nguyen";"On Job Training";"Morning";5
"0225ee83-4f51-4529-9673-5f2ecfcc69ef";"Outcall";"Returns";"Reverse Pickup Enquiry";"Good ??";"feec758d-7b83-46d1-93ef-e2683bfd77da";"";"21/08/2023 10:57";"21/08/2023 11:26";"21-Aug-23";"Unknown";"Others";0;0;"David Williamson";"Carter Park";"Jennifer Nguyen";"On Job Training";"Evening";5
"022633b4-0ba4-4250-b3b5-130a091eacae";"Inbound";"Returns";"Missing";"";"a09f955c-e461-4f9d-983f-4f9cb6d52c96";"";"25/08/2023 09:12";"25/08/2023 09:15";"25-Aug-23";"Unknown";"Others";0;0;"Scott Sutton";"Jackson Park";"Michael Lee";"31-60";"Evening";5
"0227e968-328a-4621-ae46-afe837a3f0f8";"Inbound";"Returns";"Fraudulent User";"";"9fc6dec7-13d7-4743-94b4-076345ae544e";"11/08/2023 20:18";"17/08/2023 09:19";"18/08/2023 21:25";"18-Aug-23";"DINDIGUL";"Books & General merchandise";309;0;"Stephanie Ryan";"Nathan Patel";"Michael Lee";">90";"Afternoon";4
"02288297-c814-4105-bbff-dc99949ea585";"Inbound";"Order Related";"Order status enquiry";"";"448174b1-4561-43c9-8f7f-918f206f8786";"22/08/2023 22:23";"29/08/2023 13:53";"29/08/2023 14:08";"29-Aug-23";"MEDAK";"Books & General merchandise";899;0;"Cody Perez";"Harper Wong";"William Kim";"On Job Training";"Evening";4
"022993db-0fdd-4bc0-9063-0d058c28103b";"Inbound";"Refund Related";"Refund Enquiry";"";"0f8c7e21-fe8d-48d3-812e-007d5c2f86ce";"";"28/08/2023 16:19";"29/08/2023 10:08";"29-Aug-23";"Unknown";"Others";0;0;"Michael Brady";"Layla Taniguchi";"Emily Chen";">90";"Morning";5
"022a5445-1d0c-4a3d-88d8-2f29f26ce50e";"Inbound";"Refund Related";"Refund Enquiry";"";"37cee0bd-8a3a-40ad-8e45-a85c4e72865f";"";"23/08/2023 06:30";"23/08/2023 06:31";"23-Aug-23";"Unknown";"Others";0;0;"Virginia Diaz";"Evelyn Kimura";"John Smith";"0-30";"Morning";5
"022a5c7e-2be7-4cfa-b98f-b61962f80265";"Outcall";"Order Related";"Installation/demo";"Company ko pata   phone mine dikkat hai tabhi to apna dekra duro par     ka   one week ke replacement hai to   kare na ki   reptring kar   hai";"6613f4af-6067-4d7e-a044-e4b6dc6c87fa";"";"09/08/2023 11:22";"09/08/2023 17:41";"09-Aug-23";"Unknown";"Others";0;0;"Anthony Hancock";"William Park";"Jennifer Nguyen";"On Job Training";"Morning";1
"022c31e3-434c-4db7-be63-da8d74122d0c";"Inbound";"Order Related";"Delayed";"";"174b7a84-6812-4eb5-aef4-abcc7a4a0e7d";"11/08/2023 22:42";"17/08/2023 21:56";"17/08/2023 21:57";"17-Aug-23";"ALLAHABAD";"Mobile";32999;0;"Zachary Ford";"Ava Wong";"William Kim";"On Job Training";"Evening";5
"022c3be3-0260-481e-8245-eb7f486d8832";"Outcall";"Order Related";"Delayed";"";"b8e61140-15d2-409b-8bc7-ec7a3509e095";"04/08/2023 10:54";"22/08/2023 19:21";"22/08/2023 19:26";"22-Aug-23";"AGARTALA";"Home Appliences";13899;0;"Matthew Reynolds";"Evelyn Kimura";"Jennifer Nguyen";"On Job Training";"Evening";5
"022d6385-b475-4002-9427-34a1cbeb6eb4";"Inbound";"Order Related";"Delayed";"";"0dfc6fc1-4d5b-40e8-870c-a2c7d850b25e";"23/07/2023 22:46";"02/08/2023 20:58";"03/08/2023 10:43";"03-Aug-23";"MANAWAR";"LifeStyle";289;0;"Jenna Larson";"Emily Yamashita";"John Smith";"61-90";"Evening";1
"022f7a87-7b0f-43b8-afb5-9d4ac79575a2";"Outcall";"Returns";"Service Centres Related";"";"46f635ba-82c5-47b6-a22a-dc9e18a17709";"";"23/08/2023 19:49";"24/08/2023 03:36";"24-Aug-23";"Unknown";"Others";0;0;"Ann English";"Olivia Suzuki";"Olivia Tan";"On Job Training";"Morning";4
"022fc7c2-0830-488e-bb9f-cbf6b7275c7b";"Inbound";"Returns";"Reverse Pickup Enquiry";"";"";"";"03/08/2023 18:51";"03/08/2023 19:04";"03-Aug-23";"Unknown";"Others";0;0;"Jaime Henderson";"Evelyn Kimura";"Jennifer Nguyen";"On Job Training";"Evening";5
"022ff0c1-edf3-4c34-a691-7c7c9f352eba";"Inbound";"Returns";"Reverse Pickup Enquiry";"";"0bfd8786-3fef-4b1f-95e9-b009eeabcfdf";"";"28/08/2023 19:26";"28/08/2023 00:00";"28-Aug-23";"Unknown";"Others";0;0;"Douglas Smith";"Brayden Wong";"John Smith";">90";"Evening";4
"02306b1c-959e-45db-8d3e-d0e002970738";"Inbound";"Order Related";"Order status enquiry";"";"7f49ef13-a6cd-4970-923c-b3d3127e840b";"04/08/2023 10:10";"11/08/2023 10:12";"12/08/2023 07:19";"12-Aug-23";"BAVLA";"Electronics";599;0;"Troy Nguyen";"Amelia Tanaka";"Emily Chen";">90";"Morning";3
"0231b44c-9e96-4c5d-b48c-dec89490d524";"Inbound";"Returns";"Missing";"";"17a0da6f-1520-4c7d-b071-941797269d25";"02/08/2023 21:39";"11/08/2023 09:12";"11/08/2023 09:15";"11-Aug-23";"SIKAR";"LifeStyle";749;0;"Diana White";"Layla Taniguchi";"Emily Chen";">90";"Morning";5
"0231b9ca-5a69-41d7-bbf3-4224b8e9f8cd";"Inbound";"Order Related";"Delayed";"";"218d17a6-7242-46e8-9165-e7aff8d83e85";"23/08/2023 15:45";"31/08/2023 20:54";"31/08/2023 20:56";"31-Aug-23";"ANAND";"Home Appliences";599;0;"Thomas Blair";"Noah Patel";"Michael Lee";">90";"Morning";5
"0231e130-77c8-43d1-8400-ecd865f84561";"Inbound";"Order Related";"Priority delivery";"";"";"";"13/08/2023 22:35";"13/08/2023 22:39";"13-Aug-23";"Unknown";"Others";0;0;"Rachel Green";"Alexander Tanaka";"Michael Lee";"0-30";"Evening";5
"0231f6e3-3507-45e5-ab7f-78520e4edac5";"Inbound";"Returns";"Reverse Pickup Enquiry";"";"2e5c2456-e2f3-403a-a169-5eb5504fe7dd";"";"19/08/2023 07:43";"19/08/2023 19:28";"19-Aug-23";"Unknown";"Others";0;0;"Michelle Christensen";"Nathan Patel";"Michael Lee";">90";"Afternoon";5
"0232b966-0a9d-4fce-b2a4-57660fefc1d1";"Inbound";"Order Related";"Installation/demo";"";"06c680bb-a018-4bc8-9d4a-e47761e3c089";"";"08/08/2023 12:17";"08/08/2023 18:57";"08-Aug-23";"Unknown";"Others";0;0;"Gregory Robinson";"Brayden Wong";"John Smith";">90";"Morning";5
"0232f451-8aff-43d6-87c4-db04ad76085a";"Inbound";"Order Related";"Invoice request";"";"99694d3e-c746-4256-8238-78692b0ea72f";"";"07/08/2023 13:35";"07/08/2023 13:37";"07-Aug-23";"Unknown";"Others";0;0;"Chad Nielsen";"Emma Park";"John Smith";">90";"Morning";4
"0233b7bc-aeed-4311-8c49-5a1b480d4f6d";"Outcall";"Feedback";"UnProfessional Behaviour";"No resolution even in 12 hours in false rejection done by the delivery agent";"80688f86-967c-499d-9102-b2c69bca3b97";"";"30/08/2023 11:51";"30/08/2023 23:00";"30-Aug-23";"Unknown";"Others";0;0;"Kristina Gutierrez";"Jackson Park";"William Kim";"On Job Training";"Morning";1
"0233bb47-3d57-49c4-a886-c208e2c8fd41";"Inbound";"Returns";"Fraudulent User";"";"4be094f5-b7c8-4e19-bcc7-4b3093eef3e0";"";"21/08/2023 19:16";"21/08/2023 19:22";"21-Aug-23";"Unknown";"Others";0;0;"Colleen Savage";"Ava Wong";"William Kim";"On Job Training";"Evening";5
"0234e5fc-20eb-4f64-bb20-f16d975ae2e1";"Inbound";"Order Related";"Delayed";"";"92a5b2cf-ea54-47d9-817f-37ca54198587";"";"31/08/2023 14:35";"31/08/2023 14:36";"31-Aug-23";"Unknown";"Others";0;0;"Haley White";"Harper Wong";"William Kim";"On Job Training";"Evening";5
"0234e863-7494-4ee4-96e9-6307112166fe";"Inbound";"Payments related";"Online Payment Issues";"Good";"074da67e-54d3-482b-aa18-be05b11c3a28";"";"09/08/2023 18:11";"09/08/2023 18:14";"09-Aug-23";"Unknown";"Others";0;0;"Stanley Moss";"Elijah Yamaguchi";"Emily Chen";">90";"Morning";5
"02351338-02a3-4333-9242-e61d35c9723d";"Inbound";"Order Related";"Customer Requested Modifications";"Good";"f6163283-b869-4281-ace7-577b0261a6b3";"";"07/08/2023 00:16";"07/08/2023 00:20";"07-Aug-23";"Unknown";"Others";0;0;"Rebecca Graham";"Alexander Tanaka";"Michael Lee";"0-30";"Evening";5
"0235b1c2-7887-44b4-aed0-261cffb0ba6f";"Inbound";"Payments related";"Online Payment Issues";"The interaction with customer care representatives is impressive but the issue I am having recently is to change my present mobile number insted of the old number  in order to use the Shopzilla wallet amount to order my expectent product from Shopzilla. Though I have interacted with the customer care representatives regarding the OTP issuse many time, still I have not received the expected result which make me disappointed and frustrating. Please kindly do the needful action.";"c6a0a5e2-f303-40e6-8899-424b7363a70f";"";"21/08/2023 09:31";"22/08/2023 12:05";"22-Aug-23";"Unknown";"Others";0;0;"Kathy Strong";"Sophia Sato";"John Smith";"0-30";"Morning";4
"0235ba88-9fa1-492a-a03d-3303e8e0c50d";"Inbound";"Returns";"Missing";"Very nice ??";"";"";"16/08/2023 14:17";"16/08/2023 15:18";"16-Aug-23";"Unknown";"Others";0;0;"Melissa Taylor";"Zoe Yamamoto";"Emily Chen";">90";"Afternoon";5
"02376610-fad7-477b-8ea0-82ea881f2624";"Inbound";"Refund Related";"Refund Enquiry";"";"11e163af-3423-4f58-9003-3213d609bdbb";"";"28/08/2023 09:53";"28/08/2023 00:00";"28-Aug-23";"Unknown";"Others";0;0;"Belinda Landry";"Zoe Yamamoto";"William Kim";"On Job Training";"Morning";4
"02382a53-5c57-467b-9725-d4623ac4dd5f";"Outcall";"Returns";"Return request";"";"";"";"13/08/2023 23:01";"13/08/2023 23:02";"13-Aug-23";"Unknown";"Others";0;0;"Theresa Stewart";"Madison Kim";"John Smith";">90";"Morning";5
"02394442-7771-4771-9a94-b07769e1c50d";"Email";"Order Related";"Delayed";"";"c87e4cb4-31e6-4ab1-92d1-caad8c3dd443";"";"24/08/2023 19:43";"24/08/2023 19:44";"24-Aug-23";"Unknown";"Others";0;0;"Rebecca Walker";"Logan Lee";"Emily Chen";"61-90";"Evening";4
"0239c059-3e78-4192-a63c-8fe421ec37b8";"Inbound";"Order Related";"Delayed";"";"5e2d75dc-a8cf-4eca-82db-0b2654009827";"27/07/2023 11:58";"16/08/2023 15:29";"16/08/2023 15:34";"16-Aug-23";"KANCHIPURAM";"Books & General merchandise";346;0;"Mackenzie Scott MD";"Emma Park";"John Smith";"31-60";"Morning";5
"0239db61-3fb4-4bc2-aa73-6f038cdbebeb";"Inbound";"Order Related";"Order status enquiry";"";"cc9457f7-fd66-4ab9-b1f7-a04d2815bf22";"";"23/08/2023 13:44";"23/08/2023 13:46";"23-Aug-23";"Unknown";"Others";0;0;"Natasha Hunter";"Abigail Suzuki";"Jennifer Nguyen";"On Job Training";"Evening";5
"023a4c3a-76b9-4a82-829e-ab1753b2abe2";"Inbound";"Returns";"Exchange / Replacement";"Delivery line Shopzilla ?? not choose after this issue";"e24a96bf-5c4c-48cc-9a3b-7dbc8fe5b875";"";"09/08/2023 18:15";"09/08/2023 18:16";"09-Aug-23";"Unknown";"Others";0;0;"Courtney Richardson";"Logan Lee";"Emily Chen";"61-90";"Evening";5
"023a9630-4e48-4456-863e-850dcfc2b70d";"Inbound";"Returns";"Return request";"";"4d6b8ffe-4b2b-47c5-96c9-eace00c58ccd";"";"29/08/2023 16:53";"29/08/2023 17:07";"29-Aug-23";"Unknown";"Others";0;0;"Wendy Taylor";"Madison Kim";"Michael Lee";"31-60";"Evening";5
"023c6b17-321a-4b8e-b56f-17b593194d2f";"Outcall";"Order Related";"Delayed";"";"7c21a02d-aa67-4272-855f-384457e0b29b";"";"19/08/2023 00:05";"19/08/2023 00:08";"19-Aug-23";"Unknown";"Others";0;0;"Kristin Campbell";"Ethan Tan";"Michael Lee";">90";"Evening";5
"023d88d7-83f9-4def-92b6-4b6b1a584166";"Inbound";"Returns";"Reverse Pickup Enquiry";"";"6c2a8bb3-269c-424f-bb5e-0115cf601831";"25/07/2023 18:15";"29/07/2023 17:10";"02/08/2023 14:26";"02-Aug-23";"KOLKATA";"Electronics";4199;0;"Thomas Waters";"Sophia Sato";"John Smith";">90";"Afternoon";1
"023dc651-f21d-4c88-969d-11fd1204c9c8";"Inbound";"Returns";"Product related Issues";"";"05d0a14d-fe15-4681-90fd-1dd2ee51f24c";"23/07/2023 00:02";"04/08/2023 19:27";"05/08/2023 12:09";"05-Aug-23";"MUMBAI";"Books & General merchandise";466;0;"Jessica Hahn";"Madison Kim";"Emily Chen";">90";"Split";5
"023f92d1-c788-4438-942a-ab4859d12dc9";"Inbound";"Order Related";"Delayed";"";"";"";"03/08/2023 18:21";"03/08/2023 18:27";"03-Aug-23";"Unknown";"Others";0;0;"Robert Elliott";"Jackson Park";"Michael Lee";"31-60";"Evening";5
"02413e84-f2ee-4137-a1e4-fcb9fcd99efa";"Email";"Returns";"Fraudulent User";"";"";"";"27/08/2023 13:15";"27/08/2023 17:34";"27-Aug-23";"Unknown";"Others";0;0;"Veronica Choi";"Noah Patel";"Michael Lee";"31-60";"Night";5
"0241d386-f931-4ee3-868e-2c457f787204";"Inbound";"Product Queries";"Product Specific Information";"No";"471f4771-507e-4558-b68f-1575a44d3a80";"";"26/08/2023 19:57";"26/08/2023 20:00";"26-Aug-23";"Unknown";"Others";0;0;"James Barr";"Olivia Suzuki";"Olivia Tan";"On Job Training";"Morning";3
"02428553-a2d4-4334-8782-f6f4027ffb6f";"Inbound";"Returns";"Technician Visit";"";"9d163130-46c0-45e4-8a75-828d037802bb";"";"28/08/2023 21:17";"28/08/2023 00:00";"28-Aug-23";"Unknown";"Others";0;0;"Elizabeth Macias";"Lily Chen";"Michael Lee";">90";"Evening";4
"024378b3-a830-4757-b6e7-43b670911719";"Inbound";"Order Related";"Invoice request";"";"";"";"16/08/2023 11:51";"16/08/2023 11:53";"16-Aug-23";"Unknown";"Others";0;0;"Theresa Perry";"Jacob Sato";"Emily Chen";"0-30";"Morning";4
"0245f7e6-fde5-447a-9a62-6b0240d3e34d";"Inbound";"Refund Related";"Refund Related Issues";"";"7cf552f0-d1ea-40a8-9776-5d42b84c3552";"";"18/08/2023 14:53";"18/08/2023 15:02";"18-Aug-23";"Unknown";"Others";0;0;"Tracey Malone";"Carter Park";"Michael Lee";">90";"Morning";4
"02462a30-76c0-467a-b8bd-c23724f32afd";"Inbound";"Product Queries";"Warranty related";"";"8e3f783d-e7cc-4c00-b2ed-42b2f0a41d0f";"";"21/08/2023 20:49";"21/08/2023 21:06";"21-Aug-23";"Unknown";"Others";0;0;"Chelsey Hodges";"Nathan Patel";"Jennifer Nguyen";"On Job Training";"Evening";1
"02466b1e-0f09-4164-8381-5d0503df88e2";"Outcall";"Returns";"Service Centres Related";"";"d8f2f799-cd95-45cd-bfeb-203b1c5e143f";"";"28/08/2023 13:54";"28/08/2023 00:00";"28-Aug-23";"Unknown";"Others";0;0;"Tiffany Bates";"Layla Taniguchi";"Olivia Tan";">90";"Morning";5
"024a3db5-e88c-48ec-a31a-2eed8c2b9b97";"Inbound";"Returns";"Fraudulent User";"";"4ce6a46e-09ea-429b-8783-8d1bb24804c3";"08/12/2023 19:35";"27/08/2023 11:50";"27/08/2023 11:51";"27-Aug-23";"NEW DELHI";"Electronics";3299;0;"Michael Gomez";"Mia Patel";"John Smith";"31-60";"Morning";5
"024a8667-0be3-4daf-9392-b388e3072ac2";"Inbound";"Product Queries";"Product Specific Information";"";"586385b0-c61c-4291-ab94-a16321f5a0e0";"";"21/08/2023 22:44";"21/08/2023 22:48";"21-Aug-23";"Unknown";"Others";0;0;"Teresa George";"Mason Gupta";"Jennifer Nguyen";"On Job Training";"Morning";5
"024b6435-2811-4294-b46f-2c22b159a075";"Inbound";"Returns";"Reverse Pickup Enquiry";"Nice .But my problem is not solved";"f7093d99-6a83-4aed-82df-f80188b0a609";"";"23/08/2023 11:58";"23/08/2023 12:20";"23-Aug-23";"Unknown";"Others";0;0;"Michael Mckee";"Emily Yamashita";"William Kim";"On Job Training";"Evening";5
"024c0ad6-044d-4d9e-b1d2-f05e43799626";"Inbound";"Order Related";"Order status enquiry";"";"d91120fe-8a3b-4612-922f-92ca060f9b34";"";"06/08/2023 13:17";"06/08/2023 14:56";"06-Aug-23";"Unknown";"Others";0;0;"Teresa Nolan";"Ava Wong";"Olivia Tan";">90";"Morning";5
"024d49b8-b944-42c2-bed1-55b19e6625aa";"Inbound";"Order Related";"Invoice request";"Awsome services";"";"";"03/08/2023 12:40";"03/08/2023 13:18";"03-Aug-23";"Unknown";"Others";0;0;"Christopher Murphy";"Scarlett Chen";"John Smith";"0-30";"Morning";5
"024d7f13-95ba-4b7e-b599-d7ae6683f451";"Inbound";"Product Queries";"Warranty related";"Jeeves is fraud company by Shopzilla.";"";"";"04/08/2023 18:17";"04/08/2023 18:34";"04-Aug-23";"Unknown";"Others";0;0;"Matthew Calderon";"Abigail Suzuki";"Jennifer Nguyen";"On Job Training";"Evening";1
"024d90c2-b45a-4298-ac68-f4f2633ea175";"Inbound";"Cancellation";"Return cancellation";"Good support for customer";"7fbf8218-6893-4248-8127-8158398b10d0";"";"05/08/2023 11:36";"05/08/2023 11:39";"05-Aug-23";"Unknown";"Others";0;0;"Gregory Robinson";"Brayden Wong";"John Smith";">90";"Morning";5
"024dce61-81c7-45c2-839a-3be6668cc90c";"Inbound";"Returns";"Reverse Pickup Enquiry";"good";"f7c42d72-5f4e-4e86-a8ee-7631130ef654";"";"23/08/2023 20:16";"23/08/2023 20:18";"23-Aug-23";"Unknown";"Others";0;0;"Cody Perez";"Harper Wong";"William Kim";"On Job Training";"Evening";5
"024e1b31-65fc-42b6-aba3-d2f561858f49";"Inbound";"Order Related";"Installation/demo";"No";"";"";"15/08/2023 11:53";"15/08/2023 11:59";"15-Aug-23";"Unknown";"Others";0;0;"Wendy Taylor";"Madison Kim";"Michael Lee";"31-60";"Evening";4
"024e9dca-c321-4558-b512-d0e06f91c814";"Inbound";"Refund Related";"Refund Related Issues";"";"f36264c0-a251-458a-b71d-f1a1037b25d2";"";"08/08/2023 22:25";"08/08/2023 22:43";"08-Aug-23";"Unknown";"Others";0;0;"Jacob Hendricks";"Logan Lee";"Emily Chen";"61-90";"Evening";5
"024ed2d5-079d-49a2-8aab-08f808dffcfe";"Inbound";"Shopzilla Related";"Account updation";"";"c3151bbd-5ad3-4ccd-a050-23340129946e";"";"17/08/2023 18:06";"17/08/2023 18:11";"17-Aug-23";"Unknown";"Others";0;0;"Tanner Snyder";"Jackson Park";"Olivia Tan";">90";"Morning";4
"024fb51c-f779-4126-a5ca-09470118e552";"Inbound";"Order Related";"Delayed";"All good";"34665574-851d-4e33-bfec-38d3d66e83a2";"09/08/2023 22:32";"16/08/2023 08:37";"16/08/2023 08:38";"16-Aug-23";"LUDHIANA";"Electronics";3499;0;"Erin Fischer";"Abigail Suzuki";"Jennifer Nguyen";"On Job Training";"Evening";5
"02518629-ceb1-4728-91bc-ffd2a0caa590";"Inbound";"Product Queries";"Product Specific Information";"Goo";"33ed7772-f9ba-405b-b174-3e8a7a57b7d4";"";"30/08/2023 13:28";"30/08/2023 13:32";"30-Aug-23";"Unknown";"Others";0;0;"Jessica Allen";"Abigail Suzuki";"Jennifer Nguyen";"On Job Training";"Evening";5
"02528fc0-b2d2-4ec4-b92d-8ff7d457dbb2";"Inbound";"Returns";"Reverse Pickup Enquiry";"";"b2f87fbb-1001-4a47-943e-acd055c7a9a8";"";"18/08/2023 20:05";"18/08/2023 20:06";"18-Aug-23";"Unknown";"Others";0;0;"Nicholas Mata";"Wyatt Kim";"Michael Lee";"61-90";"Afternoon";5
"0253be8c-b058-4be3-9b84-0d584960efb3";"Inbound";"Order Related";"Order status enquiry";"Excellent service";"";"";"12/08/2023 19:45";"12/08/2023 19:49";"12-Aug-23";"Unknown";"Others";0;0;"Rachel Green";"Alexander Tanaka";"Michael Lee";"0-30";"Evening";5
"0254375e-1cb8-4b98-900a-1561e3584ffe";"Outcall";"Returns";"Return request";"Mr.   is very nice executive I have ever seen in Shopzilla,He is so decent and polite, he is doing every possible effort to understand my query and adressd as well, rest I would give overall feedback once my query gets resolved.";"3d45409c-8405-476a-a2ac-ed2298aec2f0";"";"17/08/2023 11:12";"17/08/2023 11:14";"17-Aug-23";"Unknown";"Others";0;0;"Jasmine Maxwell";"Olivia Wang";"Olivia Tan";">90";"Morning";4
"0254b9a3-76e7-4b2e-a631-8814ae7045f7";"Inbound";"Order Related";"Order status enquiry";"";"0aef1d99-c7eb-48e3-92e0-508f041a36aa";"";"01/08/2023 23:12";"01/08/2023 23:17";"01-Aug-23";"Unknown";"Others";0;0;"Rebecca Walker";"Logan Lee";"Emily Chen";"61-90";"Evening";5
"025716bc-a253-4957-b52b-b68b042208f5";"Inbound";"Order Related";"Delayed";"Support super";"";"";"12/08/2023 19:36";"12/08/2023 19:41";"12-Aug-23";"Unknown";"Others";0;0;"Eric Dunn MD";"Jackson Park";"William Kim";"On Job Training";"Evening";5
"02572c27-47ae-4fc7-b592-a6d028859caa";"Inbound";"Order Related";"Delayed";"";"4a780be6-9606-4889-82c3-87254f2c8f9d";"";"06/08/2023 11:51";"06/08/2023 11:52";"06-Aug-23";"Unknown";"Others";0;0;"Jessica Nixon";"Harper Wong";"Emily Chen";">90";"Split";5
"025752c4-9636-4ecc-b30e-91f555c4729a";"Inbound";"Order Related";"Installation/demo";"";"80843e87-956d-456a-a808-e6d725a2ee3e";"";"22/08/2023 23:01";"22/08/2023 23:12";"22-Aug-23";"Unknown";"Others";0;0;"Robert Lewis";"Logan Lee";"Emily Chen";"61-90";"Evening";4
"02599c6f-be4e-4531-aba5-6df5cc76c82d";"Inbound";"Order Related";"Delayed";"Good";"88a4eb31-7154-4607-aa31-d51bf0d3a299";"";"30/08/2023 11:10";"30/08/2023 11:11";"30-Aug-23";"Unknown";"Others";0;0;"Olivia Alvarez";"Noah Patel";"Jennifer Nguyen";"On Job Training";"Morning";5
"0259e03d-278e-4032-bd0e-0387612eaa3f";"Inbound";"Returns";"Wrong";"Please resolve all customer issues on a priority basis ??";"876a24f2-21ae-44ca-b203-2b3ca58a2843";"";"26/08/2023 18:06";"26/08/2023 18:15";"26-Aug-23";"Unknown";"Others";0;0;"Kristi Nash";"Jacob Sato";"Emily Chen";"0-30";"Evening";4
"025ad226-2230-4f17-b675-735720fe8159";"Inbound";"Order Related";"Order status enquiry";"";"8fa7108c-c252-40af-a84f-07c8359c7589";"";"07/08/2023 21:48";"07/08/2023 21:50";"07-Aug-23";"Unknown";"Others";0;0;"Jaime Henderson";"Evelyn Kimura";"Jennifer Nguyen";"On Job Training";"Evening";1
"025ca1b5-3b28-4638-98eb-4b7d3783bfdc";"Inbound";"Returns";"Reverse Pickup Enquiry";"Good";"38c08228-23e0-4a97-be51-d97bee84e246";"";"26/08/2023 12:20";"26/08/2023 19:31";"26-Aug-23";"Unknown";"Others";0;0;"Ryan Payne";"Scarlett Chen";"John Smith";"0-30";"Morning";5
"025cc98d-c1b2-48a6-8ebd-29e0e36dc004";"Inbound";"Shopzilla Related";"Shopzila Premium Related";"Work properly";"e90366b0-51e7-4c95-92f9-383eb009693f";"";"30/08/2023 10:32";"30/08/2023 10:37";"30-Aug-23";"Unknown";"Others";0;0;"Sergio Carrillo";"Emma Park";"Jennifer Nguyen";"On Job Training";"Evening";5
"025e9f47-2763-42a1-b79f-eb425e6cc41d";"Inbound";"Cancellation";"Not Needed";"";"4c639008-7b4b-434b-9f25-98c4ff18f503";"";"08/08/2023 11:42";"08/08/2023 11:43";"08-Aug-23";"Unknown";"Others";0;0;"Theresa Russell";"Nathan Patel";"Michael Lee";">90";"Afternoon";5
"025f41fb-5318-421e-809f-0d46c1472e6d";"Outcall";"Order Related";"Seller Cancelled Order";"";"49676253-b07d-4fc8-b3ff-21ce2838e121";"";"25/08/2023 13:20";"25/08/2023 13:54";"25-Aug-23";"Unknown";"Others";0;0;"Dr. Andrew Bowers";"Wyatt Kim";"Jennifer Nguyen";"On Job Training";"Morning";5
"025f9b9f-ccc1-444b-ad53-2047aeb633b3";"Inbound";"Refund Related";"Refund Related Issues";"";"0ed038b7-8c3e-4239-83cf-589dfccdb44d";"";"09/08/2023 14:44";"09/08/2023 15:25";"09-Aug-23";"Unknown";"Others";0;0;"Miss Patricia Mack DDS";"Noah Patel";"Emily Chen";">90";"Afternoon";5
"02603a55-2822-4618-931d-d0a679f1bed4";"Inbound";"Refund Related";"Refund Enquiry";"";"2bb76c04-622b-4a69-9cb5-2eda0de34333";"";"30/08/2023 11:41";"30/08/2023 11:43";"30-Aug-23";"Unknown";"Others";0;0;"Ashley Ferguson";"Austin Johnson";"William Kim";"On Job Training";"Morning";5
"0262a1f5-b776-4dae-bcf9-49a1d0f9eeca";"Outcall";"Returns";"Return request";"";"cf3dcb3b-30f6-4802-bd2a-5438671beb98";"";"28/08/2023 13:13";"28/08/2023 00:00";"28-Aug-23";"Unknown";"Others";0;0;"Christopher Sanchez";"Austin Johnson";"Michael Lee";"0-30";"Morning";5
"026581ed-a149-4f14-bdd4-bf60c8c3cc70";"Inbound";"Order Related";"Delayed";"Jk";"c97180a6-50b9-4c52-a969-35cc27c0ff3c";"";"23/08/2023 21:28";"23/08/2023 21:59";"23-Aug-23";"Unknown";"Others";0;0;"Robert Lara";"Brayden Wong";"John Smith";"31-60";"Evening";5
"0265b207-d350-49c0-89de-f360cffddbcf";"Outcall";"Returns";"Reverse Pickup Enquiry";"";"e32a2db1-3462-4da4-a518-17f92fb3c64c";"";"29/08/2023 19:08";"29/08/2023 19:11";"29-Aug-23";"Unknown";"Others";0;0;"Marcus Lynch";"Lucas Singh";"Jennifer Nguyen";"On Job Training";"Evening";5
"02664f33-c90e-4f06-8008-fc97e69f0b2d";"Inbound";"Refund Related";"Refund Enquiry";"";"";"";"14/08/2023 11:38";"14/08/2023 15:20";"14-Aug-23";"Unknown";"Others";0;0;"Joshua Foster";"Jackson Park";"Michael Lee";"31-60";"Evening";5
"02670261-8d5a-4a6a-9e74-bcd6d3b24795";"Outcall";"Refund Related";"Refund Enquiry";"";"175a0c0c-b645-4be3-a0cb-172fcf13e5a8";"04/08/2023 21:36";"05/08/2023 23:53";"09/08/2023 05:45";"09-Aug-23";"PATRATU";"Mobile";14999;0;"Tammy Mcneil";"Austin Johnson";"Michael Lee";"0-30";"Morning";1
"02674d14-39f8-4578-86a3-288cfdefb582";"Inbound";"Returns";"Reverse Pickup Enquiry";"Good";"11b1c380-aaa0-4a4c-96bd-aa434df1dbff";"";"25/08/2023 17:40";"25/08/2023 17:45";"25-Aug-23";"Unknown";"Others";0;0;"John Adkins";"Evelyn Kimura";"Jennifer Nguyen";"On Job Training";"Evening";5
"0267b946-b92b-47d6-bcc9-88b2b08cab50";"Inbound";"Product Queries";"Product Specific Information";"Please give instruction to your delivery partner regarding open box delivery as they are always denying the open box delivery.as I have faced in my previous order dated Feb 14 delivery.please improve the service in these regards.";"0dc3db54-5a72-42c7-b62d-e9d5e040659e";"";"08/08/2023 18:57";"08/08/2023 19:03";"08-Aug-23";"Unknown";"Others";0;0;"Amy Campbell";"Alexander Tanaka";"Michael Lee";"0-30";"Evening";5
"026836e8-288e-430c-9689-836b99297977";"Inbound";"Returns";"Fraudulent User";"";"43b8d79e-b534-409c-abc2-741034a5e2ca";"07/08/2023 20:29";"11/08/2023 06:03";"11/08/2023 06:07";"11-Aug-23";"KANPUR";"Books & General merchandise";46;0;"Betty Schmidt";"Evelyn Kimura";"John Smith";"0-30";"Morning";5
"0268e86d-230d-46ab-a2b7-7d610b6173f9";"Inbound";"Order Related";"Installation/demo";"";"1cbd9d1b-9072-401c-a591-734fdf157afc";"";"24/08/2023 14:23";"24/08/2023 14:24";"24-Aug-23";"Unknown";"Others";0;0;"Seth Williamson";"Sophia Sato";"John Smith";">90";"Afternoon";5
"026b6713-52fd-4152-9d9f-aa624d904772";"Inbound";"Returns";"Reverse Pickup Enquiry";"";"8d97c442-5ab5-4f1d-8584-2c5f101eef41";"";"28/08/2023 06:50";"28/08/2023 00:00";"28-Aug-23";"Unknown";"Others";0;0;"Timothy Huff";"Aiden Patel";"John Smith";">90";"Morning";5
"026b9d12-a805-4349-b66d-b69f1e822d09";"Inbound";"Refund Related";"Refund Related Issues";"";"66fa5009-85d4-45b0-9027-ecfd76e4c7b4";"25/06/2023 13:22";"04/08/2023 16:03";"05/08/2023 09:54";"05-Aug-23";"DUTTAPUKUR";"LifeStyle";2324;0;"Aaron Edwards";"Mia Patel";"Emily Chen";"61-90";"Evening";1
"026c1a64-7a60-4052-b7ce-dc044ccd7573";"Inbound";"Returns";"Fraudulent User";"";"";"";"27/08/2023 15:45";"27/08/2023 15:45";"27-Aug-23";"Unknown";"Others";0;0;"Carolyn Sullivan";"Brayden Wong";"Michael Lee";">90";"Afternoon";5
"026c1f5b-4a23-490c-90cc-7233e7d3f349";"Inbound";"Returns";"Return request";"Your service is already excellent";"72f7c97c-829c-436b-83b6-59e951069e18";"";"08/08/2023 18:52";"08/08/2023 18:55";"08-Aug-23";"Unknown";"Others";0;0;"Jacqueline Meadows";"Ethan Nakamura";"Emily Chen";"0-30";"Evening";5
"026cccd0-5f3c-414e-9090-ecdf43e3cc89";"Inbound";"Returns";"Wrong";"";"61edf5d8-d1aa-4141-89e5-22fc5bac7096";"02/08/2023 23:51";"16/08/2023 11:38";"16/08/2023 11:41";"16-Aug-23";"AMARPUR";"Electronics";1499;0;"Mark Cook";"Zoe Yamamoto";"William Kim";"On Job Training";"Morning";1
"026cf05a-adbb-431a-8072-0d01d62b98c0";"Inbound";"Returns";"Reverse Pickup Enquiry";"";"";"";"03/08/2023 11:32";"03/08/2023 11:38";"03-Aug-23";"Unknown";"Others";0;0;"Bobby Rodriguez";"Ethan Tan";"John Smith";">90";"Morning";5
"026cf688-1529-4cce-a6ba-a467beb0318e";"Outcall";"Refund Related";"Refund Enquiry";"";"2b72f0ca-e60a-4a68-8ccc-d88a9b1ff1f8";"";"31/08/2023 20:15";"31/08/2023 20:25";"31-Aug-23";"Unknown";"Others";0;0;"Kristina Gutierrez";"Jackson Park";"William Kim";"On Job Training";"Morning";5
"026edbd3-24bb-4709-b92e-444f0abcac91";"Inbound";"Shopzilla Related";"Other Account Related Issues";"";"9884ac70-49a2-443e-8230-ab71cdd832aa";"";"02/08/2023 17:13";"02/08/2023 17:25";"02-Aug-23";"Unknown";"Others";0;0;"James Williams";"Brayden Wong";"John Smith";">90";"Evening";5
"026fbcfe-517e-45af-aba7-7382612ccd51";"Inbound";"Returns";"Fraudulent User";"";"";"";"16/08/2023 14:22";"16/08/2023 14:55";"16-Aug-23";"Unknown";"Others";0;0;"Tina Harrington";"Carter Park";"Michael Lee";">90";"Morning";5
"027028bd-949f-4a8b-89dc-7b464b038258";"Email";"Returns";"Technician Visit";"";"fffbd357-9f32-425e-9bb0-f2580497df0f";"";"02/08/2023 00:33";"02/08/2023 19:26";"02-Aug-23";"Unknown";"Others";0;0;"Donna Miller";"Logan Lee";"Emily Chen";"61-90";"Evening";1
"027139fe-e8cf-4e64-9ee9-3f860bafd7c1";"Inbound";"Returns";"Missing";"";"4b553fc2-8e6d-4d6f-8b03-6f26753047e6";"";"28/08/2023 16:57";"28/08/2023 00:00";"28-Aug-23";"Unknown";"Others";0;0;"Stephanie Stewart";"Nathan Patel";"Jennifer Nguyen";"On Job Training";"Evening";4
"02720802-d2dc-4512-8fc5-a25559589d7c";"Outcall";"Order Related";"Order status enquiry";"";"27c7506c-143e-43a4-a7cb-26fd16f0688f";"";"17/08/2023 15:11";"17/08/2023 16:22";"17-Aug-23";"Unknown";"Others";0;0;"Rachel Parker";"Ethan Nakamura";"Emily Chen";"0-30";"Evening";5
"0273216b-d9b1-4a10-9e4d-aa4b5cbe35e6";"Inbound";"Returns";"Reverse Pickup Enquiry";"";"7f111e47-e6ea-45e6-880e-f9268c233bd3";"";"21/08/2023 18:41";"21/08/2023 18:51";"21-Aug-23";"Unknown";"Others";0;0;"Misty Castillo";"Sophia Chen";"Jennifer Nguyen";"On Job Training";"Evening";4
"02745685-1ec6-4331-ab0c-443c0774d481";"Inbound";"Order Related";"General Enquiry";"";"7acc38c5-0664-480f-b218-78b13229fcf8";"";"18/08/2023 11:14";"18/08/2023 11:46";"18-Aug-23";"Unknown";"Others";0;0;"Kristi Nash";"Jacob Sato";"Emily Chen";"0-30";"Evening";5
"0274bf49-4b4b-40eb-b582-aaa3ebcccea5";"Inbound";"Returns";"Reverse Pickup Enquiry";"";"2ab93ae2-aeb5-4a69-9005-9716cb5f1c65";"23/07/2023 21:55";"11/08/2023 09:30";"12/08/2023 11:19";"12-Aug-23";"NEW DELHI";"Home";281;0;"Stephanie Hammond";"William Park";"Jennifer Nguyen";"On Job Training";"Morning";5
"02753238-347d-47f5-9f2a-92c6fb56214b";"Email";"Refund Related";"Refund Enquiry";"";"3f989cb0-cbce-4337-b8b4-ef2182f73f4e";"";"07/08/2023 16:47";"07/08/2023 16:49";"07-Aug-23";"Unknown";"Others";0;0;"Amanda Martinez";"Elijah Yamaguchi";"John Smith";">90";"Evening";5
"02758ac2-b155-400e-8be2-4c45542693a8";"Inbound";"Order Related";"Order status enquiry";"";"";"";"13/08/2023 15:32";"13/08/2023 17:02";"13-Aug-23";"Unknown";"Others";0;0;"Jamie Smith";"Scarlett Chen";"John Smith";"0-30";"Morning";5
"0275a727-a1eb-4203-98a9-98e31874e804";"Inbound";"Order Related";"Order status enquiry";"Ok";"caea8e17-5044-4f13-bdd8-1b67a0940099";"";"17/08/2023 14:16";"17/08/2023 14:19";"17-Aug-23";"Unknown";"Others";0;0;"Jose Herrera";"Evelyn Kimura";"John Smith";"0-30";"Morning";5
"0275f01b-8fb0-40e7-82dc-be532065af3c";"Inbound";"Returns";"Reverse Pickup Enquiry";"";"e0ec458a-27ba-405c-816b-f57b0973e248";"";"08/08/2023 13:04";"08/08/2023 13:08";"08-Aug-23";"Unknown";"Others";0;0;"Leslie Houston";"Evelyn Kimura";"John Smith";"0-30";"Morning";5
"02766fab-3b06-48fe-8a2e-c9681535d79e";"Outcall";"Returns";"Return request";"";"2b61f287-17f8-4f81-bef7-cb12689229b0";"";"06/08/2023 11:59";"06/08/2023 12:24";"06-Aug-23";"Unknown";"Others";0;0;"Guy Duncan";"Carter Park";"Jennifer Nguyen";"On Job Training";"Morning";5
"02768a05-f49e-4089-a025-5a0d9439baa4";"Inbound";"Returns";"Return request";"";"961a0ad2-8c24-41d2-b42b-ad813c6b76b6";"04/08/2023 09:40";"11/08/2023 03:32";"11/08/2023 03:34";"11-Aug-23";"CHANDIGARH";"Electronics";1299;0;"Patrick Lee Jr.";"Noah Patel";"Michael Lee";"61-90";"Night";5
"0276cb8b-a244-43ab-b4bb-b20a37b0ec88";"Inbound";"Returns";"Fraudulent User";"";"a9611b47-0df8-4183-8ed5-e367d019e11a";"02/08/2023 11:14";"04/08/2023 08:35";"05/08/2023 08:47";"05-Aug-23";"NEW DELHI";"Electronics";2499;0;"Tina Garza";"Noah Patel";"Michael Lee";">90";"Morning";5
"0277e4e9-7f3a-4a0c-abde-d6e7672398de";"Inbound";"Returns";"Wrong";"";"ff20dbb4-ede1-43e3-9795-7693d834c6e2";"";"23/08/2023 13:43";"23/08/2023 14:09";"23-Aug-23";"Unknown";"Others";0;0;"Jerry Rodriguez";"Madison Kim";"Michael Lee";"31-60";"Evening";5
"0279bf3e-df62-4cc9-9edb-c31315ac2823";"Outcall";"Order Related";"Order status enquiry";"My issue solved for very good";"2b89fe39-05a2-4902-8034-78d9d1016eee";"";"29/08/2023 07:48";"29/08/2023 07:49";"29-Aug-23";"Unknown";"Others";0;0;"Anthony Clark";"Austin Johnson";"Michael Lee";"0-30";"Morning";5
"027af9a0-8283-4827-a616-2ba4ebaba2fd";"Outcall";"Returns";"Service Center - Service Denial";"";"28a49edc-92a0-47c5-9d16-5487f340a5c1";"";"23/08/2023 11:53";"23/08/2023 12:10";"23-Aug-23";"Unknown";"Others";0;0;"Jose Jordan";"Olivia Suzuki";"John Smith";"31-60";"Morning";5
"027b44c6-8ab3-4c31-8b5a-5cb09921b92f";"Inbound";"Product Queries";"Product Specific Information";"";"";"";"04/08/2023 21:22";"04/08/2023 21:26";"04-Aug-23";"Unknown";"Others";0;0;"Michelle Banks";"Nathan Patel";"Michael Lee";">90";"Night";5
"027c46a7-dfc6-4707-9dba-824f63f38623";"Outcall";"Returns";"Exchange / Replacement";"";"76249a28-19dd-4a60-927a-d67d0677bc6f";"";"23/08/2023 13:56";"23/08/2023 14:02";"23-Aug-23";"Unknown";"Others";0;0;"Kara Jordan";"Carter Park";"Jennifer Nguyen";"On Job Training";"Morning";4
"027cda81-14de-4e2a-b9ed-b0054f524659";"Outcall";"Order Related";"Installation/demo";"";"68a8e466-7b24-4e7a-be2f-20a0f74a8246";"";"29/08/2023 14:24";"29/08/2023 14:31";"29-Aug-23";"Unknown";"Others";0;0;"Gilbert Johns";"Zoe Yamamoto";"William Kim";"On Job Training";"Morning";5
"027e366b-0e19-453e-85b3-91d4344830f9";"Outcall";"Order Related";"Invoice request";"";"e12e3fdf-bed1-4ca4-a191-c5de1c9c8746";"";"22/08/2023 09:56";"22/08/2023 10:09";"22-Aug-23";"Unknown";"Others";0;0;"Megan Smith";"Ava Wong";"Olivia Tan";">90";"Morning";4
"027f14ad-06c3-493e-9994-00c03f7b433d";"Inbound";"Order Related";"Installation/demo";"The customer support is very quick responce and very polite.";"";"";"14/08/2023 22:26";"14/08/2023 22:59";"14-Aug-23";"Unknown";"Others";0;0;"Daniel Martinez";"Ethan Tan";"Michael Lee";"31-60";"Evening";4
"027f6013-36da-46c4-a98c-e4556e39c5b0";"Inbound";"Order Related";"Delayed";"";"07d363ec-6de2-4a29-91a4-265664c52ea5";"04/08/2023 19:24";"11/08/2023 03:28";"11/08/2023 03:31";"11-Aug-23";"CHENNAI";"Books & General merchandise";869;0;"Sarah Gutierrez";"Emily Yamashita";"Michael Lee";"61-90";"Morning";4
"02807d00-540d-490c-9345-41f53f566d19";"Inbound";"Order Related";"Order status enquiry";"Male and female problem is bigger then tha costumes Please solve the sir/mis problem";"35f468cb-eb26-48a7-a6e4-58e6fd4b82e5";"05/08/2023 20:42";"09/08/2023 17:57";"09/08/2023 17:57";"09-Aug-23";"AHMEDABAD";"Electronics";1149;0;"Stephen Palmer";"Jackson Park";"William Kim";"On Job Training";"Evening";4
"0280d75e-b410-4d09-a5b3-b9f041be89ae";"Inbound";"Order Related";"Order status enquiry";"Kajal ji se bat karke bahut   or mera problem kiya hai ?????   or problem   solve  kiya thank you kajal ji....";"d55abb0b-6506-4fd6-9701-00c351d69693";"";"26/08/2023 07:38";"26/08/2023 07:39";"26-Aug-23";"Unknown";"Others";0;0;"Sharon Bullock";"Scarlett Chen";"John Smith";"0-30";"Morning";5
"0280dad2-c7b5-41f9-8e1d-8f304ca21a55";"Inbound";"Order Related";"Invoice request";"";"d4f2b479-84b9-4a60-8410-6dfe5b818128";"";"09/08/2023 09:54";"09/08/2023 11:05";"09-Aug-23";"Unknown";"Others";0;0;"Jake Castro";"Noah Patel";"Michael Lee";">90";"Morning";5
"02812242-1d4c-4303-8b64-f14359b40834";"Outcall";"Returns";"Return request";"";"80c50050-d85b-46af-ad33-6d210e61bee5";"05/08/2023 17:50";"14/08/2023 19:41";"17/08/2023 08:15";"17-Aug-23";"KARIMGANJ";"Books & General merchandise";260;0;"Mr. Daniel Carter";"Ava Wong";"William Kim";"On Job Training";"Evening";5
"0281253d-ce59-44aa-bfd5-3bd02d149ab5";"Inbound";"Product Queries";"Product Specific Information";"";"d3469890-148c-4d10-84cb-cb321288a689";"";"08/08/2023 13:06";"08/08/2023 17:11";"08-Aug-23";"Unknown";"Others";0;0;"Joseph Harper";"Noah Patel";"Michael Lee";">90";"Morning";5
"0281801e-e856-4691-ba76-ba452b55124f";"Inbound";"Order Related";"Delayed";"";"ec7f1a77-97c5-4ccc-a982-5c2f2c81ee20";"";"08/08/2023 04:03";"08/08/2023 04:15";"08-Aug-23";"Unknown";"Others";0;0;"Sean Olson";"Emily Yamashita";"Michael Lee";">90";"Morning";3
"028304b3-ea00-4f1e-a131-c97cbd85ffa8";"Inbound";"Order Related";"Installation/demo";"";"";"";"03/08/2023 11:43";"03/08/2023 12:18";"03-Aug-23";"Unknown";"Others";0;0;"Steven Sanders";"Mia Patel";"John Smith";"31-60";"Morning";1
"028304bd-9982-40f5-bb1d-94f596b52455";"Inbound";"Returns";"Reverse Pickup Enquiry";"";"acf91c34-9200-4a36-89a0-aa8316bbdc2d";"";"22/08/2023 10:15";"22/08/2023 10:27";"22-Aug-23";"Unknown";"Others";0;0;"Jamie Butler";"Ava Wong";"Jennifer Nguyen";"On Job Training";"Morning";5
"02856729-4c77-4a4f-b9dd-870bc232eb34";"Inbound";"Order Related";"Order status enquiry";"";"36ee3e5c-4bff-4325-8154-4e5c4824a81c";"";"10/08/2023 19:08";"10/08/2023 19:31";"10-Aug-23";"Unknown";"Others";0;0;"Kevin Lane";"Olivia Wang";"John Smith";">90";"Evening";5
"0285b62a-1620-4f8d-9133-7c39d3ac1686";"Inbound";"Returns";"Reverse Pickup Enquiry";"";"6d5d715c-314e-4e3a-bc70-23a5465b71b7";"";"26/08/2023 13:14";"26/08/2023 13:24";"26-Aug-23";"Unknown";"Others";0;0;"Gregory Morales";"Wyatt Kim";"William Kim";"On Job Training";"Morning";5
"0286b145-5425-433b-bcb9-253de1127cc4";"Inbound";"Returns";"Reverse Pickup Enquiry";"";"3c535da9-2cc7-44c4-be94-3729c3fe503f";"";"31/08/2023 11:16";"31/08/2023 11:24";"31-Aug-23";"Unknown";"Others";0;0;"Paula Brooks";"Austin Johnson";"William Kim";"On Job Training";"Morning";5
"02872594-2b15-4930-b6e1-eb72bb28479b";"Outcall";"Returns";"Reverse Pickup Enquiry";"";"205e8eb9-8c51-486a-8f1e-5e5a4c91a423";"";"10/08/2023 10:59";"10/08/2023 11:02";"10-Aug-23";"Unknown";"Others";0;0;"Brittany Tran";"Landon Tanaka";"Emily Chen";">90";"Morning";5
"02877a91-0e2f-4544-a02f-c0eb105f5250";"Inbound";"Product Queries";"Product Specific Information";"";"";"";"12/08/2023 16:51";"12/08/2023 16:55";"12-Aug-23";"Unknown";"Others";0;0;"Scott Sanchez";"Ethan Nakamura";"Emily Chen";"0-30";"Evening";5
"028796a4-db80-4cf6-9b05-43475f4ad51b";"Inbound";"Order Related";"Order status enquiry";"";"e29714a8-46c9-403f-b369-678cb01e59eb";"";"31/08/2023 23:22";"31/08/2023 23:43";"31-Aug-23";"Unknown";"Others";0;0;"Robert Harris";"Jackson Park";"William Kim";"On Job Training";"Evening";5
"028848b9-f530-4bf0-bb24-d4f84e7355ed";"Inbound";"Returns";"Reverse Pickup Enquiry";"";"";"";"27/08/2023 15:01";"27/08/2023 15:08";"27-Aug-23";"Unknown";"Others";0;0;"Julie Mahoney";"Harper Wong";"Emily Chen";"31-60";"Split";4
"0288c9f9-ea8f-412e-9ddc-1427e614dd14";"Inbound";"Refund Related";"Refund Related Issues";"";"1f821fba-140e-4d56-b83b-27b513e50dd6";"05/08/2023 20:29";"09/08/2023 20:06";"09/08/2023 20:09";"09-Aug-23";"AGRA";"LifeStyle";721;0;"Jessica Jones";"William Park";"John Smith";"31-60";"Morning";1
"0288e619-f1ed-4792-9149-23919de8fc2a";"Inbound";"Returns";"Reverse Pickup Enquiry";"The customer care executive was very prompt and helpfuk #";"";"";"16/08/2023 21:01";"16/08/2023 21:05";"16-Aug-23";"Unknown";"Others";0;0;"Angela Carlson";"Wyatt Kim";"Michael Lee";"61-90";"Afternoon";5
"02899343-232a-452b-9e1d-a3b10208650e";"Inbound";"Order Related";"Order status enquiry";"";"4129aa23-0b1d-4f6b-8569-014603b2c47d";"";"29/08/2023 07:50";"29/08/2023 08:26";"29-Aug-23";"Unknown";"Others";0;0;"Anthony Booth";"William Park";"John Smith";"31-60";"Morning";5
"0289db89-4206-4629-b036-d501aa768d8f";"Inbound";"Order Related";"Priority delivery";"";"8d8c9581-8fc0-4b90-b5f9-f8ad4334c96b";"06/08/2023 16:12";"09/08/2023 23:15";"10/08/2023 01:03";"10-Aug-23";"RAJOURI";"Electronics";115990;0;"Michael Davis";"Evelyn Kimura";"Jennifer Nguyen";"On Job Training";"Evening";5
"0289f25b-bd85-42e9-96aa-152489a77e57";"Inbound";"Order Related";"Installation/demo";"to initiate my watch replacement or service";"1b16b2c8-4aa2-4998-b8bf-935d2aab6655";"";"05/08/2023 07:57";"05/08/2023 10:05";"05-Aug-23";"Unknown";"Others";0;0;"Caitlin Johnson";"Evelyn Kimura";"John Smith";"0-30";"Morning";1
"028a7e8a-b7f4-4ed8-bca4-d21e7cce20c3";"Outcall";"Returns";"Return request";"";"";"";"14/08/2023 11:03";"14/08/2023 11:05";"14-Aug-23";"Unknown";"Others";0;0;"Ian Hall";"Jackson Park";"William Kim";"On Job Training";"Morning";5
"028bb182-64a4-49a2-9bb5-46ee790776e1";"Inbound";"Returns";"Return request";"Good behaviour ??";"c094f085-7d4b-44a4-93cb-87e425844a83";"";"02/08/2023 10:41";"02/08/2023 11:59";"02-Aug-23";"Unknown";"Others";0;0;"Daniel Jones";"Olivia Suzuki";"Jennifer Nguyen";"On Job Training";"Morning";5
"028ca836-1afa-451a-b906-774d88a986fe";"Inbound";"Order Related";"Order status enquiry";"";"6a2ee61f-1bbd-4887-aee1-6dd376429ccf";"13/08/2023 11:12";"18/08/2023 15:44";"18/08/2023 21:10";"18-Aug-23";"CHATRAPUR";"Home Appliences";1574;0;"Cathy Harris";"Charlotte Suzuki";"William Kim";"On Job Training";"Morning";4
"028cf5cf-8472-4967-94af-d246149bcdf8";"Outcall";"Refund Related";"Refund Enquiry";"Pathetic service delivery. Simply fraudulent activities of the delivery agent.";"451c5058-4fe6-4c76-8a4b-30c531a3440b";"05/08/2023 02:43";"08/08/2023 00:56";"08/08/2023 00:58";"08-Aug-23";"KOLKATA";"Mobile";23999;0;"Randy Mullins";"Jackson Park";"Michael Lee";"31-60";"Evening";4
"028e4340-5d3f-4d85-abd2-0be141446689";"Inbound";"Returns";"Return request";"";"8f176b9a-de31-45e9-ae69-f9e68624a82b";"";"20/08/2023 19:02";"20/08/2023 19:04";"20-Aug-23";"Unknown";"Others";0;0;"Douglas Smith";"Brayden Wong";"John Smith";">90";"Evening";5
"028e655a-6e7b-4529-853f-022ed3f7bf85";"Inbound";"Order Related";"Order status enquiry";"Very good";"d029457f-96eb-41ec-a0bc-f3e5ea42b1cd";"";"10/08/2023 16:18";"10/08/2023 16:19";"10-Aug-23";"Unknown";"Others";0;0;"Shari Martinez";"Logan Lee";"Emily Chen";"0-30";"Evening";5
"02911585-c8ff-4a1c-8de8-0c8f9e4bdc73";"Outcall";"Cancellation";"Not Needed";"";"841d555d-9532-4b15-b7de-3db94bc63f26";"";"22/08/2023 13:32";"22/08/2023 13:51";"22-Aug-23";"Unknown";"Others";0;0;"Danielle Morris";"Emma Park";"Jennifer Nguyen";"On Job Training";"Evening";5
"0291cae2-9d25-449f-a07c-ae462c308810";"Inbound";"Shopzilla Related";"General Enquiry";"";"57945102-b002-4687-81a9-1f4497431369";"";"31/08/2023 12:27";"31/08/2023 12:28";"31-Aug-23";"Unknown";"Others";0;0;"Christina Hines MD";"Zoe Yamamoto";"William Kim";"On Job Training";"Morning";5
"0291f7ff-8c3c-474f-9839-a4eabc6d89b3";"Inbound";"Returns";"Missing";"";"";"";"12/08/2023 22:30";"12/08/2023 22:35";"12-Aug-23";"Unknown";"Others";0;0;"Raymond Mcgee";"Ava Wong";"Olivia Tan";">90";"Evening";1
"02925d3f-78cc-4f86-8484-20c9c406b189";"Inbound";"Returns";"Exchange / Replacement";"";"12dd887d-ea28-428d-8420-f9743a19d5c5";"";"18/08/2023 10:14";"18/08/2023 10:27";"18-Aug-23";"Unknown";"Others";0;0;"Mrs. Jennifer Stone";"Dylan Kim";"Michael Lee";">90";"Morning";4
"0292c037-ea0f-47ae-bed5-a63a4a2d5930";"Inbound";"Returns";"Return request";"Kindly make policies more flexible so that customers can get maximum benift";"24d20661-f8c2-4c78-9588-73954109db1e";"";"18/08/2023 13:17";"18/08/2023 13:40";"18-Aug-23";"Unknown";"Others";0;0;"Anthony Rocha";"Emily Yamashita";"Michael Lee";">90";"Morning";5
"02930a6d-a5f6-4616-83ec-0375b33e8b89";"Inbound";"Returns";"Reverse Pickup Enquiry";"Nice guy need more like this men";"0d496d6e-67ad-4f7b-a23a-74ab2aad8a3e";"";"06/08/2023 19:25";"06/08/2023 19:27";"06-Aug-23";"Unknown";"Others";0;0;"Katrina Rodriguez";"Elijah Yamaguchi";"John Smith";">90";"Evening";5
"02955537-b014-46d1-ae84-1b3e3db19801";"Inbound";"Order Related";"Installation/demo";"";"c3aca6ae-ba69-42f6-8f92-d974bbc8144f";"21/07/2023 08:45";"11/08/2023 16:32";"11/08/2023 16:39";"11-Aug-23";"CHAIBASA";"Furniture";6439;0;"Sarah Thomas";"Logan Lee";"Emily Chen";"61-90";"Evening";5
"0295cd0d-1375-481e-8b8a-ca975933292e";"Inbound";"Order Related";"Order status enquiry";"";"23c74de6-b785-4fa4-bad6-480e18341247";"";"29/08/2023 07:48";"29/08/2023 08:10";"29-Aug-23";"Unknown";"Others";0;0;"Carolyn Goodman DVM";"Carter Park";"Jennifer Nguyen";"On Job Training";"Evening";5
"029622e0-4f7c-4164-8e14-3cb50554b82e";"Inbound";"Order Related";"Seller Cancelled Order";"";"53ac384d-174f-45b7-a7b0-2bd8de9fe883";"02/08/2023 18:50";"11/08/2023 14:36";"11/08/2023 15:34";"11-Aug-23";"BANGALORE";"Electronics";2499;0;"Michelle Curry";"Scarlett Chen";"John Smith";"0-30";"Morning";1
"029638b9-45e9-4d23-ae14-d739cbc16bc7";"Inbound";"Returns";"Reverse Pickup Enquiry";"";"4f2eba66-c053-4676-86f1-9b1f390e8adc";"31/07/2023 15:00";"10/08/2023 22:30";"11/08/2023 20:02";"11-Aug-23";"KANCHIPURAM";"LifeStyle";735;0;"Elizabeth Mills";"Lucas Singh";"John Smith";">90";"Evening";2
"02964d19-c749-4521-979d-e4babe7fae14";"Inbound";"Returns";"Return request";"";"";"";"15/08/2023 21:31";"15/08/2023 21:46";"15-Aug-23";"Unknown";"Others";0;0;"Patrick Lee Jr.";"Noah Patel";"Michael Lee";"61-90";"Night";5
"02968765-f9f3-44ea-90b1-e53e5b591c20";"Inbound";"Returns";"Reverse Pickup Enquiry";"";"1f4fb17d-5fe8-4c4a-92f7-d312fd9a48da";"";"22/08/2023 11:44";"22/08/2023 14:21";"22-Aug-23";"Unknown";"Others";0;0;"Michael Abbott";"Ethan Nakamura";"Jennifer Nguyen";"On Job Training";"Morning";4
"0296e445-192e-4d64-bb8a-86a5afb8359c";"Inbound";"Feedback";"UnProfessional Behaviour";"";"";"";"03/08/2023 15:22";"04/08/2023 10:34";"04-Aug-23";"Unknown";"Others";0;0;"Thomas Waters";"Sophia Sato";"John Smith";">90";"Afternoon";5
"02972485-dabd-4a26-ba7e-6fef671c7a59";"Inbound";"Returns";"Service Centres Related";"";"728bb326-d4f3-4ff7-8ae9-700592685115";"06/10/2022 01:09";"07/08/2023 22:41";"08/08/2023 13:47";"08-Aug-23";"REWA";"Electronics";1549;0;"Carolyn Sullivan";"Brayden Wong";"Michael Lee";">90";"Afternoon";4
"0297c8a1-cce4-4c27-87b2-fe0e88c7009a";"Inbound";"Returns";"Reverse Pickup Enquiry";"";"db7c7774-90e3-44a0-8356-e9adb6e1215c";"";"17/08/2023 18:58";"17/08/2023 19:11";"17-Aug-23";"Unknown";"Others";0;0;"Kristen Walker";"Madison Kim";"Emily Chen";">90";"Split";5
"0298a93b-0340-4520-97df-3c7ce42e803c";"Inbound";"Returns";"Reverse Pickup Enquiry";"";"d1382950-2c68-4541-a4a6-d4487c914957";"";"08/08/2023 12:59";"08/08/2023 19:35";"08-Aug-23";"Unknown";"Others";0;0;"Rebecca Martin";"Mason Gupta";"Jennifer Nguyen";"On Job Training";"Morning";5
"0298d2f5-8605-4dac-8b26-1d29824e7538";"Email";"Returns";"Missing";"Nice Help by the mam";"6e041ea9-b66b-4b3d-b39d-792e1162c152";"";"18/08/2023 12:35";"18/08/2023 12:36";"18-Aug-23";"Unknown";"Others";0;0;"Melissa Robinson";"Elijah Yamaguchi";"Emily Chen";"31-60";"Evening";5
"0299612f-8023-4522-97f8-51556caec3f0";"Inbound";"Order Related";"Installation/demo";"Product installation date was 25th but unable to get the installation on time even not getting the assistance from Shopzilla. Never recommend for purchase high value product from Shopzilla";"";"";"27/08/2023 10:30";"27/08/2023 10:36";"27-Aug-23";"Unknown";"Others";0;0;"Virginia Mccormick";"Zoe Yamamoto";"John Smith";">90";"Morning";5
"029a0601-dc42-4829-9de8-36ad1ac593f2";"Inbound";"Order Related";"Installation/demo";"Horrible experience of purchasing electrical experience with Shopzilla. Has not expected this kind of service with defected products.";"283e3a7d-ba42-4bd7-819d-6bf92c0b52e2";"";"23/08/2023 12:10";"23/08/2023 12:49";"23-Aug-23";"Unknown";"Others";0;0;"Carmen Lyons";"Ava Wong";"Jennifer Nguyen";"On Job Training";"Morning";1
"029a0794-d7ab-4139-b555-e4404d2e37f1";"Email";"Refund Related";"Refund Enquiry";"";"7e17323b-f24f-4e1f-a4ef-40e8a60e8637";"";"20/08/2023 12:17";"20/08/2023 12:41";"20-Aug-23";"Unknown";"Others";0;0;"Melissa Woods";"Mason Gupta";"Jennifer Nguyen";"On Job Training";"Morning";5
"029a8628-2077-4a12-b742-6136144ac075";"Inbound";"Product Queries";"Product Specific Information";"";"a1e7f9f4-68a6-40cf-84a8-d116975306cf";"";"25/08/2023 15:08";"25/08/2023 15:10";"25-Aug-23";"Unknown";"Others";0;0;"Stephanie Simpson";"Emily Yamashita";"John Smith";">90";"Split";5
"029ae646-5956-47c2-b621-c40b94f5ee61";"Outcall";"Returns";"Return request";"";"40523f55-cfb0-4286-b928-59cb6c4a617c";"06/08/2023 00:06";"12/08/2023 12:52";"12/08/2023 13:07";"12-Aug-23";"KURNOOL";"Electronics";999;548;"Bob Keith";"Mia Patel";"Olivia Tan";"0-30";"Afternoon";4
"029c33c3-ac0c-4443-b050-f0fac178ef49";"Outcall";"Product Queries";"Product Specific Information";"";"8d4d79b2-349b-4764-82b6-f4868aa643a1";"";"10/08/2023 22:31";"10/08/2023 22:38";"10-Aug-23";"Unknown";"Others";0;0;"Scott Sutton";"Jackson Park";"Michael Lee";"31-60";"Evening";5
"029eb3d1-ec36-4d09-99ef-255961bdbc89";"Inbound";"Order Related";"Order status enquiry";"";"";"";"03/08/2023 16:09";"03/08/2023 16:25";"03-Aug-23";"Unknown";"Others";0;0;"Charles Moore";"Nathan Patel";"Jennifer Nguyen";"On Job Training";"Evening";5
"029f3865-5003-4524-b0f4-db4bb32de068";"Outcall";"Returns";"Exchange / Replacement";"";"";"";"04/08/2023 14:19";"04/08/2023 14:35";"04-Aug-23";"Unknown";"Others";0;0;"Michelle Clark";"Ethan Tan";"John Smith";"31-60";"Morning";5
"029fa564-11c3-489f-aa95-3474afd1b268";"Outcall";"Order Related";"Invoice request";"";"1cdc34b8-9d29-453b-9ccb-b585d0802b0c";"";"24/08/2023 16:50";"24/08/2023 20:09";"24-Aug-23";"Unknown";"Others";0;0;"Robert Lara";"Brayden Wong";"John Smith";"31-60";"Evening";4
"02a051dc-5e51-4f5d-958a-c680288d8de4";"Outcall";"Order Related";"Delayed";"";"7f4259b4-c022-44ad-9799-f83683ff9ec8";"";"20/08/2023 15:24";"20/08/2023 15:27";"20-Aug-23";"Unknown";"Others";0;0;"Mary Smith";"Charlotte Suzuki";"Olivia Tan";">90";"Morning";5
"02a0ec7e-f53b-48aa-9af1-6d967374d965";"Inbound";"Returns";"Reverse Pickup Enquiry";"Improve your service I am talking about Shopzilla Because the delivery agent is canceling the product without permission or from your end, you are getting very poor service day by day.";"c89819d3-ea0b-4200-95c0-022f8827d478";"";"31/08/2023 08:36";"31/08/2023 08:38";"31-Aug-23";"Unknown";"Others";0;0;"Rachel Parker";"Ethan Nakamura";"Emily Chen";"0-30";"Evening";5
"02a19592-2978-478a-a919-80882d533f3e";"Outcall";"Returns";"Fraudulent User";"";"76800ab4-d321-49ad-b296-e263a4e026d4";"";"06/08/2023 11:03";"06/08/2023 11:08";"06-Aug-23";"Unknown";"Others";0;0;"Matthew White PhD";"Scarlett Chen";"John Smith";"0-30";"Morning";5
"02a225c2-15f6-401c-827a-54d8fdd47a12";"Inbound";"Returns";"Return request";"";"";"";"15/08/2023 08:28";"15/08/2023 08:31";"15-Aug-23";"Unknown";"Others";0;0;"Anita Harris";"Ethan Nakamura";"Emily Chen";"0-30";"Evening";4
"02a2dd73-f935-41ca-9886-7d727a5e0ad5";"Inbound";"Returns";"Missing";"Good working";"418423ef-2798-4209-8d23-8e345f718a83";"";"08/08/2023 17:31";"08/08/2023 17:57";"08-Aug-23";"Unknown";"Others";0;0;"Megan Smith";"Ava Wong";"Olivia Tan";">90";"Morning";5
"02a31e2c-0539-40ea-9fca-46d56217930b";"Inbound";"Returns";"Reverse Pickup Enquiry";"";"536ed9a4-b9bc-4686-991e-ae5d742f4fa3";"";"10/08/2023 12:19";"10/08/2023 18:07";"10-Aug-23";"Unknown";"Others";0;0;"Joseph Brown";"Brayden Wong";"Olivia Tan";">90";"Morning";5
"02a3b32e-2932-48d0-a279-98bb4392bb3f";"Inbound";"Returns";"Reverse Pickup Enquiry";"Good communication";"b89801fd-4401-4a9e-8378-95fd6f875b3a";"";"25/08/2023 22:00";"25/08/2023 22:04";"25-Aug-23";"Unknown";"Others";0;0;"Alexis Campbell";"Elijah Yamaguchi";"Michael Lee";">90";"Afternoon";5
"02a55b8d-d7b7-4e82-ae73-c5294390c2d0";"Inbound";"Payments related";"Payment pending";"";"0317ab49-eef4-4c9c-a1a0-93445ee44140";"";"28/08/2023 12:23";"28/08/2023 00:00";"28-Aug-23";"Unknown";"Others";0;0;"Kelsey Richardson";"Madison Kim";"Emily Chen";">90";"Split";5
"02a676b8-eff1-46fa-9616-18c78a289d95";"Inbound";"Returns";"Reverse Pickup Enquiry";"Thnk u";"8a48c4b9-6113-4748-a69b-c7503888ff45";"09/08/2023 00:50";"11/08/2023 19:24";"11/08/2023 19:29";"11-Aug-23";"NEW DELHI";"Books & General merchandise";201;0;"Michael Olsen";"Brayden Wong";"John Smith";"61-90";"Evening";5
"02a69414-ee33-442e-bdd7-e38180882645";"Inbound";"Returns";"Exchange / Replacement";"";"b7ed90c5-aa9d-45bd-8a07-1614a0e7fb62";"06/08/2023 22:32";"11/08/2023 10:16";"11/08/2023 12:03";"11-Aug-23";"NEW DELHI";"Mobile";31999;0;"Stephanie Johnson";"Lucas Singh";"William Kim";"On Job Training";"Morning";4
"02a6d05f-eaa8-4bfc-b97e-f87ebdfacb03";"Inbound";"Returns";"Wrong";"";"27b5fb04-687a-4dea-bbef-477e0b257adf";"";"19/08/2023 11:43";"19/08/2023 15:30";"19-Aug-23";"Unknown";"Others";0;0;"Rebecca Graham";"Alexander Tanaka";"Michael Lee";"0-30";"Evening";5
"02a9fbea-0f1e-458a-aebe-37ccb31f4785";"Outcall";"Order Related";"Order status enquiry";"Good service im very happy";"6663db32-d96a-431c-911a-868a7fe146e5";"";"22/08/2023 00:21";"22/08/2023 11:22";"22-Aug-23";"Unknown";"Others";0;0;"Frank Kelley";"Ava Wong";"William Kim";"On Job Training";"Evening";5
"02aa44bd-964e-46ad-ae61-bd200b6a025c";"Inbound";"Order Related";"Installation/demo";"";"5bfc2534-41af-4348-a427-7f9d252feaac";"";"09/08/2023 19:55";"09/08/2023 20:01";"09-Aug-23";"Unknown";"Others";0;0;"Sean Walters";"Jacob Sato";"Emily Chen";"0-30";"Evening";5
"02aaec64-04ff-455d-a487-0785319bb64a";"Inbound";"Order Related";"Priority delivery";"";"89948a95-ec8f-47e3-aac6-6d68edab9881";"";"28/08/2023 15:16";"28/08/2023 00:00";"28-Aug-23";"Unknown";"Others";0;0;"Michael Dunlap";"Charlotte Suzuki";"Jennifer Nguyen";"On Job Training";"Evening";5
"02aafffc-5994-4f76-84b1-23897efce008";"Inbound";"Order Related";"Delayed";"";"8e39b73e-e5ef-4123-a434-74dbd03de07f";"03/08/2023 18:19";"11/08/2023 19:06";"11/08/2023 19:09";"11-Aug-23";"GURGAON";"Books & General merchandise";380;0;"Cole Carlson";"Ava Wong";"William Kim";"On Job Training";"Evening";1
"02ac7ec4-e60c-4457-8055-b214af70fbcf";"Inbound";"Returns";"Reverse Pickup Enquiry";"";"";"";"04/08/2023 22:46";"04/08/2023 22:55";"04-Aug-23";"Unknown";"Others";0;0;"Jacob Arnold";"William Park";"John Smith";"61-90";"Evening";5
"02ad214a-1062-4fe3-8b20-4b11cddd148e";"Inbound";"Order Related";"Order status enquiry";"Thank you";"c196e887-48aa-450f-959b-e8bb8710144b";"23/07/2023 14:58";"02/08/2023 21:18";"02/08/2023 21:19";"02-Aug-23";"KANGRA";"Mobile";32999;0;"Christopher Jones";"Evelyn Kimura";"Jennifer Nguyen";"On Job Training";"Evening";5
"02ae0d7d-5d28-415d-9d50-9e3ba8cac38e";"Inbound";"Returns";"Reverse Pickup Enquiry";"";"";"";"15/08/2023 17:00";"15/08/2023 17:03";"15-Aug-23";"Unknown";"Others";0;0;"Samantha Reeves";"Abigail Suzuki";"Jennifer Nguyen";"On Job Training";"Morning";5
"02ae4f5d-b014-4166-a5c9-f164988645b4";"Inbound";"Returns";"Reverse Pickup Enquiry";"Good";"";"";"16/08/2023 14:25";"16/08/2023 14:29";"16-Aug-23";"Unknown";"Others";0;0;"Jamie Burnett";"Mia Patel";"Olivia Tan";"0-30";"Morning";5
"02ae7657-6dd3-407e-9246-b6ac253dc5c5";"Outcall";"Returns";"Exchange / Replacement";"";"fd37080e-2a70-4764-b508-69e3ef3cf97f";"";"21/08/2023 17:58";"21/08/2023 23:08";"21-Aug-23";"Unknown";"Others";0;0;"Laura Beck";"Noah Patel";"Emily Chen";">90";"Afternoon";5
"02aea5f9-010f-40e5-bdee-1afbedb8f70c";"Inbound";"Feedback";"UnProfessional Behaviour";"?????? ?? ????? ??? ?? ???? ?? ??? ??????? ??? ?? ????? ??????? ????? ??? ?? ??????? ??? ??? ?? ???? ???????? ?? ?? ???? ???? ???? ??????";"1391ebe5-43dc-44bd-968d-850036198ac2";"";"20/08/2023 13:11";"21/08/2023 15:01";"21-Aug-23";"Unknown";"Others";0;0;"Jenna Larson";"Emily Yamashita";"John Smith";"61-90";"Evening";1
"02af20fe-09ee-4399-a073-ae77a46ea27e";"Inbound";"App/website";"Issues with Shopzilla App";"Just ok";"51520e1a-8df3-4867-8cfa-661849e6c749";"";"30/08/2023 15:38";"30/08/2023 15:40";"30-Aug-23";"Unknown";"Others";0;0;"Michelle Whitehead";"Carter Park";"Jennifer Nguyen";"On Job Training";"Evening";5
"02af7b67-3019-402e-9390-702eb3c55afd";"Outcall";"Order Related";"Priority delivery";"Very good";"f4f2eff6-556a-4e14-9ddd-42a08abe25e1";"";"30/08/2023 18:41";"30/08/2023 18:44";"30-Aug-23";"Unknown";"Others";0;0;"Teresa George";"Mason Gupta";"Jennifer Nguyen";"On Job Training";"Morning";5
"02b0fe68-1592-4ec4-a804-e41c9f73103b";"Inbound";"Returns";"Missing";"";"";"";"13/08/2023 13:44";"13/08/2023 13:50";"13-Aug-23";"Unknown";"Others";0;0;"Joseph Harper";"Noah Patel";"Michael Lee";">90";"Morning";5
"02b128a6-0f6c-4632-9576-8dbde7b8b7f5";"Inbound";"Returns";"Fraudulent User";"";"cf21122e-997d-4d1e-90cb-ac9e8c9794cf";"";"10/08/2023 20:42";"10/08/2023 21:25";"10-Aug-23";"Unknown";"Others";0;0;"Elijah Henderson";"Elijah Yamaguchi";"John Smith";"61-90";"Evening";5
"02b1a46d-976d-4ea2-9089-18f6a331ac71";"Inbound";"Order Related";"Delayed";"";"233150aa-1693-4366-bc1b-4fe2ad57dd3a";"05/08/2023 12:29";"22/08/2023 12:34";"22/08/2023 12:36";"22-Aug-23";"ANANTNAG";"Books & General merchandise";412;0;"Ashley Robinson";"Emma Park";"John Smith";"31-60";"Morning";5
"02b321c1-c5c1-43f1-977d-f20c59d30a15";"Outcall";"Shopzilla Related";"Signup Issues";"";"";"";"13/08/2023 17:44";"13/08/2023 17:45";"13-Aug-23";"Unknown";"Others";0;0;"Michael Olsen";"Brayden Wong";"John Smith";"61-90";"Evening";5
"02b4d67d-0dde-4b44-985c-eaf33f4d6566";"Inbound";"Returns";"Wrong";"";"dd5cf0c6-c393-4789-9620-298edfbed5c3";"";"28/08/2023 21:09";"28/08/2023 00:00";"28-Aug-23";"Unknown";"Others";0;0;"Kenneth Henderson";"Ava Wong";"William Kim";"On Job Training";"Evening";5
"02b4dcde-5458-42a9-89df-9ee0073acd0f";"Inbound";"Returns";"Reverse Pickup Enquiry";"";"63d61e8c-2785-46f9-9e9e-9bc23dab9a98";"";"22/08/2023 17:34";"22/08/2023 17:36";"22-Aug-23";"Unknown";"Others";0;0;"Sara Chavez";"Lily Chen";"Michael Lee";"31-60";"Evening";5
"02b59bb9-e1e1-4132-b245-6c14bd037493";"Outcall";"Returns";"Technician Visit";"Very bad experience regarding electronic goods which related with technician. Because, about technician visit experience is very horrible.";"";"";"13/08/2023 21:52";"13/08/2023 22:03";"13-Aug-23";"Unknown";"Others";0;0;"Connor Jackson";"Ethan Tan";"Michael Lee";"31-60";"Evening";1
"02b5d0be-5783-4a6c-a48f-ecde872ff16d";"Inbound";"Refund Related";"Refund Enquiry";"";"c4d889ed-5c0d-4d0b-9c29-a20bcffc2c82";"";"29/08/2023 09:08";"29/08/2023 11:55";"29-Aug-23";"Unknown";"Others";0;0;"Madison Flores";"Ethan Tan";"Jennifer Nguyen";"On Job Training";"Evening";5
"02b74247-18f5-408b-b38a-69118022a09f";"Inbound";"Returns";"Reverse Pickup Enquiry";"Actually helpful. Thanku";"a0d06d96-c1bc-42f4-a879-a5a1e1f02556";"08/08/2023 18:41";"14/08/2023 22:55";"16/08/2023 11:35";"16-Aug-23";"UDUPI";"LifeStyle";185;0;"Dalton Oneal";"Noah Patel";"Michael Lee";"31-60";"Evening";5
"02b743e0-2e54-477c-aeef-6d71ea890e40";"Inbound";"Returns";"Reverse Pickup Enquiry";"";"14bc1bc1-1aa6-422d-aea1-3e74afbbae6f";"";"25/08/2023 15:25";"25/08/2023 15:40";"25-Aug-23";"Unknown";"Others";0;0;"Matthew Lambert";"Olivia Wang";"Olivia Tan";">90";"Afternoon";5
"02b88445-d829-4de0-ae13-8f94a6cdbb02";"Outcall";"Returns";"Reverse Pickup Enquiry";"";"";"";"03/08/2023 11:30";"03/08/2023 11:40";"03-Aug-23";"Unknown";"Others";0;0;"Dylan Mercer";"Zoe Yamamoto";"William Kim";"On Job Training";"Morning";1
"02ba09ea-1788-4f3b-9386-46723485aa57";"Outcall";"Feedback";"UnProfessional Behaviour";"";"3a40963e-cacf-4168-8dbd-330e47742f43";"08/08/2023 23:11";"20/08/2023 21:12";"21/08/2023 09:50";"21-Aug-23";"BATHINDA";"LifeStyle";312;0;"Sarah Thomas";"Logan Lee";"Emily Chen";"61-90";"Evening";4
"02ba85f6-3b5c-4c2f-a0e1-7d9bc9b4541c";"Inbound";"Shopzilla Related";"Shopzila Premium Related";"";"fe54c426-e3ba-40cb-b625-31669f643300";"";"29/08/2023 20:16";"29/08/2023 20:17";"29-Aug-23";"Unknown";"Others";0;0;"Brendan Thomas";"Logan Lee";"William Kim";"On Job Training";"Evening";5
"02bbd2fa-b0b1-4b0c-a58b-9ec588473a49";"Inbound";"Order Related";"Seller Cancelled Order";"";"ea4b5aab-55c6-44c0-8b75-c9581f790295";"";"24/08/2023 08:21";"24/08/2023 09:28";"24-Aug-23";"Unknown";"Others";0;0;"Wendy Taylor";"Madison Kim";"Michael Lee";"31-60";"Evening";5
"02bc3b87-b8e3-48d6-94a5-67723f63ecf9";"Inbound";"Shopzilla Related";"General Enquiry";"i am very happy with the customer service who attended my call she very polite & professional ""appreciate""";"da038786-6cbd-48c0-92f9-f61d0d039cb0";"";"01/08/2023 23:21";"01/08/2023 23:28";"01-Aug-23";"Unknown";"Others";0;0;"Nicole Hernandez";"Noah Patel";"Michael Lee";"31-60";"Night";5
"02bcae47-cca5-4ebb-9239-d4dea61d09c4";"Outcall";"Returns";"Service Centres Related";"";"edf4baec-4bf3-43e7-b174-10e775a08f91";"";"24/08/2023 20:32";"25/08/2023 09:20";"25-Aug-23";"Unknown";"Others";0;0;"Nicole Gallagher";"Lucas Singh";"Jennifer Nguyen";"On Job Training";"Evening";4
"02bd4c17-753d-4ee5-b21b-520bf5c1779a";"Inbound";"Returns";"Reverse Pickup Enquiry";"I happy";"cf7fc87c-98b9-4838-9e5c-7f772e1b38b3";"03/08/2023 19:24";"11/08/2023 16:59";"11/08/2023 17:20";"11-Aug-23";"DHOLPUR";"Electronics";124;0;"Jacob Hendricks";"Logan Lee";"Emily Chen";"61-90";"Evening";5
"02bfa673-12d5-434c-ba0f-e7b6a149f132";"Inbound";"Returns";"Reverse Pickup Enquiry";"";"1cacc684-ea9d-4297-8617-9648e0464e33";"";"07/08/2023 11:50";"07/08/2023 11:52";"07-Aug-23";"Unknown";"Others";0;0;"Bruce Smith";"Elijah Yamaguchi";"Michael Lee";"61-90";"Afternoon";2
"02c003bb-6dd1-4500-9e83-38669a17aa7c";"Outcall";"Product Queries";"Product Specific Information";"";"87d81086-f92b-48a2-8192-5ff3f6e542c7";"";"01/08/2023 20:25";"01/08/2023 20:29";"01-Aug-23";"Unknown";"Others";0;0;"Sara Campbell";"Logan Lee";"Emily Chen";"61-90";"Evening";4
"02c01df0-4909-465d-a98d-50b4c9106775";"Inbound";"Order Related";"Order status enquiry";"";"b988956d-0fa7-4ce9-912f-107c76609339";"";"23/08/2023 11:23";"23/08/2023 11:37";"23-Aug-23";"Unknown";"Others";0;0;"David Harrell";"Carter Park";"Jennifer Nguyen";"On Job Training";"Morning";5
"02c2b1d4-5ca4-4057-88d3-cbe67882f40f";"Inbound";"Returns";"Reverse Pickup Enquiry";"V good";"6c721af3-8926-41ee-8cf4-b7cd4e4ad21d";"";"21/08/2023 14:37";"21/08/2023 14:38";"21-Aug-23";"Unknown";"Others";0;0;"Matthew Grimes";"Layla Taniguchi";"Olivia Tan";">90";"Morning";5
"02c33856-68d1-40f3-9a72-82a03041d333";"Inbound";"Order Related";"Customer Requested Modifications";"Good EVERYTHING";"589d2d97-9431-4b9f-8726-a52ed6e52238";"";"18/08/2023 15:27";"18/08/2023 15:28";"18-Aug-23";"Unknown";"Others";0;0;"Marie Vance";"Logan Lee";"William Kim";"On Job Training";"Evening";5
"02c35fc1-2439-437f-9264-58e9ab51556e";"Inbound";"Returns";"Return request";"";"26634624-2e27-4e8a-9f9f-95a5048ee408";"";"10/08/2023 00:13";"10/08/2023 00:47";"10-Aug-23";"Unknown";"Others";0;0;"Theresa Stewart";"Madison Kim";"John Smith";">90";"Morning";5
"02c3878e-98ce-4f45-837f-bc861bb05fb9";"Email";"Returns";"Reverse Pickup Enquiry";"Is This customer service are designed to help customer?";"39019c47-1697-4d48-a253-7e403ced6bdf";"";"17/08/2023 13:36";"17/08/2023 13:40";"17-Aug-23";"Unknown";"Others";0;0;"Morgan Floyd";"Ethan Tan";"William Kim";"On Job Training";"Morning";1
"02c3fd14-9556-4841-ae86-03c50fac6657";"Inbound";"Returns";"Fraudulent User";"very good";"b7881007-0fec-4d9d-997f-b2b65732c910";"";"10/08/2023 08:39";"10/08/2023 09:25";"10-Aug-23";"Unknown";"Others";0;0;"Melody Jackson";"Isabella Wong";"Emily Chen";">90";"Evening";5
"02c4253d-4d21-4e57-bb6e-d56cfd3209ce";"Inbound";"Returns";"Reverse Pickup Enquiry";"Not any queries";"5916d44c-6bd9-43f4-946d-ec6ea39dc1bd";"27/07/2023 10:23";"01/08/2023 13:47";"01/08/2023 15:56";"01-Aug-23";"JAMNAGAR";"LifeStyle";299;0;"Dana Bridges";"Mason Gupta";"Jennifer Nguyen";"On Job Training";"Morning";5
"02c4811b-477b-4eb8-882e-4af7c801775c";"Inbound";"Returns";"Wrong";"";"6533fd13-e8b7-4fd4-a96f-3f9f3e174957";"";"01/08/2023 16:29";"01/08/2023 16:31";"01-Aug-23";"Unknown";"Others";0;0;"John Nelson";"Layla Taniguchi";"Emily Chen";">90";"Morning";5
"02c4c487-47ab-44ca-98f9-01482210fe65";"Inbound";"Order Related";"Delayed";"";"b8592544-d0f9-47c3-90f5-927214f0eceb";"";"26/08/2023 08:55";"26/08/2023 08:55";"26-Aug-23";"Unknown";"Others";0;0;"Anthony Clark";"Austin Johnson";"Michael Lee";"0-30";"Morning";5
"02c4c884-2ffa-4965-8b29-be98830f4a6e";"Outcall";"Returns";"Missing";"Osm";"";"";"27/08/2023 20:02";"27/08/2023 20:05";"27-Aug-23";"Unknown";"Others";0;0;"Sarah Watts";"Logan Lee";"Jennifer Nguyen";"On Job Training";"Evening";5
"02c4fd51-961b-43fa-b0fb-417a0f08e832";"Inbound";"Order Related";"Delayed";"";"e9d075dc-c413-42d9-b926-2f14c866d319";"24/07/2023 20:09";"01/08/2023 09:38";"01/08/2023 09:42";"01-Aug-23";"SRIPERUMBUDUR";"LifeStyle";3034;0;"Carol Reid";"Evelyn Kimura";"John Smith";"0-30";"Morning";4
"02c60a85-5a4a-41e2-a106-ee8d9d6e582c";"Inbound";"Order Related";"Delayed";"";"f73fe54d-ad0f-43d2-b825-b00392bd7c77";"31/07/2023 16:24";"07/08/2023 08:32";"07/08/2023 08:39";"07-Aug-23";"HABRA";"Books & General merchandise";163;0;"Kristin Beasley";"Evelyn Kimura";"John Smith";"0-30";"Morning";4
"02c6a489-e841-4d05-a16e-b54f46084937";"Inbound";"Order Related";"Priority delivery";"";"c1af7c97-09d2-4668-9182-ddb04a6b29c8";"";"29/08/2023 11:35";"29/08/2023 20:41";"29-Aug-23";"Unknown";"Others";0;0;"Olivia Alvarez";"Noah Patel";"Jennifer Nguyen";"On Job Training";"Morning";5
"02c7e663-10d5-4fbd-8e24-89338dac4338";"Outcall";"Order Related";"Order status enquiry";"";"d6f96b1a-7ed8-43ec-a007-958ccbd47a31";"";"08/08/2023 20:13";"09/08/2023 00:05";"09-Aug-23";"Unknown";"Others";0;0;"Sarah Taylor";"Carter Park";"Jennifer Nguyen";"On Job Training";"Morning";5
"02c82a35-e8f7-4dde-b237-8bf94b2dfb46";"Inbound";"Returns";"Exchange / Replacement";"";"aa58ef20-66e1-480d-b3ad-b00e9c2b6e6e";"";"07/08/2023 21:49";"07/08/2023 21:58";"07-Aug-23";"Unknown";"Others";0;0;"Kelly Moore DDS";"Isabella Wong";"Emily Chen";">90";"Evening";5
"02ca5da4-44a8-4225-910c-bd7d201154c6";"Inbound";"Order Related";"Order status enquiry";"Ok";"";"";"15/08/2023 18:47";"15/08/2023 18:47";"15-Aug-23";"Unknown";"Others";0;0;"Evelyn Stevens";"Aiden Patel";"Olivia Tan";"On Job Training";"Evening";5
"02cb02b3-a10f-498f-b791-8059278c08e0";"Inbound";"Order Related";"Order status enquiry";"";"";"";"04/08/2023 10:48";"04/08/2023 21:06";"04-Aug-23";"Unknown";"Others";0;0;"Allison Mccall";"Noah Patel";"Michael Lee";">90";"Morning";5
"02cb822e-2398-45ef-89b9-15f884861943";"Inbound";"Returns";"Reverse Pickup Enquiry";"";"";"";"15/08/2023 17:15";"15/08/2023 17:21";"15-Aug-23";"Unknown";"Others";0;0;"Janet Turner";"Layla Taniguchi";"Emily Chen";"31-60";"Morning";4
"02cbfcb6-f492-45d3-a86d-83f0bc02c311";"Inbound";"Order Related";"Priority delivery";"";"3d7aadd8-931c-47b9-a5ea-9c4e83d8258a";"";"08/08/2023 08:59";"08/08/2023 09:04";"08-Aug-23";"Unknown";"Others";0;0;"Joseph Gibson";"Layla Taniguchi";"Emily Chen";">90";"Morning";5
"02ccf039-bb86-4f35-a268-5d86650be969";"Inbound";"Returns";"Reverse Pickup Enquiry";"Very good customer support thank you for the help";"";"";"04/08/2023 08:36";"04/08/2023 08:39";"04-Aug-23";"Unknown";"Others";0;0;"Gregory Robinson";"Brayden Wong";"John Smith";">90";"Morning";5
"02cd99d2-2e7a-48c9-a31a-819b87186bf3";"Outcall";"Returns";"Return request";"";"0c2b3ccd-0d8c-4173-8c90-d8351cf48ef9";"";"23/08/2023 14:26";"23/08/2023 14:31";"23-Aug-23";"Unknown";"Others";0;0;"Michael Ruiz";"Madison Kim";"John Smith";">90";"Morning";5
"02cde05f-7e87-4a32-ab6e-3765bbc62525";"Email";"Order Related";"Delayed";"";"30f500e3-bcd3-4ab9-b839-f46893bd5744";"09/08/2023 07:32";"19/08/2023 12:31";"19/08/2023 12:39";"19-Aug-23";"AHMEDABAD";"LifeStyle";299;0;"Erin Smith MD";"Evelyn Kimura";"John Smith";"0-30";"Morning";4
"02cef603-056b-4acf-b061-66584490ec0c";"Inbound";"Returns";"Return request";"Very good";"bc8c5300-8d62-4eea-a459-8d73ef3e8e81";"";"30/08/2023 14:21";"30/08/2023 14:24";"30-Aug-23";"Unknown";"Others";0;0;"Steven Wall";"Zoe Yamamoto";"Emily Chen";">90";"Afternoon";5
"02cf1d58-b6f8-4266-9a5c-95aac5c1d678";"Inbound";"Refund Related";"Refund Enquiry";"";"230c0518-398b-4bf0-8466-4a3349c01463";"03/08/2023 12:12";"10/08/2023 17:06";"10/08/2023 17:12";"10-Aug-23";"NEW DELHI";"Furniture";2698;0;"Gina Richards";"Logan Lee";"Emily Chen";"61-90";"Evening";4
"02cf4c26-f110-451c-bfc1-9f4d23a93d46";"Inbound";"Feedback";"UnProfessional Behaviour";"";"d7f1c54f-0538-400e-9348-6877802c8c92";"19/07/2023 14:50";"12/08/2023 08:06";"12/08/2023 08:48";"12-Aug-23";"GWALIOR";"Electronics";999;0;"Matthew Wolf";"Noah Patel";"Michael Lee";">90";"Morning";5
"02d137ad-ab0d-4e2d-8546-8e86f92f5ecf";"Outcall";"Returns";"Service Centres Related";"";"dbcbbb02-090d-4388-beab-a9dc9230059a";"";"29/08/2023 16:43";"29/08/2023 16:48";"29-Aug-23";"Unknown";"Others";0;0;"Seth Williamson";"Sophia Sato";"John Smith";">90";"Afternoon";5
"02d35fa6-2e57-44c9-9c4f-22d8553cbfd4";"Outcall";"Returns";"Return request";"";"9c78a62b-5bd0-46fc-8eee-be257b42746c";"";"21/08/2023 19:26";"21/08/2023 22:05";"21-Aug-23";"Unknown";"Others";0;0;"Eric Dunn MD";"Jackson Park";"William Kim";"On Job Training";"Evening";5
"02d5de8e-cd9b-4396-afed-2bae63d7c84d";"Email";"Cancellation";"Not Needed";"";"a30be31a-8d4e-4ddf-905f-24d80a72008a";"10/08/2023 10:54";"20/08/2023 06:27";"20/08/2023 06:45";"20-Aug-23";"BIHAR SHARIF";"Home";767;0;"Pamela Johnson";"Scarlett Chen";"John Smith";"0-30";"Morning";4
"02d61733-8f82-4d27-a92d-760852559b2f";"Inbound";"Returns";"Reverse Pickup Enquiry";"";"";"";"04/08/2023 14:24";"04/08/2023 14:26";"04-Aug-23";"Unknown";"Others";0;0;"Michelle Cunningham";"Emma Park";"John Smith";"31-60";"Morning";5
"02d66e61-ec32-4f37-9e3c-69d043479e4d";"Inbound";"Returns";"Return request";"";"";"";"04/08/2023 20:22";"04/08/2023 20:26";"04-Aug-23";"Unknown";"Others";0;0;"Richard Barber";"Alexander Tanaka";"Michael Lee";"0-30";"Evening";4
"02d6bd68-5c41-49b1-bdfe-ba2ab849b900";"Inbound";"Returns";"Reverse Pickup Enquiry";"";"12e853c7-ffc4-49b8-95ab-355b579a4640";"08/08/2023 05:34";"16/08/2023 09:41";"16/08/2023 09:41";"16-Aug-23";"RAIPUR";"LifeStyle";1000;0;"Jennifer Vazquez";"Mason Gupta";"Jennifer Nguyen";"On Job Training";"Morning";5
"02d7764e-c097-4689-becf-2ef9e44f8bc5";"Inbound";"Shopzilla Related";"General Enquiry";"";"87389c4b-b565-4478-a800-e8b41c8ca5fa";"";"07/08/2023 17:52";"07/08/2023 17:54";"07-Aug-23";"Unknown";"Others";0;0;"Steven Wall";"Zoe Yamamoto";"Emily Chen";">90";"Afternoon";5
"02d7ef94-8c94-42f2-948c-b5e48aaf986b";"Inbound";"Order Related";"Seller Cancelled Order";"";"34e6dceb-7b19-44af-9aba-a8c2e3f7edde";"";"17/08/2023 19:21";"17/08/2023 19:33";"17-Aug-23";"Unknown";"Others";0;0;"Elizabeth Reid";"Charlotte Suzuki";"Jennifer Nguyen";"On Job Training";"Evening";3
"02d8cecc-136a-46d7-9e3c-b321ffce5c51";"Inbound";"Order Related";"Delayed";"";"3f519953-7125-4569-beda-a6bb58320723";"12/08/2023 12:16";"25/08/2023 13:33";"25/08/2023 13:33";"25-Aug-23";"MANGALDOI";"Books & General merchandise";149;0;"Amy Mendez";"Sophia Sato";"John Smith";"0-30";"Morning";5
"02da00f3-9ee9-45a6-91e3-a32523d3a1f8";"Inbound";"Refund Related";"Refund Enquiry";"More clarity with product.";"c021d736-803f-49ca-8888-0e940cbfe1e4";"31/07/2023 09:56";"11/08/2023 14:20";"11/08/2023 16:30";"11-Aug-23";"HALDWANI";"Home";248;0;"Laurie Wilson";"Nathan Patel";"Michael Lee";">90";"Night";5
"02dd7893-79db-4cd2-ae4c-66f0b8da9168";"Inbound";"Order Related";"Order status enquiry";"If the communication will be easy to connect.Thank you.";"cb80e044-0497-46f4-aaca-272fc74a4baf";"";"31/08/2023 18:25";"31/08/2023 18:27";"31-Aug-23";"Unknown";"Others";0;0;"Douglas Pitts";"Abigail Suzuki";"Jennifer Nguyen";"On Job Training";"Evening";5
"02de59b1-44b8-4ce0-be16-fde0ed3b2357";"Inbound";"Order Related";"Order status enquiry";"Please return my product asap and refunds";"";"";"16/08/2023 16:40";"16/08/2023 16:53";"16-Aug-23";"Unknown";"Others";0;0;"David Rojas";"Olivia Suzuki";"Jennifer Nguyen";"On Job Training";"Evening";5
"02dfe7ed-b7ac-424b-b4d1-e9772707d075";"Inbound";"Order Related";"Customer Requested Modifications";"";"";"";"12/08/2023 11:19";"12/08/2023 11:27";"12-Aug-23";"Unknown";"Others";0;0;"Matthew White PhD";"Scarlett Chen";"John Smith";"0-30";"Morning";5
"02e0481b-b16d-446a-8ecf-617180926f94";"Outcall";"Returns";"Service Centres Related";"";"fbc0f4af-b4a1-49ff-bef8-69148d81aede";"04/08/2023 12:24";"21/08/2023 19:30";"22/08/2023 11:27";"22-Aug-23";"ERNAKULAM";"Electronics";2949;0;"Jacob Schroeder";"Brayden Wong";"Michael Lee";">90";"Afternoon";1
"02e0eb31-e47c-48d1-a4fe-6a02f9df8bd3";"Inbound";"Returns";"Reverse Pickup Enquiry";"";"9dba9bd2-dc1e-4d74-8395-c62981bb768d";"";"18/08/2023 16:24";"18/08/2023 16:27";"18-Aug-23";"Unknown";"Others";0;0;"Jenna Rivas";"Mia Patel";"John Smith";">90";"Morning";5
"02e1c97d-3a74-40d6-8e8b-b4034e65a163";"Outcall";"Feedback";"UnProfessional Behaviour";"";"837d1c85-e377-4447-aa2a-1d33a45bbb10";"";"20/08/2023 10:28";"20/08/2023 10:45";"20-Aug-23";"Unknown";"Others";0;0;"Julie Williams";"Zoe Yamamoto";"William Kim";"On Job Training";"Morning";4
"02e2a908-d7d2-4115-997d-c975a8de7aae";"Inbound";"Returns";"Reverse Pickup Enquiry";"";"e6bb7d2a-ba18-441f-90bf-ba0412c4ffa9";"";"23/08/2023 21:59";"24/08/2023 05:48";"24-Aug-23";"Unknown";"Others";0;0;"Nicholas Payne";"Olivia Suzuki";"Jennifer Nguyen";"On Job Training";"Morning";4
"02e3cb33-6dc0-47aa-bb3c-c963e4fe40ed";"Inbound";"Returns";"Reverse Pickup Enquiry";"";"c745ee62-8426-4a8d-95ff-2de3afbee490";"16/08/2023 09:05";"28/08/2023 12:53";"28/08/2023 00:00";"28-Aug-23";"SHAHDOL";"Electronics";1399;0;"Jennifer Martinez";"Austin Johnson";"Michael Lee";"0-30";"Morning";5
"02e41f3b-de14-4252-b91a-7948a3ef1e8a";"Inbound";"Order Related";"Delayed";"";"9748d015-a6e9-4ba8-b66a-12aa3d8d236e";"";"29/08/2023 19:31";"29/08/2023 19:33";"29-Aug-23";"Unknown";"Others";0;0;"Jackson Brown";"Mia Patel";"William Kim";"On Job Training";"Evening";5
"02e43e9e-4511-4874-bd9d-53fe55e950eb";"Inbound";"Returns";"Return request";"Very good ??";"d7ba8484-ad9f-4cc6-b021-22f3414f8210";"25/07/2023 16:54";"14/08/2023 15:22";"14/08/2023 15:50";"14-Aug-23";"PATNA SADAR";"Electronics";2199;0;"Brett Smith";"Dylan Kim";"Michael Lee";">90";"Morning";5
"02e78e1c-1422-4507-9783-74ea6a1febf0";"Inbound";"Returns";"Reverse Pickup Enquiry";"They never helped";"900a97cf-a86a-42c2-96b1-f442436187ed";"01/08/2023 22:33";"12/08/2023 23:20";"16/08/2023 10:04";"16-Aug-23";"OOTY";"LifeStyle";185;0;"Daniel Martinez";"Ethan Tan";"Michael Lee";"31-60";"Evening";1
"02e92f8a-73fe-4cdc-9941-4f94673f9bf0";"Inbound";"Order Related";"Delayed";"Confirm date mansion first";"b8349e4a-3297-49c3-9844-8df22abfe1c6";"";"20/08/2023 11:50";"20/08/2023 11:51";"20-Aug-23";"Unknown";"Others";0;0;"Debbie Johnson";"Emily Yamashita";"Michael Lee";">90";"Morning";1
"02ec9233-6d5f-4362-861e-21b26ffadb20";"Inbound";"Order Related";"Order status enquiry";"";"c2c96566-704a-4c50-b7f4-8d3814ad92c8";"";"17/08/2023 11:54";"17/08/2023 11:57";"17-Aug-23";"Unknown";"Others";0;0;"Jenna Larson";"Emily Yamashita";"John Smith";"61-90";"Evening";5
"02ece55e-c0ca-4943-acfe-5842fa610010";"Inbound";"Order Related";"Delayed";"";"16a1d3ee-ff39-4583-8da7-631aaa5f4e68";"";"22/08/2023 09:53";"22/08/2023 11:20";"22-Aug-23";"Unknown";"Others";0;0;"Kayla Wilson";"Evelyn Kimura";"John Smith";"0-30";"Morning";5
"02ed32bc-a7ba-42cb-9802-3386cc73399f";"Inbound";"Returns";"Reverse Pickup Enquiry";"";"b0f4c85e-0ce1-495d-b4fb-0efaf8d472bf";"";"02/08/2023 10:20";"02/08/2023 10:30";"02-Aug-23";"Unknown";"Others";0;0;"Steven Cline";"Emily Yamashita";"John Smith";">90";"Morning";4
"02eeaec0-9cfd-4fdd-aab6-1d135971af4d";"Inbound";"Returns";"Reverse Pickup Enquiry";"";"17146370-d608-4474-9d5f-fdbe60304aa6";"";"18/08/2023 16:38";"18/08/2023 16:39";"18-Aug-23";"Unknown";"Others";0;0;"John Oneill";"Aiden Patel";"Olivia Tan";"On Job Training";"Evening";5
"02ef9aa7-d0cb-40f2-9bbb-1b73857731d7";"Inbound";"Order Related";"Order status enquiry";"";"";"";"12/08/2023 22:32";"12/08/2023 22:40";"12-Aug-23";"Unknown";"Others";0;0;"Todd Floyd";"Ethan Nakamura";"Emily Chen";"0-30";"Evening";5
"02f013cd-05a9-4bfd-8f24-47051962acc7";"Inbound";"Payments related";"Billing Related";"Very helpful and friendly customer support";"4a10b058-b1e4-403f-8791-a236947515a5";"";"28/08/2023 08:12";"28/08/2023 00:00";"28-Aug-23";"Unknown";"Others";0;0;"Xavier Little";"Austin Johnson";"William Kim";"On Job Training";"Morning";5
"02f05c89-3169-4895-a4e9-79888b9381e2";"Inbound";"Returns";"Reverse Pickup Enquiry";"Thanks for calling assistant";"511b833b-07c3-4fda-9581-45f777d4ec2e";"";"09/08/2023 17:55";"09/08/2023 17:55";"09-Aug-23";"Unknown";"Others";0;0;"Patricia Holmes";"Emma Park";"John Smith";">90";"Morning";5
"02f20728-c233-49f4-9559-e36aaee58444";"Inbound";"Order Related";"Customer Requested Modifications";"";"6bac9b5f-a393-415e-8aa6-e69156c656be";"11/08/2023 16:07";"11/08/2023 16:36";"11/08/2023 16:37";"11-Aug-23";"Unknown";"Books & General merchandise";238;0;"Holly King";"Zoe Yamamoto";"Olivia Tan";">90";"Morning";5
"02f33734-b425-4816-9784-1b4577326583";"Inbound";"Order Related";"Order status enquiry";"5";"";"";"27/08/2023 12:04";"27/08/2023 12:06";"27-Aug-23";"Unknown";"Others";0;0;"Sandra Pierce";"Emma Park";"Jennifer Nguyen";"On Job Training";"Evening";5
"02f42511-0a1c-464a-ae02-4aabb96b85e1";"Outcall";"Returns";"Return request";"";"";"";"03/08/2023 12:40";"03/08/2023 12:47";"03-Aug-23";"Unknown";"Others";0;0;"Jamie Smith";"Scarlett Chen";"John Smith";"0-30";"Morning";4
"02f626f5-9df0-4e56-9d48-833a25cb1773";"Inbound";"Returns";"Return request";"";"05687a11-8b29-4aba-afd1-f4a6a00b2fd5";"";"25/08/2023 19:55";"25/08/2023 19:58";"25-Aug-23";"Unknown";"Others";0;0;"Ernest Harrington";"Zoe Yamamoto";"Emily Chen";">90";"Afternoon";5
"02f814d8-229b-4854-86c1-5fa50337eee8";"Inbound";"Returns";"Missing";"My query is still pending, results awaited..";"498fd8e8-51d3-4665-a86e-b5b2fac17ace";"";"18/08/2023 10:56";"18/08/2023 11:00";"18-Aug-23";"Unknown";"Others";0;0;"Samantha Reeves";"Abigail Suzuki";"Jennifer Nguyen";"On Job Training";"Morning";5
"02f8a005-16d9-4753-b82b-51d7ef253ed9";"Inbound";"Order Related";"Order status enquiry";"";"a8cec1ed-75da-4ed9-a60d-926405976e49";"03/08/2023 12:33";"11/08/2023 12:28";"11/08/2023 12:30";"11-Aug-23";"ANANTNAG";"Electronics";19999;0;"James Abbott";"Mason Gupta";"Jennifer Nguyen";"On Job Training";"Morning";1
"02f9e3de-e084-4630-a4cc-cf7be976a040";"Inbound";"Order Related";"Delayed";"";"";"";"16/08/2023 16:40";"16/08/2023 16:42";"16-Aug-23";"Unknown";"Others";0;0;"Melissa Russell";"Harper Wong";"Emily Chen";"31-60";"Afternoon";5
"02fc9385-fd50-4dbd-a3ca-f5415653b8e7";"Inbound";"Returns";"Reverse Pickup Enquiry";"";"cce3017d-5eaf-4104-a597-d2dc2e36a0c3";"";"10/08/2023 13:24";"10/08/2023 13:26";"10-Aug-23";"Unknown";"Others";0;0;"Adam Hammond";"Olivia Suzuki";"John Smith";"31-60";"Morning";5
"02fca046-ea4b-4418-a2a2-b2811c452b69";"Inbound";"Order Related";"Order status enquiry";"Good";"";"";"12/08/2023 18:03";"12/08/2023 18:06";"12-Aug-23";"Unknown";"Others";0;0;"Victor Rivera";"Lily Chen";"Michael Lee";">90";"Evening";5
"02ff3de3-6a34-4823-8d0b-003f3a4b1141";"Inbound";"Order Related";"Delayed";"Good";"b609abdf-f77a-4441-8cc2-2bcd7b3e9a05";"";"08/08/2023 18:19";"08/08/2023 18:20";"08-Aug-23";"Unknown";"Others";0;0;"Rebecca Walker";"Logan Lee";"Emily Chen";"61-90";"Evening";5
"02fff9e9-f344-47dc-8f5e-67f432f9ba40";"Outcall";"Returns";"Reverse Pickup Enquiry";"";"c02f307f-fbd3-403b-b040-23c6d8984b6a";"";"30/08/2023 13:30";"30/08/2023 13:34";"30-Aug-23";"Unknown";"Others";0;0;"Jeffrey Parker";"Nathan Patel";"Michael Lee";">90";"Morning";5
"03005ec5-ef1a-4edf-b165-1fb281faa268";"Inbound";"Payments related";"Online Payment Issues";"";"8a091ed2-25db-4ece-8dc8-7853840e4c81";"";"01/08/2023 11:06";"01/08/2023 11:15";"01-Aug-23";"Unknown";"Others";0;0;"Stacy Singh";"Aiden Patel";"John Smith";">90";"Morning";5
"030080aa-0d28-448b-816f-1e3cad106a20";"Inbound";"Order Related";"Installation/demo";"??";"83aaf684-849c-45d8-a43e-ef475907e728";"";"19/08/2023 09:39";"19/08/2023 09:46";"19-Aug-23";"Unknown";"Others";0;0;"Theresa Stewart";"Madison Kim";"John Smith";">90";"Morning";4
"03012d9d-4f7e-4036-835a-46147c3e4979";"Inbound";"Refund Related";"Refund Enquiry";"";"";"";"12/08/2023 11:55";"12/08/2023 11:56";"12-Aug-23";"Unknown";"Others";0;0;"Gregory Jackson";"Scarlett Chen";"John Smith";"0-30";"Morning";5
"030310c1-5462-4e6b-a933-10dee6baebcb";"Inbound";"Returns";"Return request";"";"0b98266c-e5fd-45af-96f8-18fa59926e1b";"28/07/2023 20:30";"11/08/2023 19:48";"11/08/2023 20:09";"11-Aug-23";"CHITTORGARH";"Electronics";999;0;"Miss Patricia Mack DDS";"Noah Patel";"Emily Chen";">90";"Afternoon";5
"03043a86-ba19-40c4-b016-7da32abf67cb";"Inbound";"Cancellation";"Return cancellation";"Great";"eb931b9d-98a6-4fe6-a75c-1cd072aa6211";"";"17/08/2023 17:10";"17/08/2023 17:14";"17-Aug-23";"Unknown";"Others";0;0;"Tina Harrington";"Carter Park";"Michael Lee";">90";"Morning";5
"0305b3e1-611b-434c-a209-669c967843ec";"Inbound";"Feedback";"UnProfessional Behaviour";"Hallp";"cc00029c-4892-4036-ba9f-ab99787faee2";"";"20/08/2023 12:49";"20/08/2023 12:53";"20-Aug-23";"Unknown";"Others";0;0;"Nathan Wilson";"Mia Patel";"John Smith";">90";"Morning";5
"0308199a-8dcd-43a5-a5e2-2cecab8f8974";"Inbound";"Returns";"Return request";"";"185c7a40-8306-443f-8571-6ef89e3fa714";"04/08/2023 20:46";"11/08/2023 11:19";"11/08/2023 11:21";"11-Aug-23";"TRIVANDRUM";"LifeStyle";467;0;"Mark Wilson";"Scarlett Chen";"John Smith";"0-30";"Morning";4
"03082634-07a4-4610-ac9b-c2cfc581464a";"Inbound";"Order Related";"Order status enquiry";"Very poor facilities";"0ad5bbb4-d559-4f7a-8ac3-691370da4cf3";"";"07/08/2023 15:47";"07/08/2023 15:48";"07-Aug-23";"Unknown";"Others";0;0;"Sarah Keller";"Zoe Yamamoto";"John Smith";">90";"Morning";1
"030865b3-af94-4bd6-bffd-f55b7f25f8df";"Email";"Returns";"Return request";"Good girl";"3fead1df-625d-45c5-b983-97a9507f910d";"";"08/08/2023 09:23";"08/08/2023 09:37";"08-Aug-23";"Unknown";"Others";0;0;"Brittany Tran";"Landon Tanaka";"Emily Chen";">90";"Morning";5
"030a4adb-75a9-4291-a0d8-bcc1aebd9997";"Inbound";"Returns";"Reverse Pickup Enquiry";"";"a164b9c6-0a79-4824-88eb-7d066fc78fe2";"";"05/08/2023 19:54";"05/08/2023 19:56";"05-Aug-23";"Unknown";"Others";0;0;"Eric Bowen";"Amelia Tanaka";"Michael Lee";"31-60";"Evening";5
"030ba3ce-ff76-44fc-9061-819f028bc100";"Inbound";"Order Related";"Invoice request";"";"";"";"16/08/2023 15:28";"16/08/2023 15:30";"16-Aug-23";"Unknown";"Others";0;0;"Jacob Arnold";"William Park";"John Smith";"61-90";"Evening";4
"030cbb8b-37b6-4a2e-b5be-59a50b419afe";"Inbound";"Order Related";"Order Verification";"Quick resolution";"801e3004-dfb7-47f0-bea7-8d4c0a0d7090";"";"07/08/2023 14:59";"07/08/2023 15:02";"07-Aug-23";"Unknown";"Others";0;0;"Brittany Tran";"Landon Tanaka";"Emily Chen";">90";"Morning";5
"030d42fe-b4c6-450d-8fe7-487fa4445e23";"Outcall";"Returns";"Reverse Pickup Enquiry";"Problem solved nahi";"39354f21-6322-49c4-b53e-6612ba6caaee";"";"21/08/2023 23:46";"21/08/2023 23:49";"21-Aug-23";"Unknown";"Others";0;0;"Curtis Mccarthy";"Zoe Yamamoto";"John Smith";">90";"Morning";1
"030e3d9f-acce-4c47-ac84-5e4ba047774e";"Outcall";"Returns";"Reverse Pickup Enquiry";"";"";"";"04/08/2023 16:28";"05/08/2023 02:38";"05-Aug-23";"Unknown";"Others";0;0;"Dakota Collins";"Logan Lee";"Emily Chen";"61-90";"Evening";1
"030e7d7c-e995-42fa-9836-f7d06b6ad2ae";"Inbound";"Returns";"Reverse Pickup Enquiry";"3";"cf466ad2-68be-491b-9ec4-58ae53e27715";"13/06/2023 16:55";"12/08/2023 18:55";"12/08/2023 19:47";"12-Aug-23";"MANDASUR";"LifeStyle";269;0;"Fred Newman";"Amelia Tanaka";"Michael Lee";">90";"Morning";3
"030f904f-424e-4ad7-be1c-7a2738c538df";"Inbound";"Feedback";"UnProfessional Behaviour";"Thank you for supporting us ??";"e91010e1-4db6-4081-bc67-444a426c5380";"";"31/08/2023 13:47";"31/08/2023 13:52";"31-Aug-23";"Unknown";"Others";0;0;"Kimberly Rogers";"Scarlett Chen";"John Smith";"0-30";"Morning";5
"030f99c5-c628-4275-836d-fdd78670247a";"Email";"Order Related";"Delayed";"Worst service provided by Shopzilla customer care...small issue that not able to solve in 4-5 days...this is awful...";"c6ca7e4b-756e-4018-b0ed-e9dedf4f8a6f";"11/07/2023 06:34";"21/08/2023 20:24";"22/08/2023 07:57";"22-Aug-23";"RAMGARH";"Home";424;0;"Courtney Richardson";"Logan Lee";"Emily Chen";"61-90";"Evening";1
"030fb500-7236-4d02-adf0-e86bdfb3c488";"Inbound";"Returns";"Reverse Pickup Enquiry";"";"0299d0d6-e322-492d-8d6e-3a97d1c5a470";"";"07/08/2023 15:43";"07/08/2023 15:44";"07-Aug-23";"Unknown";"Others";0;0;"Brenda Cox";"Elijah Yamaguchi";"John Smith";"61-90";"Evening";5
"03109809-5740-4880-a8ab-7d50d6c7b42f";"Inbound";"Product Queries";"Product Specific Information";"Thank you";"d9c5990c-eb3f-4480-8233-12f7a21cea9a";"";"09/08/2023 10:22";"09/08/2023 11:25";"09-Aug-23";"Unknown";"Others";0;0;"Linda Foster";"Noah Patel";"Emily Chen";">90";"Morning";5
"03140c69-1ffa-4960-9bc1-2d6751e510f9";"Inbound";"Returns";"Reverse Pickup Enquiry";"";"58e31e81-1461-4827-bd13-783b46945cd4";"";"02/08/2023 12:34";"02/08/2023 18:43";"02-Aug-23";"Unknown";"Others";0;0;"Amy Vazquez";"Elijah Yamaguchi";"Michael Lee";">90";"Night";5
"0314a39a-1adb-4623-803d-409c5cf5750a";"Inbound";"Returns";"Reverse Pickup Enquiry";"";"f4d43c11-c09a-4585-9218-365649d4f714";"";"01/08/2023 13:36";"01/08/2023 14:12";"01-Aug-23";"Unknown";"Others";0;0;"Douglas Savage";"Jackson Park";"John Smith";">90";"Morning";5
"0314c5d8-4e17-47e2-b14c-7227491e6555";"Outcall";"Returns";"Reverse Pickup Enquiry";"Good communication";"1fff1084-fa56-45f9-af15-62b91d5261f0";"";"21/08/2023 08:40";"21/08/2023 08:41";"21-Aug-23";"Unknown";"Others";0;0;"Alyssa Ford";"Carter Park";"Jennifer Nguyen";"On Job Training";"Morning";5
"03161435-798c-44de-aef3-9f9aab464d58";"Inbound";"Order Related";"Delayed";"Please give the priority on shipment delivery on time and consideration on product quality";"76bc06ec-9468-4ac9-b192-0ecdd6434634";"05/08/2023 12:49";"12/08/2023 11:20";"12/08/2023 11:22";"12-Aug-23";"VISHAKHAPATNAM";"LifeStyle";1593;0;"Allison Mccall";"Noah Patel";"Michael Lee";">90";"Morning";5
"03161806-b73e-43cd-8a57-be601de83a8a";"Inbound";"Returns";"Return request";"";"";"";"13/08/2023 08:29";"13/08/2023 08:32";"13-Aug-23";"Unknown";"Others";0;0;"Lee Allen PhD";"Elijah Yamaguchi";"John Smith";">90";"Evening";5
"031642d6-cceb-4609-a29e-318f82145e84";"Inbound";"Feedback";"UnProfessional Behaviour";"Happy";"9053b18d-ab65-4b4c-90cb-9aca2a4508de";"";"07/08/2023 07:37";"07/08/2023 07:37";"07-Aug-23";"Unknown";"Others";0;0;"Kimberly Medina";"Lily Chen";"Michael Lee";">90";"Morning";5
"03165a2d-7a49-4892-b0b5-25ffbfcedcb5";"Inbound";"Order Related";"Order status enquiry";"";"fb9b868e-8219-43c8-ae44-653b18da413f";"01/08/2023 13:12";"08/08/2023 11:15";"08/08/2023 11:18";"08-Aug-23";"REWA";"Books & General merchandise";172;0;"Kevin Randolph";"Carter Park";"Michael Lee";">90";"Morning";5
"031667c0-fc50-4e53-bd04-e600befbc330";"Outcall";"Returns";"Return request";"Must teach to treat the customer with respect and peace.";"4b21425a-4159-4b6a-ab60-6df7bad9c3bf";"01/08/2023 05:10";"05/08/2023 10:19";"05/08/2023 10:21";"05-Aug-23";"BHUBANESWAR";"Electronics";799;0;"Brianna Wolf";"Mia Patel";"John Smith";">90";"Morning";5
"0316cb53-a72a-4617-b68f-785d7c488312";"Inbound";"Returns";"Reverse Pickup Enquiry";"Her Voice   ?????";"9e7d636f-af0f-4da2-b4d7-743ef08a86b3";"";"19/08/2023 12:04";"19/08/2023 12:16";"19-Aug-23";"Unknown";"Others";0;0;"Michael Olsen";"Brayden Wong";"John Smith";"61-90";"Evening";5
"0318472b-ec42-440e-91c0-fbf3f51a08c3";"Inbound";"Returns";"Technician Visit";"";"b084e17d-626e-4076-a6d8-ca3f4ab8c849";"";"06/08/2023 13:37";"06/08/2023 13:39";"06-Aug-23";"Unknown";"Others";0;0;"Michael Gomez";"Mia Patel";"John Smith";"31-60";"Morning";5
"0318efac-77e2-4d6f-abf8-e921bf17e989";"Inbound";"Returns";"Reverse Pickup Enquiry";"";"fac45b10-3fb0-463d-9547-d5cb8f0dc1d1";"";"19/08/2023 12:13";"19/08/2023 12:16";"19-Aug-23";"Unknown";"Others";0;0;"Jamie Smith";"Scarlett Chen";"John Smith";"0-30";"Morning";4
"03192a85-3dda-40b2-9b6f-a103ae3fd62f";"Inbound";"Refund Related";"Refund Related Issues";"Extremely happy";"dc7bd48e-50ca-47bb-b63f-30b490c573ae";"";"31/08/2023 21:03";"31/08/2023 21:04";"31-Aug-23";"Unknown";"Others";0;0;"Christopher Mcintosh";"Oliver Nguyen";"John Smith";">90";"Morning";5
"03193a30-357f-4c80-9719-70a846d914f1";"Outcall";"Returns";"Reverse Pickup Enquiry";"Please admit person who is more literate and more polite";"c9108367-957b-4f6b-9c2c-350d93fed19e";"26/07/2023 18:00";"08/08/2023 11:40";"08/08/2023 20:07";"08-Aug-23";"KOZHIKODE";"Home";3415;0;"Eric Williams";"Ethan Nakamura";"Jennifer Nguyen";"On Job Training";"Morning";1
"0319c764-71b8-442a-b038-83b6cc7dc10f";"Inbound";"Returns";"Return request";"";"";"";"14/08/2023 12:08";"14/08/2023 12:12";"14-Aug-23";"Unknown";"Others";0;0;"Russell Lee";"Scarlett Chen";"John Smith";">90";"Morning";4
"031b1cef-7e5a-4d69-88c3-d2b4dc15c3e0";"Outcall";"Order Related";"Seller Cancelled Order";"";"1867815e-2a0d-442c-8fde-e51a22ebbd34";"";"02/08/2023 11:59";"02/08/2023 12:13";"02-Aug-23";"Unknown";"Others";0;0;"Jamie Burnett";"Mia Patel";"Olivia Tan";"0-30";"Morning";1
"031c422d-0d3b-4fab-89a1-31fdd4644c63";"Inbound";"Order Related";"Priority delivery";"";"c5c5262a-23f5-4268-8343-70a07e5cd71b";"";"09/08/2023 18:39";"09/08/2023 18:40";"09-Aug-23";"Unknown";"Others";0;0;"Jacqueline Meadows";"Ethan Nakamura";"Emily Chen";"0-30";"Evening";4
"031d31cb-4cf3-46b8-ad1e-f276e9695072";"Inbound";"Returns";"Service Centres Related";"";"d400aa1b-4d4f-4cd2-89b9-04a35768fad5";"";"28/08/2023 15:09";"28/08/2023 00:00";"28-Aug-23";"Unknown";"Others";0;0;"Seth Williamson";"Sophia Sato";"John Smith";">90";"Afternoon";5
"031d55e8-cfa3-4f47-9c76-484de09cbc26";"Inbound";"Returns";"Service Centres Related";"";"19fdeea3-968c-4f67-b8ca-7752ec7df3b3";"";"09/08/2023 21:52";"09/08/2023 21:55";"09-Aug-23";"Unknown";"Others";0;0;"Marc Roberts";"Alexander Tanaka";"Michael Lee";"0-30";"Evening";5
"031e46bf-b663-4232-aae2-0f377b796082";"Outcall";"Refund Related";"Refund Related Issues";"";"3eaf2d01-7e2e-4b8c-b049-7e8d2fc1d33f";"";"19/08/2023 12:49";"19/08/2023 13:09";"19-Aug-23";"Unknown";"Others";0;0;"Luke Brown";"Alexander Tanaka";"Michael Lee";"0-30";"Evening";5
"03212de2-ff09-4e3c-8bcb-85edf0022530";"Inbound";"Order Related";"Delayed";"";"ae518d5d-4db1-4e32-bec5-b72ea26a8b22";"30/07/2023 20:40";"05/08/2023 16:29";"05/08/2023 21:45";"05-Aug-23";"GUWAHATI";"LifeStyle";279;0;"Alexa Mcpherson";"Brayden Wong";"John Smith";">90";"Evening";5
"03218b21-9bb5-4d93-9890-55d4ed44a0a9";"Outcall";"Order Related";"Order status enquiry";"";"85a484a0-1636-4b4c-ac92-4c35155f8a53";"";"27/08/2023 20:20";"28/08/2023 00:00";"28-Aug-23";"Unknown";"Others";0;0;"Taylor Frederick";"Mia Patel";"William Kim";"On Job Training";"Evening";5
"0322414f-75ce-4a71-98d2-4d8247112146";"Inbound";"Order Related";"Installation/demo";"";"acecbbf0-71a3-444f-8e0b-987b5f79d210";"";"18/08/2023 23:42";"19/08/2023 00:10";"19-Aug-23";"Unknown";"Others";0;0;"Seth Williamson";"Sophia Sato";"John Smith";">90";"Afternoon";4
"03225cf2-ec9c-480e-a857-f62a54e88388";"Outcall";"Order Related";"Order status enquiry";"";"11a948db-d999-4757-8e5f-6d7299cf3d72";"21/08/2023 21:38";"30/08/2023 19:25";"30/08/2023 21:40";"30-Aug-23";"RAJGARH";"LifeStyle";489;0;"Chad Burns";"Ava Wong";"William Kim";"On Job Training";"Evening";5
"03237db9-6c55-4598-89e5-96d6f3c01696";"Inbound";"Returns";"Reverse Pickup Enquiry";"";"ecb86924-7c09-45ee-b76b-04693c94c69c";"";"25/08/2023 15:34";"25/08/2023 15:40";"25-Aug-23";"Unknown";"Others";0;0;"Vincent Hayes";"Emma Park";"Jennifer Nguyen";"On Job Training";"Evening";4
"03239ab2-fe46-4127-ae2b-c4674df235c7";"Inbound";"Cancellation";"Not Needed";"";"d7cdb23e-aa62-416e-8b4e-7f0c117ee6a4";"25/08/2023 13:29";"29/08/2023 20:53";"29/08/2023 20:53";"29-Aug-23";"ALLAHABAD";"Mobile";12999;0;"Pamela Hughes";"Dylan Kim";"Jennifer Nguyen";"On Job Training";"Morning";5
"0325dc8d-f8d0-44bf-9567-ce0e0898af4c";"Inbound";"Returns";"Reverse Pickup Enquiry";"";"0f1fc806-643b-494a-9e89-2c0fb820df78";"";"05/08/2023 07:53";"05/08/2023 07:56";"05-Aug-23";"Unknown";"Others";0;0;"Jacob Mitchell";"Scarlett Chen";"John Smith";"0-30";"Morning";5
"03264108-af56-4135-967c-7da95960e696";"Outcall";"Returns";"Reverse Pickup Enquiry";"";"df3e4aa4-2c88-40b6-862d-ddcbf3e003d8";"";"25/08/2023 14:24";"25/08/2023 14:36";"25-Aug-23";"Unknown";"Others";0;0;"Amanda Morse";"Ava Wong";"Jennifer Nguyen";"On Job Training";"Morning";4
"0326cb1d-a629-4698-8a43-10f5a2dd640c";"Inbound";"Product Queries";"Product Specific Information";"";"f59d2ea2-e33c-41ec-978c-25706d940d98";"";"23/08/2023 22:56";"23/08/2023 23:20";"23-Aug-23";"Unknown";"Others";0;0;"Stephen Palmer";"Jackson Park";"William Kim";"On Job Training";"Evening";5
"03274414-56ec-49de-aa6b-2cca4ee27f81";"Email";"Order Related";"Delayed";"";"acbce0ad-5988-4372-8c5f-1e6538b607f8";"";"17/08/2023 10:13";"17/08/2023 10:14";"17-Aug-23";"Unknown";"Others";0;0;"Herbert Rodriguez";"Brayden Wong";"Jennifer Nguyen";"On Job Training";"Morning";5
"03277a72-dacd-4f05-a6fe-4ae2b27788f0";"Inbound";"Order Related";"Order status enquiry";"";"77a33f0e-85e7-4d95-a45a-3b7c775161b7";"";"17/08/2023 19:09";"17/08/2023 19:19";"17-Aug-23";"Unknown";"Others";0;0;"Christopher Meyers";"Mia Patel";"William Kim";"On Job Training";"Evening";5
"0327801e-52d0-4503-a591-d861bd778216";"Inbound";"Shopzilla Related";"Shopzilla Rewards";"";"506f501d-75ae-4d72-9f37-5275403be71a";"";"29/08/2023 17:28";"29/08/2023 17:29";"29-Aug-23";"Unknown";"Others";0;0;"Seth Williamson";"Sophia Sato";"John Smith";">90";"Afternoon";5
"03282868-5515-4061-b53b-81be0fb0f8fe";"Inbound";"Order Related";"Customer Requested Modifications";"";"";"";"04/08/2023 23:47";"04/08/2023 23:49";"04-Aug-23";"Unknown";"Others";0;0;"Sheena Williams";"Logan Lee";"Emily Chen";"0-30";"Evening";5
"03286ce8-87fb-47e4-9014-71bcabf3fe04";"Inbound";"Returns";"Return request";"Please make sure that right product could be deliverd";"f85a57d9-8334-4c60-b662-b13e48e3997b";"";"10/08/2023 18:29";"10/08/2023 18:34";"10-Aug-23";"Unknown";"Others";0;0;"Glenda Powell";"Madison Kim";"Emily Chen";">90";"Split";5
"03289e1c-c9d9-4f42-bfe9-3a00b88ed92f";"Inbound";"Shopzilla Related";"General Enquiry";"";"";"";"27/08/2023 09:44";"27/08/2023 09:50";"27-Aug-23";"Unknown";"Others";0;0;"Wendy Taylor";"Madison Kim";"Michael Lee";"31-60";"Evening";4
"0328e643-c1c9-4df6-a1f0-88ec2dbae6de";"Inbound";"Payments related";"Online Payment Issues";"";"5f7e7f4a-c1aa-4aea-aa5a-d0e578e30c40";"";"25/08/2023 13:32";"25/08/2023 13:39";"25-Aug-23";"Unknown";"Others";0;0;"Ashley Ward";"Carter Park";"Jennifer Nguyen";"On Job Training";"Evening";5
"03295723-2c8f-4e4b-b80f-946ffd25b43b";"Inbound";"Refund Related";"Refund Enquiry";"";"0242c524-f600-46ae-b53c-9ec86e9d9bb9";"21/08/2023 03:46";"27/08/2023 12:27";"27/08/2023 12:30";"27-Aug-23";"HYDERABAD";"Books & General merchandise";399;0;"Jennifer Hernandez";"Lily Chen";"Michael Lee";">90";"Morning";5
"0329c2d8-c9a2-40f2-bc27-4246f11683bf";"Inbound";"Returns";"Reverse Pickup Enquiry";"";"95354f0c-7fa6-41e9-80ef-46838bfd1f82";"";"02/08/2023 14:34";"02/08/2023 16:52";"02-Aug-23";"Unknown";"Others";0;0;"Bonnie Durham";"Austin Johnson";"Michael Lee";"0-30";"Morning";4
"032b52d6-fb69-4bf2-9736-dce186fee588";"Inbound";"Order Related";"General Enquiry";"";"958c8fd7-b21d-43ec-85a5-240a0b857a5e";"";"02/08/2023 13:48";"02/08/2023 14:06";"02-Aug-23";"Unknown";"Others";0;0;"Vicki Collins";"Dylan Kim";"Michael Lee";">90";"Morning";5
"032b834b-2e2b-4867-9de3-c9d21601c94d";"Inbound";"Order Related";"Installation/demo";"";"ff55e589-5c05-4ef2-9323-648428414e3c";"";"07/08/2023 15:16";"07/08/2023 20:03";"07-Aug-23";"Unknown";"Others";0;0;"Carolyn Sullivan";"Brayden Wong";"Michael Lee";">90";"Afternoon";5
"032d9e6f-9919-499c-9a13-6850b9766294";"Inbound";"Returns";"Missing";"";"";"";"04/08/2023 22:03";"04/08/2023 22:28";"04-Aug-23";"Unknown";"Others";0;0;"Brandon Martin";"Nathan Patel";"John Smith";">90";"Afternoon";5
"032e6cfa-28b8-443a-b694-aff90749c70e";"Email";"Refund Related";"Refund Enquiry";"";"be3b9d41-b516-44c4-a02c-488b485b29a0";"";"08/08/2023 12:05";"08/08/2023 20:50";"08-Aug-23";"Unknown";"Others";0;0;"Amy Vazquez";"Elijah Yamaguchi";"Michael Lee";">90";"Night";5
"032f3c31-1291-4137-89d3-394b8f668401";"Inbound";"Order Related";"Order status enquiry";"";"13fdbb6e-10a0-4260-9ee8-af0c4148dd46";"";"22/08/2023 22:13";"22/08/2023 22:18";"22-Aug-23";"Unknown";"Others";0;0;"Robert Lara";"Brayden Wong";"John Smith";"31-60";"Evening";5
"0330b347-ce9b-497e-a83e-067199bc7920";"Inbound";"Returns";"Reverse Pickup Enquiry";"";"";"";"12/08/2023 20:37";"12/08/2023 20:38";"12-Aug-23";"Unknown";"Others";0;0;"Luis Ramsey";"Noah Patel";"Emily Chen";">90";"Afternoon";4
"0331a8ee-b758-4af2-bf57-b0231a6accea";"Inbound";"Returns";"Return request";"";"bbc9a572-47cc-4ac5-b51c-d33317022b90";"";"02/08/2023 19:01";"02/08/2023 19:04";"02-Aug-23";"Unknown";"Others";0;0;"Rachel Smith";"Alexander Tanaka";"Michael Lee";"0-30";"Evening";5
"033289e9-601d-45a6-a033-56b052cdf3a3";"Inbound";"Returns";"Reverse Pickup Enquiry";"";"b5d843fa-25c1-4747-a197-2e9be3f9180f";"";"22/08/2023 09:48";"22/08/2023 11:58";"22-Aug-23";"Unknown";"Others";0;0;"Mark Wilson";"Scarlett Chen";"John Smith";"0-30";"Morning";5
"03329b67-4f46-4d4e-b959-0fcc22eba4fb";"Outcall";"Returns";"Missing";"";"07097d29-33ee-4734-8d03-8b7bcb248366";"";"30/08/2023 20:10";"30/08/2023 21:19";"30-Aug-23";"Unknown";"Others";0;0;"Chad Burns";"Ava Wong";"William Kim";"On Job Training";"Evening";5
"033393bd-2035-4399-9bac-a90c49fa3ebe";"Inbound";"Refund Related";"Refund Enquiry";"";"52eec528-4011-4c8b-94ea-d42a2b8ec615";"21/07/2023 16:45";"29/07/2023 18:48";"02/08/2023 07:54";"02-Aug-23";"MALIHABAD";"Mobile";18999;0;"Jessica Acosta";"Ethan Tan";"John Smith";">90";"Morning";1
"0333a057-f7fb-4839-9da8-50376d4a4373";"Inbound";"Product Queries";"Product Specific Information";"Ni";"2879eac3-a00c-46d3-aac6-1890cae6a886";"";"02/08/2023 12:35";"02/08/2023 12:41";"02-Aug-23";"Unknown";"Others";0;0;"Nathaniel Smith";"Evelyn Kimura";"John Smith";"0-30";"Morning";3
"03340432-4809-4370-8053-dbc5601feb50";"Inbound";"Returns";"Fraudulent User";"";"";"";"04/08/2023 21:32";"04/08/2023 21:36";"04-Aug-23";"Unknown";"Others";0;0;"Brandon Goodwin";"Ethan Tan";"Michael Lee";">90";"Evening";5
"0334c2ec-e9cf-4312-bff8-9fa6c07474f5";"Inbound";"Returns";"Reverse Pickup Enquiry";"";"";"";"12/08/2023 17:54";"12/08/2023 17:55";"12-Aug-23";"Unknown";"Others";0;0;"Guy Duncan";"Carter Park";"Jennifer Nguyen";"On Job Training";"Morning";5
"033502ac-df3f-488e-b288-32970482311f";"Inbound";"Returns";"Reverse Pickup Enquiry";"";"9ead2ef4-1353-4367-9720-faaa325eb157";"";"25/08/2023 21:43";"25/08/2023 22:18";"25-Aug-23";"Unknown";"Others";0;0;"Madison Flores";"Ethan Tan";"Jennifer Nguyen";"On Job Training";"Evening";5
"033570be-cbca-4b1e-a53e-e91414f591e6";"Inbound";"Returns";"Reverse Pickup Enquiry";"Very Good ??";"";"";"27/08/2023 22:21";"27/08/2023 22:22";"27-Aug-23";"Unknown";"Others";0;0;"Kristi Nash";"Jacob Sato";"Emily Chen";"0-30";"Evening";5
"03368d46-4f3c-4c0c-b5c7-50a48238cb06";"Outcall";"Product Queries";"Product Specific Information";"Thank you. ??";"62dbbe45-d1e3-4c4f-a7bc-57efa560ae49";"";"08/08/2023 00:17";"08/08/2023 00:25";"08-Aug-23";"Unknown";"Others";0;0;"Richard Oconnor";"Mia Yamamoto";"Emily Chen";"0-30";"Evening";4
"0337ec31-b75d-482e-a322-f1093fc0d061";"Outcall";"Order Related";"Order status enquiry";"";"ce39525f-5b1c-442b-9684-f89eacb68bf3";"04/08/2023 20:05";"22/08/2023 07:23";"22/08/2023 07:25";"22-Aug-23";"GAUTAM BUDDHA NAGAR";"Home Appliences";1199;0;"Lindsey Colon";"William Park";"John Smith";"31-60";"Morning";5
"03387152-3eaf-480b-818e-53031864e7d4";"Inbound";"Order Related";"Seller Cancelled Order";"";"";"";"15/08/2023 15:24";"15/08/2023 15:30";"15-Aug-23";"Unknown";"Others";0;0;"Anthony Rocha";"Emily Yamashita";"Michael Lee";">90";"Morning";5
"0338cb55-c175-43f7-b223-00049753d199";"Inbound";"Order Related";"Delayed";"";"421e79e0-8860-4553-ade3-8d809d3ebba7";"07/08/2023 13:37";"12/08/2023 19:42";"12/08/2023 20:00";"12-Aug-23";"PUNE";"Electronics";56990;0;"Todd Floyd";"Ethan Nakamura";"Emily Chen";"0-30";"Evening";4
"0338f35d-c9cd-43b6-a007-76bbbb65ae54";"Inbound";"Returns";"Reverse Pickup Enquiry";"";"1af28308-6c19-40bb-bfcd-c4c0ebd25249";"";"09/08/2023 18:21";"09/08/2023 18:28";"09-Aug-23";"Unknown";"Others";0;0;"Edward Hawkins";"Nathan Patel";"Emily Chen";">90";"Evening";5
"03397ba3-c342-4c62-8f2a-5421a5a60f3b";"Inbound";"Returns";"Reverse Pickup Enquiry";"";"58e9eb56-59a3-47ae-8952-601b94de12f7";"";"20/08/2023 11:57";"21/08/2023 16:32";"21-Aug-23";"Unknown";"Others";0;0;"Renee Martin";"Lily Chen";"Michael Lee";">90";"Morning";4
"033b1cb8-f848-4a57-9be7-173dcc2dd034";"Inbound";"Returns";"Return request";"";"";"";"14/08/2023 12:18";"14/08/2023 12:19";"14-Aug-23";"Unknown";"Others";0;0;"Micheal Wagner";"Aiden Patel";"John Smith";">90";"Evening";5
"033bc134-be0a-4124-9407-420a96837dab";"Outcall";"Returns";"Reverse Pickup Enquiry";"";"";"";"03/08/2023 15:41";"03/08/2023 19:18";"03-Aug-23";"Unknown";"Others";0;0;"Robert Cook";"Mia Yamamoto";"Emily Chen";">90";"Evening";4
"033cb15d-6238-4a1d-8ea5-09dff984bcf0";"Inbound";"Returns";"Reverse Pickup Enquiry";"Very helpful ??";"e08d946f-fb1f-4d08-9eda-e6bdd8dd41c3";"";"25/08/2023 17:40";"25/08/2023 17:45";"25-Aug-23";"Unknown";"Others";0;0;"Veronica Martinez";"William Park";"John Smith";"61-90";"Evening";5
"033d2b85-8f20-4dda-a07e-7e318e85783c";"Outcall";"Payments related";"Payment related Queries";"";"4502a011-ef16-43b3-a82b-3ce0931a7096";"";"01/08/2023 11:00";"01/08/2023 12:38";"01-Aug-23";"Unknown";"Others";0;0;"Oscar Mcdowell";"Amelia Tanaka";"Emily Chen";">90";"Split";5
"033e07aa-91b0-4457-bbc5-823aa17873ae";"Outcall";"Refund Related";"Refund Enquiry";"Im unhappy Shopzilla policy";"aa47dd2d-b73e-4e1b-b938-bf100a36b7d8";"11/08/2023 18:32";"25/08/2023 15:07";"25/08/2023 00:00";"25-Aug-23";"DURG";"Mobile";10999;0;"Brenda Gillespie";"Dylan Kim";"William Kim";"On Job Training";"Evening";1
"033e83c4-9189-43da-8c37-bb28edd1b0c0";"Outcall";"Cancellation";"Not Needed";"";"e7809878-b79b-4db6-9048-f527e271bec9";"";"29/08/2023 11:15";"29/08/2023 11:23";"29-Aug-23";"Unknown";"Others";0;0;"Vincent Hayes";"Emma Park";"Jennifer Nguyen";"On Job Training";"Evening";5
"03413079-12af-440a-b3a7-f143b126b2bb";"Inbound";"Order Related";"Customer Requested Modifications";"";"b32d11ee-bfb2-4468-bc39-80eefbbf5996";"";"31/08/2023 18:35";"31/08/2023 18:36";"31-Aug-23";"Unknown";"Others";0;0;"Erik Williams";"Mia Patel";"Olivia Tan";">90";"Morning";4
"034166a8-8200-4449-9b19-169aa0a38dfc";"Inbound";"Returns";"Missing";"";"";"";"12/08/2023 14:26";"12/08/2023 14:29";"12-Aug-23";"Unknown";"Others";0;0;"Margaret Prince";"Carter Park";"Michael Lee";"31-60";"Morning";4
"03421f91-829c-4cdb-8060-4e3a7017f309";"Inbound";"Returns";"Missing";"";"ea8db1e4-68bf-4259-88f7-db18d022ea76";"";"29/08/2023 12:00";"29/08/2023 12:08";"29-Aug-23";"Unknown";"Others";0;0;"Jessica Powell";"Carter Park";"Jennifer Nguyen";"On Job Training";"Morning";4
"03425993-8cd4-4ae3-ab28-6b5a7dd0505b";"Inbound";"Order Related";"Order status enquiry";"Excellent";"8913064e-5fc5-47fb-80ae-18a4f30c0656";"";"23/08/2023 21:18";"23/08/2023 21:25";"23-Aug-23";"Unknown";"Others";0;0;"Sara Moreno";"Mason Gupta";"Jennifer Nguyen";"On Job Training";"Morning";5
"03435f3a-a81f-45b2-ada7-1ce1c8b27cdd";"Inbound";"Order Related";"Delayed";"";"a679d30b-8aaa-41fa-b4f9-c45ac6cf6840";"08/08/2023 23:39";"14/08/2023 19:30";"15/08/2023 18:54";"15-Aug-23";"VADODARA";"Electronics";1999;0;"Tammy Clark";"Aiden Patel";"Olivia Tan";"On Job Training";"Evening";5
"0344e2ef-7670-4054-9fd7-dea33ea2bf32";"Inbound";"Returns";"Wrong";"";"";"";"04/08/2023 17:13";"04/08/2023 18:18";"04-Aug-23";"Unknown";"Others";0;0;"Brandon Goodwin";"Ethan Tan";"Michael Lee";">90";"Evening";4
"03451999-5f40-4ac6-b9e3-95a8a0288d07";"Outcall";"Returns";"Reverse Pickup Enquiry";"";"";"";"04/08/2023 08:36";"04/08/2023 08:37";"04-Aug-23";"Unknown";"Others";0;0;"Jerome Gray";"Sophia Sato";"John Smith";"0-30";"Morning";5
"0346df2e-bf64-4da6-9411-eb1ef63d93cb";"Inbound";"Returns";"Damaged";"";"7853cfdd-20d5-43d1-ba32-ec106889417b";"";"08/08/2023 14:40";"08/08/2023 14:42";"08-Aug-23";"Unknown";"Others";0;0;"Paula Castillo";"Landon Tanaka";"Emily Chen";"61-90";"Morning";5
"0346f2b2-c24a-4ae7-8179-d1f846038bca";"Inbound";"Returns";"Reverse Pickup Enquiry";"";"";"";"13/08/2023 03:03";"13/08/2023 03:04";"13-Aug-23";"Unknown";"Others";0;0;"Anthony Cook";"Noah Patel";"Michael Lee";"31-60";"Night";5
"03472711-f5f1-4bee-9687-b7d932d6ba70";"Inbound";"Product Queries";"Product Specific Information";"Make easy returns";"ecde0793-96d6-4a91-8ef5-20441a4462f2";"";"06/08/2023 10:22";"06/08/2023 10:23";"06-Aug-23";"Unknown";"Others";0;0;"Taylor Harvey";"Emily Yamashita";"John Smith";">90";"Morning";5
"03480f73-a868-47d2-a370-f60d284285c6";"Inbound";"Returns";"Reverse Pickup Enquiry";"";"20b19bbe-e11f-4c69-821d-590ebab3999b";"";"21/08/2023 21:45";"21/08/2023 21:47";"21-Aug-23";"Unknown";"Others";0;0;"Matthew Lambert";"Olivia Wang";"Olivia Tan";">90";"Afternoon";5
"03493f19-c11d-48ea-ba2d-1f7e71f37703";"Inbound";"Returns";"Reverse Pickup Enquiry";"Good";"8c77be8c-232f-462a-8b65-633fc2636bc6";"";"31/08/2023 11:44";"31/08/2023 11:48";"31-Aug-23";"Unknown";"Others";0;0;"Joshua Foster";"Jackson Park";"Michael Lee";"31-60";"Evening";5
"0349f260-f81b-4b1a-a7c7-32e00926da4b";"Inbound";"Returns";"Reverse Pickup Enquiry";"product received is wrong";"";"";"27/08/2023 16:06";"27/08/2023 16:09";"27-Aug-23";"Unknown";"Others";0;0;"Randy Mullins";"Jackson Park";"Michael Lee";"31-60";"Evening";1
"034aa02e-824e-4def-b576-57a2f277fce1";"Inbound";"Returns";"Fraudulent User";"";"433493f9-c13f-4f31-b7bf-ccaf67ab29d7";"22/07/2023 21:43";"29/07/2023 20:06";"01/08/2023 14:05";"01-Aug-23";"CHATRAPUR";"Books & General merchandise";1240;0;"Michelle Christensen";"Nathan Patel";"Michael Lee";">90";"Afternoon";4
"034cea79-6775-4cad-a230-7ccbcada29a1";"Email";"Order Related";"Delayed";"";"e10d85d6-abfd-4b73-bbc5-11b399f47fdc";"";"21/08/2023 20:50";"21/08/2023 21:11";"21-Aug-23";"Unknown";"Others";0;0;"Sarah Hendricks";"Olivia Wang";"William Kim";"On Job Training";"Evening";5
"034d37d3-f908-4d7c-acba-dc0d13b54893";"Inbound";"Returns";"Reverse Pickup Enquiry";"Nice";"87d84b08-084f-4e97-bd34-7c155a0734a4";"05/08/2023 09:08";"11/08/2023 10:21";"11/08/2023 10:23";"11-Aug-23";"VADODARA";"Electronics";380;0;"Joshua Mathews";"Mia Patel";"John Smith";">90";"Morning";5
"034e1eee-277f-49c3-ba24-1d5dbd69d668";"Inbound";"Order Related";"Installation/demo";"";"";"";"13/08/2023 00:22";"13/08/2023 00:24";"13-Aug-23";"Unknown";"Others";0;0;"Kelly Carpenter";"William Park";"John Smith";"61-90";"Evening";5
"0351964d-be63-4c67-86bb-c5591b08bdcb";"Inbound";"Order Related";"Installation/demo";"";"14748d33-8b73-4fa0-b567-50db627e7f42";"";"21/08/2023 21:46";"21/08/2023 21:50";"21-Aug-23";"Unknown";"Others";0;0;"Robert Lewis";"Logan Lee";"Emily Chen";"61-90";"Evening";5
"0351c3a4-09e6-4642-8f4b-33cbb6c38f92";"Inbound";"Returns";"Fraudulent User";"Gud nature";"58878ee6-5eb6-4b92-a905-5fe45212dbfe";"";"17/08/2023 11:45";"17/08/2023 11:59";"17-Aug-23";"Unknown";"Others";0;0;"Mark Ruiz";"Lucas Singh";"John Smith";"31-60";"Evening";4
"03526a82-b5a6-4f6f-a0c5-91c589e8cb93";"Inbound";"Returns";"Return request";"";"e8ade6e9-e2d1-40ff-9ebe-c51fc72aef12";"";"29/08/2023 22:01";"29/08/2023 22:02";"29-Aug-23";"Unknown";"Others";0;0;"Robert Lewis";"Logan Lee";"Emily Chen";"61-90";"Evening";4
"03550afb-8f0a-49da-9917-61e6a87ce8c4";"Inbound";"Returns";"Missing";"";"";"";"16/08/2023 15:09";"16/08/2023 15:11";"16-Aug-23";"Unknown";"Others";0;0;"Linda Foster";"Noah Patel";"Emily Chen";">90";"Morning";5
"035552f3-944d-44a2-b8e7-bc2224bb2682";"Inbound";"Order Related";"Seller Cancelled Order";"";"5abde659-1e6f-4c2c-9208-b9184062145e";"";"10/08/2023 14:16";"10/08/2023 14:25";"10-Aug-23";"Unknown";"Others";0;0;"Timothy Taylor";"Sophia Sato";"John Smith";"0-30";"Morning";5
"0356725f-9309-47b7-8650-0ce4bbbaed87";"Inbound";"Returns";"Return request";"He has good communication with patience";"e1739ae8-9960-4c26-a23f-a8928ec4e525";"";"29/08/2023 21:50";"29/08/2023 21:56";"29-Aug-23";"Unknown";"Others";0;0;"Karen Montgomery";"Ava Wong";"William Kim";"On Job Training";"Evening";5
"0356bca6-5cc6-49da-9d12-06029288e0fb";"Inbound";"Returns";"Return request";"Meri baat accha se kar ka meri problem";"";"";"14/08/2023 22:43";"15/08/2023 16:18";"15-Aug-23";"Unknown";"Others";0;0;"Lauren Simmons";"Wyatt Kim";"Michael Lee";">90";"Evening";5
"03576a85-6380-48db-bffd-94223d4a7a16";"Inbound";"Refund Related";"Refund Related Issues";"Hi";"b6c5a3e6-d9a6-4f21-8765-25c940065940";"";"28/08/2023 18:34";"28/08/2023 00:00";"28-Aug-23";"Unknown";"Others";0;0;"Aaron Romero";"Mason Gupta";"Jennifer Nguyen";"On Job Training";"Morning";5
"0357f971-9a1f-48da-99c9-c3f4292bd823";"Inbound";"Order Related";"Delayed";"";"98741719-c4e5-4b8c-aaa8-e2c303a78423";"28/07/2023 17:17";"02/08/2023 17:20";"03/08/2023 10:29";"03-Aug-23";"LUCKNOW";"Home Appliences";13899;0;"Andrea Peterson";"Nathan Patel";"Michael Lee";">90";"Afternoon";1
"035a5f1b-a240-444d-9ce5-0b9c2e59754a";"Inbound";"Feedback";"UnProfessional Behaviour";"";"ceead2c9-8d21-4fc4-aa42-c843f637fd85";"";"02/08/2023 08:23";"02/08/2023 08:24";"02-Aug-23";"Unknown";"Others";0;0;"Emily Mckenzie";"Amelia Tanaka";"Emily Chen";">90";"Split";5
"035a82d4-719e-4476-951b-2de81ad4eaff";"Outcall";"Shopzilla Related";"General Enquiry";"Nice Customer Excutive";"ffc3b54c-3b6a-4520-957d-adc9eaf5aba4";"";"22/08/2023 08:57";"22/08/2023 09:00";"22-Aug-23";"Unknown";"Others";0;0;"Nicole Jones";"Jackson Park";"Michael Lee";"31-60";"Evening";5
"035c1320-f75a-4586-b9e7-dea0d415ce37";"Inbound";"Order Related";"Delayed";"";"44a78516-d757-4303-a83c-3568e05f21c0";"28/07/2023 18:00";"03/08/2023 16:14";"03/08/2023 16:19";"03-Aug-23";"NAVI MUMBAI";"Electronics";213;0;"Belinda Fuentes";"Wyatt Kim";"Michael Lee";"61-90";"Afternoon";5
"035c92e1-20af-4b1d-bd44-0215aca73755";"Outcall";"Product Queries";"Product Specific Information";"";"d8aaada3-a967-4b5b-b638-37ca75dc75e6";"";"21/08/2023 16:44";"21/08/2023 16:47";"21-Aug-23";"Unknown";"Others";0;0;"Gregory Becker";"Abigail Suzuki";"Jennifer Nguyen";"On Job Training";"Morning";3
"035d52bf-3c81-435d-af53-d320a971f8bb";"Inbound";"Returns";"Reverse Pickup Enquiry";"Good support";"34628ddf-b8c7-40a3-9469-3d04a29629b4";"03/08/2023 13:12";"15/08/2023 11:33";"15/08/2023 14:17";"15-Aug-23";"BHARATPUR";"LifeStyle";2099;0;"Kathleen Mcgee";"Brayden Wong";"John Smith";"31-60";"Evening";5
"035e691c-1399-44d0-8b56-fde03f2627ab";"Inbound";"Returns";"Return request";"Good";"3ffdae7d-f783-4fed-9647-49783c26a960";"01/08/2023 12:25";"17/08/2023 12:46";"17/08/2023 12:52";"17-Aug-23";"DIBRUGARH";"Electronics";1699;0;"Kristi Schultz";"Noah Patel";"Michael Lee";"61-90";"Night";5
"035e8c34-ebe1-4d48-be06-fbd14a57a57c";"Inbound";"Returns";"Reverse Pickup Enquiry";"";"";"";"27/08/2023 19:17";"27/08/2023 19:26";"27-Aug-23";"Unknown";"Others";0;0;"Raymond Mcgee";"Ava Wong";"Olivia Tan";">90";"Evening";5
"035f7af0-93e0-4c6e-9fd6-e68c49e83f5d";"Outcall";"Cancellation";"Not Needed";"Very good behaviour";"fe0f4b4a-6cc9-4384-ab32-2b802ec3a42d";"04/08/2023 23:00";"15/08/2023 18:41";"15/08/2023 18:55";"15-Aug-23";"GIRIDIH";"Electronics";1399;0;"Angela Harris";"Olivia Suzuki";"Jennifer Nguyen";"On Job Training";"Evening";5
"035fd487-f0ff-468b-b462-36cfe5b62a5b";"Outcall";"Payments related";"Payment related Queries";"The voice connectivity was extremely poor with a lot of echo, automatic repeat of words, digital disturbance noises & jitters.";"db3e744c-33a3-480a-8ec6-6f84f204e8b7";"";"02/08/2023 12:24";"02/08/2023 12:31";"02-Aug-23";"Unknown";"Others";0;0;"Michael Branch";"Jackson Park";"William Kim";"On Job Training";"Morning";5
"03608fe9-5053-442b-8d39-72323d69ee10";"Inbound";"Returns";"Reverse Pickup Enquiry";"";"";"";"27/08/2023 18:57";"27/08/2023 19:02";"27-Aug-23";"Unknown";"Others";0;0;"Lisa Thompson DVM";"Carter Park";"Michael Lee";">90";"Evening";5
"0360cee8-48aa-466e-817d-99805be3f479";"Inbound";"Order Related";"Delayed";"Excellent";"180b60ce-397c-4b08-8016-cfd04d6fea5f";"21/08/2023 10:43";"29/08/2023 08:27";"29/08/2023 08:28";"29-Aug-23";"CUTTACK";"LifeStyle";299;0;"Mrs. Jennifer Stone";"Dylan Kim";"Michael Lee";">90";"Morning";5
"0362f32b-2649-46f5-85d7-95b4ef6270f7";"Inbound";"Returns";"Return request";"Return";"795346e1-ca8b-4b09-b40a-5a8ad1f1b729";"";"08/08/2023 10:25";"08/08/2023 10:27";"08-Aug-23";"Unknown";"Others";0;0;"Mrs. Jennifer Stone";"Dylan Kim";"Michael Lee";">90";"Morning";1
"0363545d-1dfd-403d-ad72-21884d3e93d0";"Inbound";"Returns";"Wrong";"Thank you";"a4320548-eebd-422a-9766-5ad193435e2c";"";"27/08/2023 20:45";"29/08/2023 07:13";"29-Aug-23";"Unknown";"Others";0;0;"Daniel Murphy";"Noah Patel";"Michael Lee";">90";"Morning";5
"0363965f-da13-4cc2-ac12-ccc76c16969a";"Outcall";"Returns";"Return request";"";"573269db-bf8f-4a6f-be43-fa8bc31eb145";"";"17/08/2023 13:51";"17/08/2023 13:58";"17-Aug-23";"Unknown";"Others";0;0;"Melissa Mcclain MD";"Austin Johnson";"William Kim";"On Job Training";"Morning";5
"0364918f-b687-4270-a08d-e19edd3650a3";"Inbound";"Returns";"Reverse Pickup Enquiry";"";"01950834-4a10-4988-9576-187381b67949";"";"22/08/2023 18:48";"22/08/2023 18:48";"22-Aug-23";"Unknown";"Others";0;0;"Nicholas Wright";"Ava Wong";"Olivia Tan";">90";"Evening";5
"03660dc6-c116-49e7-998c-81b6ce561ea5";"Outcall";"Order Related";"Customer Requested Modifications";"";"926b98d2-812e-43e6-9108-c6a5dad56564";"";"01/08/2023 09:42";"01/08/2023 10:00";"01-Aug-23";"Unknown";"Others";0;0;"David Harrell";"Carter Park";"Jennifer Nguyen";"On Job Training";"Morning";5
"03668694-c4ce-4175-8515-40497ed85f22";"Inbound";"Returns";"Exchange / Replacement";"Customer care of Shopzilla having no authority to resolve the issues, and no response received from customer care.";"748e650f-ff08-4017-b08f-a84f9e3bb3b7";"28/06/2023 12:12";"06/08/2023 08:08";"06/08/2023 17:13";"06-Aug-23";"GURGAON";"Mobile";29999;0;"Renee Lucas";"Zoe Yamamoto";"John Smith";">90";"Morning";1
"0366d89c-b69f-4dff-8b83-f5c2933fa194";"Inbound";"Returns";"Reverse Pickup Enquiry";"";"588c3b3e-3400-442b-b094-b0a32923732b";"";"22/08/2023 14:28";"23/08/2023 09:14";"23-Aug-23";"Unknown";"Others";0;0;"Adrian Richards";"Zoe Yamamoto";"John Smith";">90";"Morning";5
"03675476-689d-4498-b576-76dcf0c33762";"Inbound";"Order Related";"Order status enquiry";"Thanks";"9ca864ab-1977-470c-9b58-0a7feae6e7ca";"";"09/08/2023 21:34";"09/08/2023 21:35";"09-Aug-23";"Unknown";"Others";0;0;"Kristin Adams";"Zoe Yamamoto";"John Smith";"31-60";"Afternoon";5
"0367d320-7ac0-4727-8a30-39440dfecff3";"Inbound";"Order Related";"Order status enquiry";"";"dbf7dc14-0d96-4241-8616-f309c35b9607";"";"31/08/2023 16:29";"31/08/2023 16:44";"31-Aug-23";"Unknown";"Others";0;0;"Dawn Porter";"Jacob Sato";"Jennifer Nguyen";"On Job Training";"Evening";4
"03685add-4b82-4854-adfb-bacaef5e2108";"Inbound";"Returns";"Fraudulent User";"Good";"";"";"15/08/2023 07:07";"15/08/2023 07:11";"15-Aug-23";"Unknown";"Others";0;0;"Betty Schmidt";"Evelyn Kimura";"John Smith";"0-30";"Morning";5
"03685d97-6803-4cda-82bc-b405edc1b6a0";"Inbound";"Order Related";"Installation/demo";"";"";"";"04/08/2023 15:24";"04/08/2023 16:23";"04-Aug-23";"Unknown";"Others";0;0;"Seth Williamson";"Sophia Sato";"John Smith";">90";"Afternoon";5
"036910db-6399-4798-8145-d09c5cbdc5b0";"Inbound";"Returns";"Reverse Pickup Enquiry";"";"";"";"14/08/2023 11:57";"14/08/2023 21:48";"14-Aug-23";"Unknown";"Others";0;0;"Wendy Taylor";"Madison Kim";"Michael Lee";"31-60";"Evening";5
"03698b60-6650-419b-8da7-d640ad66390a";"Inbound";"Refund Related";"Refund Related Issues";"";"2577e6cc-8d6c-498e-902d-1f6fdcc95b2e";"";"20/08/2023 13:04";"20/08/2023 13:08";"20-Aug-23";"Unknown";"Others";0;0;"Janice Santiago";"Zoe Yamamoto";"William Kim";"On Job Training";"Morning";5
"0369d6c0-9fd6-4607-8ae0-4fdfcaa41e27";"Inbound";"Returns";"Reverse Pickup Enquiry";"";"";"";"13/08/2023 23:06";"13/08/2023 23:10";"13-Aug-23";"Unknown";"Others";0;0;"Kimberly Bryan";"Emily Yamashita";"Michael Lee";"31-60";"Morning";5
"036a1a2a-fcb6-40a6-9aa9-bf743e490b65";"Inbound";"Returns";"Reverse Pickup Enquiry";"";"d6fd1a22-2a04-4996-91dc-3b3c648c64ca";"";"02/08/2023 22:24";"02/08/2023 22:26";"02-Aug-23";"Unknown";"Others";0;0;"Lindsey Smith";"Nathan Patel";"John Smith";">90";"Afternoon";4
"036a45a0-dd20-4825-a19b-fcd636ae2f46";"Inbound";"Order Related";"Invoice request";"";"";"";"13/08/2023 08:45";"13/08/2023 08:52";"13-Aug-23";"Unknown";"Others";0;0;"Jason Osborn";"Abigail Suzuki";"William Kim";"On Job Training";"Morning";4
"036aadf7-fc40-46fa-a296-b88694c2b401";"Inbound";"Product Queries";"Product Specific Information";"";"6791d053-cf81-4810-a238-f6f2b077ab69";"";"02/08/2023 19:38";"02/08/2023 20:13";"02-Aug-23";"Unknown";"Others";0;0;"Nicole Jones";"Jackson Park";"Michael Lee";"31-60";"Evening";1
"036c3313-ab3f-4f79-ada0-efde00f1b73d";"Inbound";"Shopzilla Related";"Account updation";"";"079b7590-4154-4f62-9b04-ed36bff174e8";"";"29/08/2023 08:13";"29/08/2023 08:21";"29-Aug-23";"Unknown";"Others";0;0;"Kenneth Murphy";"Carter Park";"Jennifer Nguyen";"On Job Training";"Evening";5
"036e395c-ca1d-4158-bb47-d688e0cacebc";"Inbound";"Returns";"Return request";"";"3bd5610b-c30a-47e0-8635-0a611063919d";"";"18/08/2023 09:48";"18/08/2023 12:50";"18-Aug-23";"Unknown";"Others";0;0;"Kenneth Martin";"Aiden Patel";"John Smith";"31-60";"Morning";5
"036e702f-2f91-41ed-8386-66fb4520f4aa";"Outcall";"Order Related";"Installation/demo";"Thank you";"8f03a6d0-339f-46b8-a65f-bb93a072565c";"";"24/08/2023 20:53";"24/08/2023 20:56";"24-Aug-23";"Unknown";"Others";0;0;"Kimberly Miller";"Abigail Suzuki";"Jennifer Nguyen";"On Job Training";"Evening";4
"036f350f-d817-43b1-95c7-47c51e08ea9c";"Inbound";"Returns";"Fraudulent User";"Improve your system";"ed330abc-5589-4451-9ae2-3dadebfcfb31";"";"25/08/2023 14:53";"25/08/2023 14:58";"25-Aug-23";"Unknown";"Others";0;0;"Kyle Barrett";"Abigail Suzuki";"Jennifer Nguyen";"On Job Training";"Evening";1
"036f3feb-6939-4b46-806f-13292c385060";"Inbound";"Order Related";"Priority delivery";"No";"94af925c-438e-4a6b-8b3d-25509cb8243b";"";"09/08/2023 09:15";"09/08/2023 17:09";"09-Aug-23";"Unknown";"Others";0;0;"Jessica Nixon";"Harper Wong";"Emily Chen";">90";"Split";5
"036f9467-3923-4e84-b89b-c2f7e3e1452c";"Inbound";"Returns";"Fraudulent User";"Earlier also I just call to Shopzilla and one executive just pick up the phone but he was not so good but this time this person really did a great work .Thanks ??";"01b98733-d69b-4604-9a95-8c13ee877717";"";"19/08/2023 21:47";"19/08/2023 21:50";"19-Aug-23";"Unknown";"Others";0;0;"Kristen Olson";"Harper Wong";"William Kim";"On Job Training";"Evening";5
"03700f25-43fe-4c01-95eb-3d589f43c33f";"Outcall";"Returns";"Return request";"";"25890b86-ab29-4f8f-8c1a-b52a8ffee0b9";"";"23/08/2023 07:48";"23/08/2023 07:52";"23-Aug-23";"Unknown";"Others";0;0;"Brandy Baker";"Elijah Yamaguchi";"Emily Chen";"61-90";"Evening";5
"03708561-cfef-44ab-a769-e0459173ebcb";"Inbound";"Payments related";"Online Payment Issues";"";"5275da1f-4372-4a4b-90b7-711d9b3c1987";"";"30/08/2023 00:10";"30/08/2023 00:30";"30-Aug-23";"Unknown";"Others";0;0;"Kenneth Henderson";"Ava Wong";"William Kim";"On Job Training";"Evening";5
"0371c983-2c2a-4cf0-80aa-1bd9e6001dc4";"Inbound";"Refund Related";"Refund Enquiry";"";"aaf4be83-ef8c-45e8-8d4c-122294bf4c01";"09/08/2023 08:46";"17/08/2023 18:52";"18/08/2023 03:38";"18-Aug-23";"VUYYURU";"Books & General merchandise";1496;0;"Matthew Grimes";"Layla Taniguchi";"Olivia Tan";">90";"Morning";1
"037316d2-50e0-437c-8ce0-e7e9206c2ec4";"Outcall";"Returns";"Fraudulent User";"";"";"";"13/08/2023 20:51";"13/08/2023 21:30";"13-Aug-23";"Unknown";"Others";0;0;"Nicole Chavez";"Alexander Tanaka";"Michael Lee";"0-30";"Evening";5
"03747791-744d-4178-ab82-ca411f2402d3";"Inbound";"Returns";"Fraudulent User";"";"ab9e75a0-2b72-4510-af06-2458943a5f2e";"";"29/08/2023 22:56";"30/08/2023 09:08";"30-Aug-23";"Unknown";"Others";0;0;"Karen Smith";"Lucas Singh";"John Smith";">90";"Evening";5
"0374a35c-191f-4e37-995d-cb7f545f554a";"Inbound";"Returns";"Return request";"Very good person";"853747be-7035-4daa-bbb6-64e5a24c8c37";"";"06/08/2023 20:33";"06/08/2023 20:40";"06-Aug-23";"Unknown";"Others";0;0;"Rebecca Graham";"Alexander Tanaka";"Michael Lee";"0-30";"Evening";5
"03754be6-376c-4180-93d7-4507360f8399";"Inbound";"Returns";"Reverse Pickup Enquiry";"";"20f454b1-b8d8-4504-86d0-e0d3df8af644";"12/08/2023 21:37";"28/08/2023 13:27";"28/08/2023 00:00";"28-Aug-23";"KOCH BIHAR";"Electronics";899;0;"Anita Harris";"Ethan Nakamura";"Emily Chen";"0-30";"Evening";5
"03759766-90bd-4dbb-9e97-60288e1b27a8";"Inbound";"Returns";"Reverse Pickup Enquiry";"";"e66e9491-6170-4c3e-ab40-63381ed89c0d";"";"17/08/2023 16:04";"17/08/2023 16:09";"17-Aug-23";"Unknown";"Others";0;0;"Ariana Young";"Abigail Suzuki";"Jennifer Nguyen";"On Job Training";"Morning";5
"037633df-b3d1-4746-a6e0-0eb774d23eb5";"Inbound";"Returns";"Reverse Pickup Enquiry";"";"";"";"13/08/2023 15:03";"13/08/2023 15:03";"13-Aug-23";"Unknown";"Others";0;0;"William Brown";"Madison Kim";"John Smith";">90";"Morning";5
"037870d4-c1ba-4bbe-a3bc-c5cb38ab2cfd";"Inbound";"Returns";"Service Centres Related";"No";"e23ccfc6-8b0f-4673-97ac-db9b69fcd866";"";"22/08/2023 18:13";"22/08/2023 18:31";"22-Aug-23";"Unknown";"Others";0;0;"Marcus Lynch";"Lucas Singh";"Jennifer Nguyen";"On Job Training";"Evening";5
"0378879c-8a4a-4e09-b0da-ae66addbef1c";"Email";"Refund Related";"Refund Enquiry";"";"04fec4f0-5311-406b-b144-22e9c76aee79";"";"29/08/2023 12:06";"29/08/2023 12:25";"29-Aug-23";"Unknown";"Others";0;0;"Brian Young";"Elijah Yamaguchi";"Emily Chen";"61-90";"Morning";1
"03790ff6-d825-4837-8d7b-f63572cb5f95";"Outcall";"Cancellation";"Not Needed";"";"e121f017-bdff-4fb5-9186-4dd43c4ca5b8";"29/07/2023 11:32";"02/08/2023 09:27";"02/08/2023 09:30";"02-Aug-23";"GIRIDIH";"Electronics";899;0;"Jordan Wilson";"Abigail Suzuki";"Jennifer Nguyen";"On Job Training";"Morning";3
"0379c62a-e938-44fe-9621-8277c8dcaba0";"Inbound";"Order Related";"Installation/demo";"";"129a630b-5183-4ce8-866c-7214da2e37ed";"";"05/08/2023 12:29";"05/08/2023 17:28";"05-Aug-23";"Unknown";"Others";0;0;"Timothy Huff";"Aiden Patel";"John Smith";">90";"Morning";3
"037c508f-4ed5-469d-a1c6-42ea49aaa9b4";"Inbound";"Product Queries";"Product Specific Information";"Worst service and product. Want to return.";"7d749555-71df-45aa-885a-d353bf484492";"";"29/08/2023 14:07";"29/08/2023 16:27";"29-Aug-23";"Unknown";"Others";0;0;"Dana Smith";"Mason Gupta";"Jennifer Nguyen";"On Job Training";"Morning";1
"037d0bab-ba1c-4392-9074-3253eaed5ff5";"Inbound";"Returns";"Reverse Pickup Enquiry";"";"e9b537f5-85e8-44e6-8f4e-885e563d15ef";"";"01/08/2023 23:27";"01/08/2023 23:28";"01-Aug-23";"Unknown";"Others";0;0;"Willie Flores";"Oliver Nguyen";"John Smith";">90";"Morning";5
"037e9c27-5a0c-4eba-91b8-78b7b06e7bad";"Inbound";"Returns";"Reverse Pickup Enquiry";"";"e34e9399-5696-4fb8-a281-1385500fd034";"";"21/08/2023 19:57";"21/08/2023 19:58";"21-Aug-23";"Unknown";"Others";0;0;"Alexander Saunders";"Noah Patel";"Michael Lee";"31-60";"Night";5
"037fc0d2-f368-4546-8796-746c7edef10f";"Inbound";"Payments related";"Payment related Queries";"She is a wonderful girl...nice behaviour Very happy";"1510aa1c-8aee-4520-9257-11362e5348a9";"";"28/08/2023 17:01";"28/08/2023 00:00";"28-Aug-23";"Unknown";"Others";0;0;"Ronnie Romero";"Aiden Patel";"John Smith";">90";"Morning";5
"03811850-2da6-4e57-a27f-561442e4bc20";"Inbound";"Payments related";"Wallet related";"";"4fd69054-380b-4b8a-a6c4-5aa72719db8c";"";"29/08/2023 16:53";"29/08/2023 16:57";"29-Aug-23";"Unknown";"Others";0;0;"Stephen Foster";"Ethan Tan";"William Kim";"On Job Training";"Morning";5
"03811e62-bdd5-4aef-8d10-a17336581ff3";"Outcall";"Order Related";"Order status enquiry";"";"bba4b1d6-6f4c-448b-9fb9-377ada81e2de";"";"29/08/2023 11:10";"29/08/2023 11:11";"29-Aug-23";"Unknown";"Others";0;0;"Charles Nelson";"Austin Johnson";"William Kim";"On Job Training";"Morning";4
"0382e8ac-e66f-4a3e-8174-5c537d67bb4b";"Inbound";"Order Related";"Delayed";"I am using Shopzilla from so many years but this time no executive can resolve my problem , and I am fed-up of everything time calling calling but still the issue is same ,";"937c85f0-5ac2-4ce6-93a8-6c6dccc92b0f";"23/07/2023 17:24";"04/08/2023 08:43";"04/08/2023 09:20";"04-Aug-23";"GAYA";"Home";299;0;"Daniel Henderson";"Noah Patel";"Michael Lee";">90";"Morning";1
"03831121-3a8e-48b5-a5b4-3208122eb603";"Inbound";"Order Related";"Order status enquiry";"";"83a85f0a-aac4-44ed-9b5b-682238a18b1a";"";"22/08/2023 18:03";"22/08/2023 18:52";"22-Aug-23";"Unknown";"Others";0;0;"Brian Wall";"Jacob Sato";"William Kim";"On Job Training";"Evening";5
"03837b38-6c60-4b37-8263-d8bf2f75dbce";"Inbound";"Order Related";"Order status enquiry";"";"437cf932-1431-4ca8-a066-d99ca9c87270";"";"18/08/2023 19:31";"18/08/2023 20:54";"18-Aug-23";"Unknown";"Others";0;0;"Emma Wyatt";"Aiden Patel";"Olivia Tan";"On Job Training";"Evening";1
"0385d08f-eebe-4f43-8aac-44b74c63419f";"Inbound";"Refund Related";"Refund Enquiry";"";"b36a6c9f-cae4-4c4b-8bb6-60e7985196c9";"";"02/08/2023 14:56";"02/08/2023 15:11";"02-Aug-23";"Unknown";"Others";0;0;"Cole Moore";"Emma Park";"John Smith";"31-60";"Morning";5
"038696d7-7a8a-46c3-9117-fdc292759108";"Inbound";"Returns";"Damaged";"";"b0c1b2e5-f3e9-4898-9ab2-98ec1352e44b";"";"29/08/2023 19:26";"29/08/2023 19:28";"29-Aug-23";"Unknown";"Others";0;0;"Christian Armstrong";"Wyatt Kim";"Michael Lee";">90";"Evening";5
"03878ab9-c975-4e94-bbbc-9cc0a05261e7";"Outcall";"Returns";"Missing";"";"";"";"14/08/2023 22:09";"14/08/2023 22:10";"14-Aug-23";"Unknown";"Others";0;0;"Anthony Cook";"Noah Patel";"Michael Lee";"31-60";"Night";5
"038895d5-e086-4f1e-ae1c-00d9c88ab65c";"Inbound";"Returns";"Reverse Pickup Enquiry";"";"245f66cd-8145-46f7-8b2e-4e98760fcbe2";"";"07/08/2023 09:34";"07/08/2023 09:38";"07-Aug-23";"Unknown";"Others";0;0;"Betty Schmidt";"Evelyn Kimura";"John Smith";"0-30";"Morning";5
"03895fa4-38a4-4246-8801-958aad901031";"Inbound";"Order Related";"Order status enquiry";"Worst customer service from Shopzilla";"";"";"16/08/2023 18:44";"16/08/2023 19:00";"16-Aug-23";"Unknown";"Others";0;0;"Mark Vasquez";"Aiden Patel";"Olivia Tan";"On Job Training";"Evening";1
"03898c15-ed87-482a-b57e-568067561604";"Inbound";"Order Related";"Delayed";"Why are the orders delayed";"be50b552-aaf1-4a7f-9e13-94be29a4499d";"07/08/2023 23:05";"17/08/2023 13:57";"17/08/2023 17:57";"17-Aug-23";"GHAZIABAD";"Books & General merchandise";201;0;"Carol Washington";"Lucas Singh";"John Smith";"31-60";"Evening";1
"038993c0-a3ff-4c49-8296-dbe960ef2b2b";"Inbound";"Returns";"Exchange / Replacement";"";"2e4b057d-31cf-4980-820f-5df4f8964d13";"";"05/08/2023 17:01";"05/08/2023 22:25";"05-Aug-23";"Unknown";"Others";0;0;"Teresa Nolan";"Ava Wong";"Olivia Tan";">90";"Morning";4
"0389eb2d-6e57-43cd-9aeb-d8da4a70d893";"Outcall";"Returns";"Reverse Pickup Enquiry";"Good ??";"4a2ee045-4206-4700-b87c-f767f7a8ef8a";"";"19/08/2023 13:33";"19/08/2023 13:52";"19-Aug-23";"Unknown";"Others";0;0;"Charles Nelson";"Austin Johnson";"William Kim";"On Job Training";"Morning";1
"038a5161-c26d-47cd-bb34-54251ab7e17d";"Inbound";"Order Related";"Delayed";"Happy with consulting";"387af522-39c7-496e-bfa6-c70a59f1fd43";"";"06/08/2023 14:20";"06/08/2023 15:40";"06-Aug-23";"Unknown";"Others";0;0;"Eric Smith";"Mason Gupta";"Jennifer Nguyen";"On Job Training";"Morning";5
"038ad8f9-4013-4c05-89d3-f2df9dc59b7b";"Inbound";"Returns";"Reverse Pickup Enquiry";"Thanks ?? for providing such an excellent work provided by Shopzilla agentThanks a lot ???";"a706a5d1-e808-4033-875f-aa3d87ab985b";"";"09/08/2023 21:17";"09/08/2023 21:19";"09-Aug-23";"Unknown";"Others";0;0;"Melissa Murray";"Logan Lee";"Emily Chen";"61-90";"Evening";5
"038b0c75-0fb3-4a35-8d64-a8b7022a8c52";"Outcall";"Returns";"Reverse Pickup Enquiry";"";"993cc2d6-1cd5-4ec2-8411-00e8402b1355";"";"21/08/2023 11:07";"21/08/2023 11:09";"21-Aug-23";"Unknown";"Others";0;0;"Timothy Scott";"Zoe Yamamoto";"William Kim";"On Job Training";"Morning";5
"038b95c3-8df8-4e46-97ad-9461a568c9d5";"Inbound";"Returns";"Fraudulent User";"";"11006afe-25a5-4b58-8697-0542d78d6a9c";"";"19/08/2023 08:30";"19/08/2023 08:31";"19-Aug-23";"Unknown";"Others";0;0;"Erin Fischer";"Abigail Suzuki";"Jennifer Nguyen";"On Job Training";"Evening";5
"038c1e89-f776-4444-b718-a6c722b6bbaf";"Inbound";"Returns";"Return request";"";"a16d2bc2-e5c6-4132-8278-a35de46a0e2d";"";"23/08/2023 15:35";"23/08/2023 15:42";"23-Aug-23";"Unknown";"Others";0;0;"Jennifer Hernandez";"Lily Chen";"Michael Lee";">90";"Morning";4
"038cff1b-e7b0-443b-8e13-05a20db49b69";"Inbound";"Returns";"Reverse Pickup Enquiry";"";"eb08d0d0-a7e5-4071-ad0f-d4184230da0a";"";"02/08/2023 21:20";"02/08/2023 21:27";"02-Aug-23";"Unknown";"Others";0;0;"Laura Allen";"Oliver Nguyen";"John Smith";">90";"Morning";3
"038d8e62-f684-4a30-91e4-882b9ecc8a18";"Outcall";"Order Related";"Unable to track";"";"61263688-790a-405f-b1dc-6c6348d075ee";"";"28/08/2023 18:10";"28/08/2023 00:00";"28-Aug-23";"Unknown";"Others";0;0;"Xavier Little";"Austin Johnson";"William Kim";"On Job Training";"Morning";5
"038d9b49-5d11-4ba4-b75c-d2f967552686";"Inbound";"Returns";"Fraudulent User";"Good work";"";"";"15/08/2023 09:11";"15/08/2023 10:08";"15-Aug-23";"Unknown";"Others";0;0;"Kimberly Medina";"Lily Chen";"Michael Lee";">90";"Morning";5
"038da63a-c992-4366-8440-a0eeac66f343";"Inbound";"Returns";"Reverse Pickup Enquiry";"";"e5e8e119-f2f1-47f2-8670-39e1541be8cf";"";"10/08/2023 10:06";"10/08/2023 10:43";"10-Aug-23";"Unknown";"Others";0;0;"Anthony Hayes";"Madison Kim";"Emily Chen";">90";"Split";4
"038e01ce-4f5b-4ade-b49c-28c621863abf";"Outcall";"Refund Related";"Refund Enquiry";"";"344a8ff1-54db-4aca-982e-322256acdc5d";"30/07/2023 10:59";"14/08/2023 11:03";"14/08/2023 11:10";"14-Aug-23";"DUNGARPUR";"LifeStyle";269;0;"Sheri White";"Ethan Tan";"William Kim";"On Job Training";"Morning";1
"038f16ea-b9e8-4319-a44c-506cf16d8965";"Email";"Refund Related";"Refund Related Issues";"I have ordered four product. I have got refund of one product. 3 products are not getting returned.please help & give me refund on priority bases.";"e160070b-4962-4095-a14f-17f96a887d00";"";"30/08/2023 15:09";"30/08/2023 16:49";"30-Aug-23";"Unknown";"Others";0;0;"Philip Harmon";"Emma Park";"John Smith";">90";"Morning";5
"038fc42f-5b7a-4fb7-8f86-7bc0e4ff7e3a";"Inbound";"Returns";"Return request";"";"522e48b6-0a46-4062-8886-863761fb8f18";"";"07/08/2023 10:57";"07/08/2023 10:59";"07-Aug-23";"Unknown";"Others";0;0;"Mrs. Jennifer Stone";"Dylan Kim";"Michael Lee";">90";"Morning";5
"039085ce-045c-4a22-afc9-b565ac8a0d26";"Inbound";"Cancellation";"Not Needed";"Very highly appreciated by the care &the same full support your better experience for the customer";"69012403-bfb0-49a4-a82c-c5ef9bda663f";"";"01/08/2023 23:16";"01/08/2023 23:36";"01-Aug-23";"Unknown";"Others";0;0;"Tabitha Ayala";"Amelia Tanaka";"Michael Lee";"31-60";"Evening";5
"0391c800-d7c1-4e2c-b459-044e2640b931";"Inbound";"Shopzilla Related";"General Enquiry";"Supep......";"a78ebc4c-affe-4dc5-a712-0f1b287dea50";"";"09/08/2023 17:49";"09/08/2023 17:51";"09-Aug-23";"Unknown";"Others";0;0;"Amanda Martinez";"Elijah Yamaguchi";"John Smith";">90";"Evening";5
"03927032-c2f7-45d1-a803-d33c7d26d712";"Inbound";"Returns";"Service Centres Related";"";"5e19897e-517e-419e-b1f8-88d97aacb1c3";"";"09/08/2023 19:03";"10/08/2023 11:32";"10-Aug-23";"Unknown";"Others";0;0;"Jessica Kelly";"Landon Tanaka";"Emily Chen";">90";"Split";5
"0393489b-fd5c-44cd-b6ae-2ac7aecebc2c";"Inbound";"Feedback";"UnProfessional Behaviour";"";"5c5fc433-9834-4e9a-96ee-3ea0b958e1b8";"";"10/08/2023 00:44";"10/08/2023 00:48";"10-Aug-23";"Unknown";"Others";0;0;"Dr. Heather Lewis";"Elijah Yamaguchi";"Emily Chen";"61-90";"Evening";5
"0395b786-c76a-4eab-9bbf-133ed9c2df9d";"Inbound";"Feedback";"UnProfessional Behaviour";"";"78466374-1452-461a-a088-95bc01621942";"20/08/2023 18:16";"24/08/2023 10:21";"24/08/2023 11:48";"24-Aug-23";"SAMANA";"Electronics";19616;0;"Toni Rodriguez";"Dylan Kim";"Michael Lee";">90";"Morning";3
"0395d2a4-030f-4b23-a55a-ad0086aaf15c";"Inbound";"Returns";"Return request";"";"329016de-2e08-45f4-a38d-17e971c984ae";"";"20/08/2023 15:25";"20/08/2023 15:27";"20-Aug-23";"Unknown";"Others";0;0;"Brian Mcguire";"Elijah Yamaguchi";"Emily Chen";">90";"Morning";5
"0397a78b-0f3c-4d2e-a1c4-d932971c513d";"Inbound";"Returns";"Exchange / Replacement";"Take feedback over phone";"b9b86dae-591b-4a15-9363-8372c8888d57";"";"25/08/2023 18:56";"25/08/2023 18:58";"25-Aug-23";"Unknown";"Others";0;0;"Brian Wall";"Jacob Sato";"William Kim";"On Job Training";"Evening";5
"03992cf2-58a1-4d80-aade-b371435ef4b8";"Inbound";"Returns";"Reverse Pickup Enquiry";"";"64fd0250-508e-4628-bebd-14d96304b006";"";"20/08/2023 14:48";"20/08/2023 15:04";"20-Aug-23";"Unknown";"Others";0;0;"Anna Lawrence";"Mason Gupta";"Jennifer Nguyen";"On Job Training";"Morning";5
"039989d8-2641-43cc-a2e7-f7f226447b10";"Inbound";"Returns";"Reverse Pickup Enquiry";"";"fbb44cb3-becd-47f6-aa86-dfe64fca9277";"19/08/2023 23:03";"25/08/2023 05:12";"25/08/2023 05:19";"25-Aug-23";"LUCKNOW";"Books & General merchandise";143;0;"Sharon Smith";"Elijah Yamaguchi";"Michael Lee";">90";"Afternoon";5
"039b442c-f6d2-466a-8392-8024070b69ee";"Inbound";"Refund Related";"Refund Related Issues";"";"c1304355-eb80-431c-ba62-5db93b1048c4";"";"06/08/2023 08:46";"06/08/2023 08:47";"06-Aug-23";"Unknown";"Others";0;0;"Melanie Cortez";"Mason Gupta";"Jennifer Nguyen";"On Job Training";"Morning";4
"039b451a-bca1-4cd6-82b9-95eeedbee760";"Inbound";"Returns";"Fraudulent User";"Very good";"968d4ecb-6dce-43ee-9f91-feace6b73912";"05/08/2023 07:52";"11/08/2023 22:07";"11/08/2023 22:12";"11-Aug-23";"BALESHWAR";"Books & General merchandise";116;0;"Tracy Weaver";"Olivia Wang";"Emily Chen";"31-60";"Evening";5
"039b502a-0a53-4272-a5e2-488534dcdc46";"Outcall";"Returns";"Return request";"poor fraud behaviour products fauty and return as promised purchase time";"76061a90-ff20-48ca-a5cc-ad2dbeafb5ac";"";"02/08/2023 19:34";"02/08/2023 19:35";"02-Aug-23";"Unknown";"Others";0;0;"Peter Thomas";"Abigail Suzuki";"Jennifer Nguyen";"On Job Training";"Evening";1
"039b7373-2c29-4182-84df-b95ee36c2faa";"Inbound";"Returns";"Wrong";"Thank you";"ceaf6a15-a608-46aa-a179-aca19cba7357";"";"10/08/2023 13:40";"10/08/2023 13:44";"10-Aug-23";"Unknown";"Others";0;0;"Jennifer Lewis";"Madison Kim";"John Smith";">90";"Morning";5
"039ba7fc-4766-4df9-988d-6de473721fb2";"Inbound";"Product Queries";"Product Specific Information";"";"";"";"11/08/2023 18:07";"12/08/2023 10:36";"12-Aug-23";"Unknown";"Others";0;0;"Rhonda Sullivan";"Jackson Park";"William Kim";"On Job Training";"Evening";2
"039c2e94-f137-4733-9f7b-7e218eead528";"Email";"Returns";"Reverse Pickup Enquiry";"";"1d8d0ed2-19ba-43e1-b878-ec001fb5eaeb";"24/07/2023 20:36";"11/08/2023 21:00";"11/08/2023 21:01";"11-Aug-23";"PURNIA";"LifeStyle";599;0;"Shannon Holmes";"Ava Wong";"William Kim";"On Job Training";"Evening";5
"039c63e2-f708-4817-9fe1-98c0aa820344";"Inbound";"Returns";"Return request";"";"48bf744d-058e-4e3b-8619-cd68959fc2c3";"";"28/08/2023 13:51";"28/08/2023 00:00";"28-Aug-23";"Unknown";"Others";0;0;"Adrian Branch";"Carter Park";"Jennifer Nguyen";"On Job Training";"Morning";5
"039cde89-474d-4c58-9f0d-25ec52ddb9b6";"Inbound";"Refund Related";"Refund Enquiry";"";"";"";"12/08/2023 18:14";"12/08/2023 18:14";"12-Aug-23";"Unknown";"Others";0;0;"Elizabeth Collins";"Madison Kim";"Michael Lee";"31-60";"Evening";4
"039d2c77-667a-46a6-aa72-05371ef3dc82";"Inbound";"Returns";"Reverse Pickup Enquiry";"";"56bb4d40-44e3-4dd6-bf05-be4746baab0f";"";"20/08/2023 11:17";"20/08/2023 12:04";"20-Aug-23";"Unknown";"Others";0;0;"Dana Taylor";"Aiden Patel";"John Smith";">90";"Morning";5
"039dc43f-64e4-4bf1-bc4f-0bb767a0f6f8";"Inbound";"Returns";"Service Centres Related";"";"205764a0-0c7b-42e5-a628-401b06497e4d";"";"27/08/2023 20:09";"28/08/2023 00:00";"28-Aug-23";"Unknown";"Others";0;0;"Diana Dudley";"Logan Lee";"Jennifer Nguyen";"On Job Training";"Morning";5
"039ee97a-df0d-46da-a4cc-c02d8107cf24";"Inbound";"Returns";"Exchange / Replacement";"";"cb369d42-c6f2-4d2b-baea-f4041493e653";"";"31/08/2023 18:47";"31/08/2023 18:48";"31-Aug-23";"Unknown";"Others";0;0;"Karen Montgomery";"Ava Wong";"William Kim";"On Job Training";"Evening";5
"039efd48-52c2-4e83-8ac3-2795e40f87bb";"Inbound";"Returns";"Reverse Pickup Enquiry";"";"1d71727e-2c88-41dc-a417-7eaf1ccabda3";"";"25/08/2023 18:31";"25/08/2023 18:49";"25-Aug-23";"Unknown";"Others";0;0;"Richard Ortiz";"Emily Yamashita";"Michael Lee";">90";"Morning";4
"03a00bc9-45b9-4140-837c-27a6e3f0902c";"Inbound";"Returns";"Reverse Pickup Enquiry";"";"";"";"03/08/2023 16:09";"03/08/2023 22:40";"03-Aug-23";"Unknown";"Others";0;0;"Samantha Warner";"Emily Yamashita";"John Smith";">90";"Morning";5
"03a10ede-9ca6-450d-867c-104b8fb22e62";"Outcall";"Order Related";"Installation/demo";"";"";"";"04/08/2023 14:58";"04/08/2023 15:06";"04-Aug-23";"Unknown";"Others";0;0;"Kathryn Vasquez";"Noah Patel";"Michael Lee";">90";"Morning";5
"03a24984-d309-4183-b17c-5c271f93ce54";"Email";"Returns";"Missing";"Thankyou";"de94f622-37d4-4599-9c7d-0223aaf24ac1";"10/08/2023 14:32";"24/08/2023 17:42";"24/08/2023 17:43";"24-Aug-23";"BHUBANESWAR";"LifeStyle";1699;0;"Wendy Taylor";"Madison Kim";"Michael Lee";"31-60";"Evening";5
"03a3096b-4607-4c64-a287-9df4eb1debfd";"Inbound";"Order Related";"Delayed";"";"0b777922-43fc-4b5f-a5c4-efd4c21a8731";"24/07/2023 21:53";"31/07/2023 20:08";"01/08/2023 07:35";"01-Aug-23";"NANDED";"Books & General merchandise";1049;0;"Wendy Mitchell";"Nathan Patel";"Jennifer Nguyen";"On Job Training";"Evening";5
"03a3482c-a01b-49c9-a73e-578a83c2780a";"Inbound";"Product Queries";"Product Specific Information";"";"c0b65950-295c-4b24-93ac-cb869cfaee2c";"";"17/08/2023 13:18";"17/08/2023 13:59";"17-Aug-23";"Unknown";"Others";0;0;"Teresa Gilbert";"Scarlett Chen";"John Smith";"0-30";"Morning";5
"03a357cc-5963-40a3-bbf6-432dba254f00";"Inbound";"Shopzilla Related";"Signup Issues";"";"b43ae6de-4b22-4291-8127-761e507a1156";"";"08/08/2023 10:53";"08/08/2023 10:58";"08-Aug-23";"Unknown";"Others";0;0;"Christine Jackson";"Abigail Suzuki";"Jennifer Nguyen";"On Job Training";"Evening";3
"03a41185-86ee-47b7-b6f9-bb4d49367fc6";"Inbound";"Returns";"Missing";"Best";"3461e9c6-e502-47d4-ac9d-c57ecee31505";"";"20/08/2023 18:49";"20/08/2023 20:47";"20-Aug-23";"Unknown";"Others";0;0;"Veronica Howell";"Elijah Yamaguchi";"John Smith";">90";"Evening";5
"03a42ea4-867a-49c7-ac4d-8cdd17254931";"Outcall";"Returns";"Reverse Pickup Enquiry";"";"46741d7a-c003-4f6a-8afd-955bbf8bb237";"";"30/08/2023 18:55";"30/08/2023 23:30";"30-Aug-23";"Unknown";"Others";0;0;"Jeff Lowery";"Charlotte Suzuki";"William Kim";"On Job Training";"Morning";5
"03a43769-740e-4b4a-9827-c34fd31559ed";"Inbound";"Returns";"Reverse Pickup Enquiry";"";"a4d67a83-3718-4f1f-822a-a59547baa961";"";"02/08/2023 15:40";"02/08/2023 18:08";"02-Aug-23";"Unknown";"Others";0;0;"Stanley Moss";"Elijah Yamaguchi";"Emily Chen";">90";"Morning";5
"03a6115f-351b-4c89-9a6d-737a053f2c7e";"Inbound";"Returns";"Reverse Pickup Enquiry";"?????? ??? ??? ?????????? ???????? ??? ???? ? ???";"1ede362c-eca0-41ad-8833-f4454c34ec8d";"";"29/08/2023 20:03";"29/08/2023 20:07";"29-Aug-23";"Unknown";"Others";0;0;"Brandy Johnson";"Noah Patel";"Michael Lee";">90";"Morning";5
"03a65245-65dc-4ef4-af66-a1d171023ea0";"Inbound";"Returns";"Fraudulent User";"";"be9c03e3-7b01-4068-be34-57eb7d472da7";"";"22/08/2023 19:06";"22/08/2023 19:08";"22-Aug-23";"Unknown";"Others";0;0;"Amanda Hughes";"Mia Patel";"Emily Chen";"61-90";"Evening";5
"03a67c1b-2982-4398-a1a1-81428dae8686";"Inbound";"Refund Related";"Refund Enquiry";"Very good";"ce01030a-4b75-4b5e-8906-9fadda2924f2";"";"20/08/2023 16:54";"20/08/2023 16:55";"20-Aug-23";"Unknown";"Others";0;0;"Robert Oneal";"Brayden Wong";"Michael Lee";">90";"Afternoon";5
"03a69120-3d9a-4c90-90fe-98078a56267c";"Inbound";"Returns";"Exchange / Replacement";"";"9c1a9cab-1ad3-40d7-bf28-5a4fa87ce5c1";"";"08/08/2023 10:26";"08/08/2023 10:26";"08-Aug-23";"Unknown";"Others";0;0;"Michael Reilly";"Ethan Nakamura";"Jennifer Nguyen";"On Job Training";"Morning";5
"03a88753-cc3b-41ce-bf4c-d7f3d02e7a16";"Inbound";"Returns";"Return request";"";"a39755a6-8824-4e5d-95ce-7f75046b3b6a";"";"28/08/2023 23:06";"28/08/2023 00:00";"28-Aug-23";"Unknown";"Others";0;0;"Elizabeth Guerra";"Nathan Patel";"Jennifer Nguyen";"On Job Training";"Evening";5
"03a951aa-4388-4b17-a10a-2b1b4c975d37";"Inbound";"Returns";"Reverse Pickup Enquiry";"Shafia was excellent, but the last experience with agent before shafia is worst. He was able to hear me but acted as if I'm not audible. Please provide notification or email response if there's a delay in picking up order placed for return. Very disappointed by service.";"86ecaf59-c80a-4943-a3d7-8231bcf65833";"15/07/2023 15:05";"11/08/2023 09:57";"11/08/2023 10:09";"11-Aug-23";"HYDERABAD";"Furniture";318;0;"Mike Fields";"Madison Kim";"John Smith";">90";"Split";5
"03aa4e81-fd0d-4860-ae53-1df23f455ed4";"Inbound";"Order Related";"Delayed";"";"aa1f3d83-a5c1-40c4-8a3f-c161c81cbd26";"";"22/08/2023 22:36";"22/08/2023 22:44";"22-Aug-23";"Unknown";"Others";0;0;"Rhonda Sullivan";"Jackson Park";"William Kim";"On Job Training";"Evening";5
"03ab49a5-fc68-4773-aace-abc3653e4325";"Inbound";"Product Queries";"Product Specific Information";"";"cb4b9115-6d3f-4938-981c-412f6d4c739b";"";"01/08/2023 11:01";"01/08/2023 11:11";"01-Aug-23";"Unknown";"Others";0;0;"Jared Scott";"Zoe Yamamoto";"William Kim";"On Job Training";"Morning";4
"03abba58-241d-4056-aabf-097ea56f1baa";"Inbound";"Order Related";"Order status enquiry";"Good";"f2311d09-5cc4-4ce9-bd19-84d086683dc3";"25/08/2023 12:18";"27/08/2023 13:35";"27/08/2023 13:36";"27-Aug-23";"DOHAD";"Books & General merchandise";180;0;"James Duncan";"Olivia Suzuki";"Jennifer Nguyen";"On Job Training";"Morning";5
"03abf546-83a6-4ff2-9683-76949cf6f92e";"Inbound";"Order Related";"Seller Cancelled Order";"";"50d778f5-3283-4efd-87f8-0b99311ce8b8";"";"07/08/2023 16:58";"07/08/2023 17:20";"07-Aug-23";"Unknown";"Others";0;0;"Ashley Hamilton";"Jackson Park";"William Kim";"On Job Training";"Evening";5
"03ac5c5f-672a-4bc6-b621-1e835292dd73";"Inbound";"Feedback";"UnProfessional Behaviour";"Excellent";"0544fad1-fba3-4b59-b446-9b8548e173fa";"";"23/08/2023 21:46";"23/08/2023 21:47";"23-Aug-23";"Unknown";"Others";0;0;"Carla Morgan";"Nathan Patel";"Emily Chen";"0-30";"Evening";5
"03ad89db-0c8b-4844-bc4b-d61aabb2acb2";"Inbound";"Offers & Cashback";"Affiliate Offers";"";"";"";"16/08/2023 13:00";"16/08/2023 13:10";"16-Aug-23";"Unknown";"Others";0;0;"Michael Mckee";"Emily Yamashita";"William Kim";"On Job Training";"Evening";4
"03adf19d-0d58-4419-81f8-4b8a1860743b";"Inbound";"Product Queries";"Product Specific Information";"";"793cd98a-d64d-406e-9fd3-f06a4c2d06bb";"";"25/08/2023 19:33";"25/08/2023 19:35";"25-Aug-23";"Unknown";"Others";0;0;"Thomas Martin";"Wyatt Kim";"Jennifer Nguyen";"On Job Training";"Morning";5
"03ae2958-7289-4628-8039-bd55f2a9785c";"Email";"Payments related";"Payment pending";"";"df65ce9b-6699-455e-863b-60099d86d259";"";"30/08/2023 00:35";"30/08/2023 00:35";"30-Aug-23";"Unknown";"Others";0;0;"Robert White";"William Park";"Jennifer Nguyen";"On Job Training";"Morning";5
"03ae2b1d-634e-4543-aef1-d4f0f0ce596d";"Inbound";"Refund Related";"Refund Related Issues";"Resolve the customer Issues well in time so that customer will not suffer so long. I'm facing the issue since 05 months and Shopzilla not issue the refund of my product as order cancelled by Shopzilla Executive.";"05ffb527-aec5-45af-9d97-6392cfd313a8";"14/04/2023 22:29";"09/08/2023 16:31";"09/08/2023 16:46";"09-Aug-23";"MUMBAI";"Books & General merchandise";11499;0;"Melissa Russell";"Harper Wong";"Emily Chen";"31-60";"Afternoon";1
"03af2f47-2bef-443c-b527-4d79918015c9";"Inbound";"Order Related";"Installation/demo";"";"a262649a-5aef-4bd0-8c9b-c379e18ffe59";"";"09/08/2023 15:22";"09/08/2023 15:32";"09-Aug-23";"Unknown";"Others";0;0;"James Jordan";"Aiden Patel";"John Smith";"31-60";"Morning";4
"03af5c7c-b0a4-41da-90d9-dae2a4d75efe";"Outcall";"Order Related";"Invoice request";"";"fcd92697-809f-46e8-8f08-436b74d3930f";"";"20/08/2023 11:11";"20/08/2023 11:16";"20-Aug-23";"Unknown";"Others";0;0;"Walter Decker";"Madison Kim";"John Smith";">90";"Morning";5
"03afcf0c-8ef9-4e95-bcb5-129161e3e3c9";"Inbound";"Product Queries";"Product Specific Information";"";"fb70982f-f80c-4a56-906e-968f89c34f94";"";"24/08/2023 10:44";"24/08/2023 10:48";"24-Aug-23";"Unknown";"Others";0;0;"William Hall";"Isabella Wong";"John Smith";">90";"Morning";4
"03affa36-18d4-4579-9786-93749b6e8ca4";"Inbound";"Returns";"Return request";"";"62ebbf31-b04e-4396-bbc2-b3fddaec7926";"";"16/08/2023 21:34";"17/08/2023 13:36";"17-Aug-23";"Unknown";"Others";0;0;"Jaime Henderson";"Evelyn Kimura";"Jennifer Nguyen";"On Job Training";"Evening";1
"03b2a1c7-0bde-4583-a851-b791ff941232";"Inbound";"Order Related";"Delayed";"";"fdd1b7cd-dda2-4924-8b9d-0c67ce6848ab";"";"10/08/2023 19:28";"10/08/2023 19:31";"10-Aug-23";"Unknown";"Others";0;0;"Ryan Jefferson";"Elijah Yamaguchi";"John Smith";">90";"Evening";5
"03b2afc4-1607-4a7f-861c-ca4deadf28ad";"Inbound";"Returns";"Reverse Pickup Enquiry";"Change delivery agent";"228d82ae-3e88-4804-ba26-e565e8e653b3";"";"07/08/2023 12:04";"07/08/2023 12:07";"07-Aug-23";"Unknown";"Others";0;0;"Kenneth Martin";"Aiden Patel";"John Smith";"31-60";"Morning";5
"03b302bb-f42d-4346-9414-f9d71d1ef0c0";"Inbound";"Refund Related";"Refund Enquiry";"";"08cd4164-ffd8-48bc-b77d-3090c20ac192";"";"08/08/2023 09:32";"08/08/2023 09:32";"08-Aug-23";"Unknown";"Others";0;0;"Kenneth Martin";"Aiden Patel";"John Smith";"31-60";"Morning";5
"03b5590a-78ff-46ab-809e-da786695d030";"Inbound";"Order Related";"Delayed";"";"cf7cb442-d330-4232-bea3-e83eac5d94c5";"";"28/08/2023 18:06";"28/08/2023 00:00";"28-Aug-23";"Unknown";"Others";0;0;"Tammy Cochran";"Madison Kim";"John Smith";">90";"Split";5
"03b6a9a5-99de-40ac-8b58-1b188190d362";"Inbound";"Returns";"Return request";"";"2ed10c0e-2d15-4467-b6a1-671766ef6db6";"";"17/08/2023 11:25";"17/08/2023 11:27";"17-Aug-23";"Unknown";"Others";0;0;"Tiffany Smith";"Mia Patel";"Emily Chen";"61-90";"Evening";1
"03b70e79-e31c-45c0-b368-24b9e7198316";"Inbound";"Refund Related";"Refund Enquiry";"";"85dce241-d8fd-4858-a371-070c43818693";"";"07/08/2023 08:28";"07/08/2023 08:30";"07-Aug-23";"Unknown";"Others";0;0;"Katherine Kirby";"Isabella Wong";"John Smith";">90";"Morning";3
"03b911fa-1fe4-476a-8dd3-addc4178ddeb";"Inbound";"Returns";"Reverse Pickup Enquiry";"Very nice mannerd mam";"6543a232-3392-4e6a-ba8f-ab8ae939435f";"";"29/08/2023 07:14";"29/08/2023 07:15";"29-Aug-23";"Unknown";"Others";0;0;"Shirley Hayden";"Scarlett Chen";"John Smith";"0-30";"Morning";5
"03ba14e2-42c8-4c60-9824-b72c54ead991";"Inbound";"Returns";"Reverse Pickup Enquiry";"Nice";"af52e5a5-fe11-4421-8eb6-04a21ae7f61d";"";"21/08/2023 18:54";"21/08/2023 19:03";"21-Aug-23";"Unknown";"Others";0;0;"Nicholas Payne";"Olivia Suzuki";"Jennifer Nguyen";"On Job Training";"Morning";5
"03ba3d61-c6d1-478c-81f7-a9ec9fdaadf3";"Inbound";"Refund Related";"Refund Related Issues";"Pathetic services from seller and logistic";"0e3130c9-c27f-4212-a7fd-64cd92c9ec2f";"";"02/08/2023 01:59";"02/08/2023 02:00";"02-Aug-23";"Unknown";"Others";0;0;"Sarah Gutierrez";"Emily Yamashita";"Michael Lee";"61-90";"Morning";5
"03bab1d5-ae47-407a-bc28-0a9864c22fa3";"Inbound";"Returns";"Service Centres Related";"";"";"";"13/08/2023 13:04";"13/08/2023 13:37";"13-Aug-23";"Unknown";"Others";0;0;"Sean Williams";"Mason Gupta";"Jennifer Nguyen";"On Job Training";"Morning";5
"03bad074-0307-4caf-aea2-36e9ec5dab67";"Inbound";"Order Related";"Order status enquiry";"Such a worst delivery service";"06465051-c014-4586-9022-df9bc03927bc";"01/08/2023 17:38";"07/08/2023 09:15";"07/08/2023 09:20";"07-Aug-23";"HYDERABAD";"Books & General merchandise";288;0;"Amber Brown";"Carter Park";"Jennifer Nguyen";"On Job Training";"Morning";1
"03bc376e-3483-4032-ba2b-cbb2fdfb1c7a";"Inbound";"Returns";"Reverse Pickup Enquiry";"";"c6a681df-d249-4e96-8d59-07559f010d11";"";"21/08/2023 12:40";"21/08/2023 12:43";"21-Aug-23";"Unknown";"Others";0;0;"James Pollard";"Ethan Tan";"William Kim";"On Job Training";"Morning";5
"03bc50d2-d3ec-440b-ad14-cf3778eb316c";"Inbound";"Returns";"Service Centres Related";"";"";"";"14/08/2023 09:29";"14/08/2023 09:30";"14-Aug-23";"Unknown";"Others";0;0;"Colleen Hall";"Landon Tanaka";"John Smith";">90";"Split";4
"03bc7055-e2dd-4ab6-b310-e9a7117b1735";"Inbound";"Returns";"Reverse Pickup Enquiry";"Very nice response";"c69b84da-c22c-4d05-bbd1-71821c578080";"";"22/08/2023 20:14";"22/08/2023 20:46";"22-Aug-23";"Unknown";"Others";0;0;"Michael Davis";"Evelyn Kimura";"Jennifer Nguyen";"On Job Training";"Evening";5
"03bd12fe-67cd-4d10-9202-78728829b081";"Inbound";"Returns";"Return request";"Please work on your policies and make them a bit flexier.";"";"";"14/08/2023 18:58";"14/08/2023 19:01";"14-Aug-23";"Unknown";"Others";0;0;"Angela Reid";"Carter Park";"Jennifer Nguyen";"On Job Training";"Evening";5
"03bdd878-246c-4017-b562-a2868b41e8a3";"Inbound";"Returns";"Reverse Pickup Enquiry";"";"a574e9d5-9f03-4ab5-8e19-f7708d332c8f";"";"06/08/2023 18:07";"06/08/2023 18:26";"06-Aug-23";"Unknown";"Others";0;0;"Mr. Jeremy Sanchez";"Wyatt Kim";"Michael Lee";"61-90";"Afternoon";5
"03bf8ed7-d7eb-4639-ab57-870c7d9f7467";"Inbound";"Order Related";"Order status enquiry";"Tq ??";"6b140126-008d-4dae-ac45-8bdb42ac1b91";"";"23/08/2023 08:04";"23/08/2023 15:52";"23-Aug-23";"Unknown";"Others";0;0;"Amy Mendez";"Sophia Sato";"John Smith";"0-30";"Morning";5
"03c02c0f-57bd-436c-a310-2243540fe341";"Inbound";"Payments related";"Online Payment Issues";"Nice interaction so keep it up";"9e3ff303-8787-44fe-8206-042de56c751f";"";"26/08/2023 07:41";"26/08/2023 07:50";"26-Aug-23";"Unknown";"Others";0;0;"Pamela Stevens";"Jackson Park";"John Smith";">90";"Morning";5
"03c17b5e-3a86-4ef3-a3a3-afe81429fe94";"Inbound";"Returns";"Wrong";"";"";"";"13/08/2023 10:59";"13/08/2023 20:09";"13-Aug-23";"Unknown";"Others";0;0;"Mark Gonzalez";"Amelia Tanaka";"Emily Chen";">90";"Morning";4
"03c1ac32-eb82-458f-8714-a8ebb8831671";"Inbound";"Returns";"Missing";"";"";"";"14/08/2023 19:58";"14/08/2023 21:41";"14-Aug-23";"Unknown";"Others";0;0;"Bruce Smith";"Elijah Yamaguchi";"Michael Lee";"61-90";"Afternoon";1
"03c1e12d-2d39-419c-9f7d-88916bc8b049";"Outcall";"Returns";"Reverse Pickup Enquiry";"";"a81c276c-0451-4d0e-b5e5-50f4fd726d27";"";"20/08/2023 12:58";"21/08/2023 07:58";"21-Aug-23";"Unknown";"Others";0;0;"Cindy Kerr";"Alexander Tanaka";"Michael Lee";"0-30";"Evening";5
"03c31ac0-1003-4605-8ca7-11ed49ab5526";"Inbound";"Refund Related";"Refund Related Issues";"";"192b4d10-8fbd-491a-b227-a378710e7749";"";"09/08/2023 16:40";"10/08/2023 20:34";"10-Aug-23";"Unknown";"Others";0;0;"Seth Williamson";"Sophia Sato";"John Smith";">90";"Afternoon";4
"03c47b64-ac4e-454b-8f89-9496b4949833";"Outcall";"Product Queries";"Product Specific Information";"Faltu person..doesnu2019t solve my problem";"4bdeb4d2-b2e6-437d-9b73-2bb765e8e811";"";"20/08/2023 10:35";"20/08/2023 10:38";"20-Aug-23";"Unknown";"Others";0;0;"Sheri Hood";"Ava Wong";"Jennifer Nguyen";"On Job Training";"Morning";1
"03c50267-aaef-44aa-a5e9-7225f95d4e86";"Outcall";"Shopzilla Related";"General Enquiry";"";"";"";"27/08/2023 17:21";"28/08/2023 03:32";"28-Aug-23";"Unknown";"Others";0;0;"Wanda Kelly";"Logan Lee";"Jennifer Nguyen";"On Job Training";"Morning";5
"03c57832-4d4b-41a8-9b3d-8066f509ffa3";"Inbound";"Order Related";"Delayed";"";"";"";"12/08/2023 19:47";"12/08/2023 19:48";"12-Aug-23";"Unknown";"Others";0;0;"Patty Gutierrez";"Elijah Yamaguchi";"John Smith";">90";"Evening";4
"03c5831c-9208-4dbc-8d2f-91d0250fcadf";"Inbound";"Returns";"Reverse Pickup Enquiry";"Ecilent";"a9d244ed-a505-4d76-9d4e-13ab752bc614";"";"17/08/2023 08:44";"17/08/2023 08:48";"17-Aug-23";"Unknown";"Others";0;0;"Stacy Sims";"Jacob Sato";"Jennifer Nguyen";"On Job Training";"Morning";1
"03c5ff30-fb9b-455d-a6ec-3340564522e6";"Inbound";"Returns";"Reverse Pickup Enquiry";"Reduce my time tu manage this order";"3ff7ea42-c7cf-4adb-9c1b-870513147a7b";"";"19/08/2023 15:08";"19/08/2023 15:18";"19-Aug-23";"Unknown";"Others";0;0;"Karen Schultz";"Evelyn Kimura";"John Smith";"0-30";"Morning";5
"03c6c161-7406-4c10-8264-f097fb33cd98";"Inbound";"Returns";"Fraudulent User";"Good conversation ????";"";"";"12/08/2023 18:27";"12/08/2023 18:34";"12-Aug-23";"Unknown";"Others";0;0;"Kelly Carpenter";"William Park";"John Smith";"61-90";"Evening";5
"03c7a86a-7e9f-4beb-95fd-674b574c798e";"Inbound";"Order Related";"Delayed";"Issue not resolved even after completion of 1 month";"eebc44d2-ec85-4f01-b83f-c8a177ef12cd";"";"17/08/2023 18:09";"17/08/2023 18:19";"17-Aug-23";"Unknown";"Others";0;0;"Lisa May";"Olivia Suzuki";"Jennifer Nguyen";"On Job Training";"Morning";1
"03c7bf39-48d5-483c-94e7-dab5f308ebf1";"Inbound";"Order Related";"Order status enquiry";"This is the worst customercare employee I have ever met on the call...";"c6cf988a-1eaa-4893-8954-351da916dd1f";"";"24/08/2023 18:43";"24/08/2023 23:14";"24-Aug-23";"Unknown";"Others";0;0;"Peter Lawrence";"Dylan Kim";"Olivia Tan";">90";"Morning";1
"03c86ac3-b168-4956-85bd-066ef95c7b38";"Outcall";"Returns";"Return request";"Very good";"29fe95a3-46e7-471c-92b3-ec288680dd06";"";"29/08/2023 17:32";"29/08/2023 17:33";"29-Aug-23";"Unknown";"Others";0;0;"Hannah Miller";"Harper Wong";"William Kim";"On Job Training";"Evening";5
"03c8d02a-ef1b-4af3-848b-53299198ebdb";"Inbound";"Order Related";"Installation/demo";"";"15981c0a-9449-4eb7-b342-3d4f962b3447";"26/06/2023 22:44";"30/07/2023 18:35";"01/08/2023 12:28";"01-Aug-23";"KOLKATTA";"Home Appliences";15999;0;"Kenneth Henderson";"Ava Wong";"William Kim";"On Job Training";"Evening";2
"03ca9425-2b6b-411c-a9d9-c83ebda9c360";"Inbound";"Order Related";"Delayed";"";"bd1343b9-6e1e-4fc6-9a00-fa75a1ed88d6";"18/08/2023 21:50";"28/08/2023 16:53";"28/08/2023 00:00";"28-Aug-23";"AHMEDABAD";"Electronics";1299;0;"Bruce Martin";"Zoe Yamamoto";"Emily Chen";">90";"Split";5
"03ca9db1-55ee-4262-a087-e902ad19f297";"Outcall";"Returns";"Reverse Pickup Enquiry";"Ok thanks thanks";"db11d312-2e3c-44ba-afd8-1da7303a5696";"";"21/08/2023 16:51";"21/08/2023 16:53";"21-Aug-23";"Unknown";"Others";0;0;"Jaime Henderson";"Evelyn Kimura";"Jennifer Nguyen";"On Job Training";"Evening";5
"03cc171a-1ecd-4b3f-9006-341032d8aa22";"Inbound";"Payments related";"Online Payment Issues";"It was nice interaction with him. He was so polite.";"";"";"12/08/2023 17:59";"12/08/2023 18:03";"12-Aug-23";"Unknown";"Others";0;0;"James Lopez";"Jackson Park";"William Kim";"On Job Training";"Evening";5
"03ccc293-b588-48c0-8c8d-071e9f3bf09c";"Inbound";"Product Queries";"Product Specific Information";"";"0d624dce-4a6b-4633-9519-d9d9621b9314";"";"05/08/2023 12:07";"05/08/2023 12:14";"05-Aug-23";"Unknown";"Others";0;0;"Brian Barrera";"Carter Park";"Michael Lee";"31-60";"Morning";5
"03cd517f-b6f8-486c-92eb-ab3da257d5ae";"Inbound";"Shopzilla Related";"General Enquiry";"Good ??";"";"";"03/08/2023 12:22";"03/08/2023 12:39";"03-Aug-23";"Unknown";"Others";0;0;"Fred Newman";"Amelia Tanaka";"Michael Lee";">90";"Morning";5
"03ce50c6-70c0-4793-a729-676c761eb772";"Inbound";"Order Related";"Seller Cancelled Order";"";"85dcb81c-a64c-4a7c-ad79-72bcae7efcd4";"";"22/08/2023 18:22";"22/08/2023 18:23";"22-Aug-23";"Unknown";"Others";0;0;"Lisa Wilson";"Isabella Wong";"Emily Chen";">90";"Afternoon";5
"03ce7617-12d0-4c8b-a871-3abeea10751e";"Inbound";"Returns";"Reverse Pickup Enquiry";"";"";"";"26/08/2023 19:29";"27/08/2023 20:21";"27-Aug-23";"Unknown";"Others";0;0;"Ashley Hamilton";"Jackson Park";"William Kim";"On Job Training";"Evening";5
"03cf17d0-958a-430f-88c2-6a33903a96c7";"Inbound";"Payments related";"Online Payment Issues";"";"180d094f-ab36-418e-a755-89a720266142";"";"02/08/2023 21:51";"02/08/2023 22:00";"02-Aug-23";"Unknown";"Others";0;0;"Elizabeth Macias";"Lily Chen";"Michael Lee";">90";"Evening";5
"03cfefcc-095a-4368-875e-e73cc34739c1";"Inbound";"Returns";"Return request";"";"b209e09a-a529-4ec2-89af-8f85b3c4a44d";"";"29/08/2023 16:38";"29/08/2023 23:45";"29-Aug-23";"Unknown";"Others";0;0;"Michelle Moore";"Lucas Singh";"William Kim";"On Job Training";"Morning";5
"03d084b5-03d6-425a-8e23-e57f4b3b38d6";"Inbound";"Returns";"Reverse Pickup Enquiry";"Thank you";"890b694e-6160-46ae-ab0a-73a3f200c918";"25/07/2023 18:49";"10/08/2023 22:09";"10/08/2023 22:18";"10-Aug-23";"ANGUL";"Electronics";799;0;"Amy Gonzalez";"Logan Lee";"Emily Chen";"61-90";"Evening";5
"03d1ec2b-e660-4509-be86-85366f5ca153";"Inbound";"Returns";"Return request";"He was the best customer executive I have ever talked to!";"";"";"13/08/2023 20:56";"13/08/2023 21:13";"13-Aug-23";"Unknown";"Others";0;0;"Veronica Choi";"Noah Patel";"Michael Lee";"31-60";"Night";5
"03d26370-a24d-463f-8054-58c670b6181a";"Outcall";"Shopzilla Related";"General Enquiry";"";"587972a3-9c45-49a8-b5cc-768ceaf1d9d5";"";"30/08/2023 17:24";"30/08/2023 17:27";"30-Aug-23";"Unknown";"Others";0;0;"Benjamin Lewis";"Nathan Patel";"John Smith";"31-60";"Afternoon";1
"03d295c1-96c0-4174-a536-674afac98574";"Inbound";"Returns";"Reverse Pickup Enquiry";"I am happy";"08a400cb-e4dc-407a-abe5-3a5b9fc99c89";"";"07/08/2023 20:48";"07/08/2023 21:04";"07-Aug-23";"Unknown";"Others";0;0;"Lisa Johnson";"Carter Park";"Jennifer Nguyen";"On Job Training";"Evening";5
"03d2aff6-05e1-4714-b8da-e7536d3675ad";"Inbound";"Product Queries";"Product Specific Information";"";"";"";"16/08/2023 13:04";"16/08/2023 13:07";"16-Aug-23";"Unknown";"Others";0;0;"Pamela Hughes";"Dylan Kim";"Jennifer Nguyen";"On Job Training";"Morning";1
"03d35617-8d84-4b6e-9e7a-db19e4685925";"Inbound";"Returns";"Reverse Pickup Enquiry";"";"16fb8b80-e76c-4957-b62f-5147debb0edb";"25/07/2023 18:15";"11/08/2023 14:00";"11/08/2023 14:03";"11-Aug-23";"WEST DINAJPUR";"Affiliates";157;0;"Melissa Castillo";"Elijah Yamaguchi";"Michael Lee";">90";"Night";4
"03d3cbb2-2fd7-4f2a-a186-284a58727c96";"Inbound";"Returns";"Service Centres Related";"";"d0d837c1-ef47-4280-8292-a370a6c4140f";"";"31/08/2023 10:42";"31/08/2023 17:12";"31-Aug-23";"Unknown";"Others";0;0;"Alexandra Barron";"Austin Johnson";"Jennifer Nguyen";"On Job Training";"Evening";4
"03d4626a-57ba-48b3-95ac-10e1f9fc376e";"Inbound";"Returns";"Reverse Pickup Enquiry";"Product   kar raha hai";"29d8b7fc-7aa3-4c65-a265-1f169c292d91";"";"05/08/2023 11:16";"05/08/2023 11:20";"05-Aug-23";"Unknown";"Others";0;0;"Toni Rodriguez";"Dylan Kim";"Michael Lee";">90";"Morning";5
"03d65f97-1445-4b8d-9382-54f8cc11590b";"Inbound";"Returns";"Missing";"";"572386d5-b50d-4973-be53-303ebecfb523";"";"28/08/2023 12:26";"28/08/2023 00:00";"28-Aug-23";"Unknown";"Others";0;0;"Jason Osborn";"Abigail Suzuki";"William Kim";"On Job Training";"Morning";5
"03d7f13b-3621-4f85-a0cc-d0a55ffc322f";"Inbound";"Refund Related";"Refund Enquiry";"";"5df99b57-d87c-48ee-9678-bb0c63e2ee61";"";"24/08/2023 14:47";"24/08/2023 14:53";"24-Aug-23";"Unknown";"Others";0;0;"Michael Brady";"Layla Taniguchi";"Emily Chen";">90";"Morning";5
"03d8462b-5481-4b42-9784-cb7f41d4e68e";"Inbound";"Returns";"Missing";"";"06e066b6-b08e-4174-afb5-84a40a917557";"07/08/2023 23:16";"11/08/2023 10:18";"11/08/2023 10:21";"11-Aug-23";"BHUBANESWAR";"Electronics";2510;0;"William Carey DVM";"William Park";"John Smith";"61-90";"Evening";5
"03d847b4-9733-4f70-ad51-9f4ab6801a9d";"Email";"Feedback";"UnProfessional Behaviour";"";"4624e3fb-b8a8-43f4-b846-9950d37004e5";"04/08/2023 20:08";"22/08/2023 19:32";"22/08/2023 19:33";"22-Aug-23";"SHAJAPUR";"LifeStyle";294;0;"Margaret Prince";"Carter Park";"Michael Lee";"31-60";"Morning";5
"03d87ff2-f99e-4489-b964-76fe7fc5a31d";"Inbound";"Returns";"Fraudulent User";"";"";"";"16/08/2023 12:27";"16/08/2023 12:49";"16-Aug-23";"Unknown";"Others";0;0;"Dylan Mercer";"Zoe Yamamoto";"William Kim";"On Job Training";"Morning";1
"03d895f6-35f9-4b06-b069-e57213682c2d";"Inbound";"Order Related";"Delayed";"";"52b009d4-3f78-4b37-af95-f0c3c8ea0eec";"03/08/2023 20:40";"07/08/2023 22:06";"08/08/2023 10:40";"08-Aug-23";"KOLKATA";"Books & General merchandise";118;0;"Jamie Knapp";"Isabella Wong";"Emily Chen";">90";"Split";3
"03d9280e-3576-434d-a9fb-06ff7263b0de";"Inbound";"Returns";"Return request";"N";"3328a4c3-06ce-4de0-ba11-f6008133072c";"28/07/2023 22:39";"08/08/2023 15:05";"08/08/2023 15:07";"08-Aug-23";"HISAR";"Electronics";7699;0;"Kimberly Oliver";"Zoe Yamamoto";"William Kim";"On Job Training";"Morning";1
"03d97588-8284-44a3-a343-d834008580e5";"Outcall";"Returns";"Exchange / Replacement";"";"ef590c3c-8614-4917-bc29-ccb53a0fcad0";"";"22/08/2023 23:21";"22/08/2023 23:23";"22-Aug-23";"Unknown";"Others";0;0;"Karen Smith";"Lucas Singh";"John Smith";">90";"Evening";5
"03d9b709-c79c-4362-bb07-d9ff65962944";"Outcall";"Returns";"Reverse Pickup Enquiry";"";"";"";"15/08/2023 22:22";"15/08/2023 22:27";"15-Aug-23";"Unknown";"Others";0;0;"Sarah Thomas";"Logan Lee";"Emily Chen";"61-90";"Evening";5
"03d9cbe2-2324-4183-be40-5c74205ac334";"Inbound";"Order Related";"Delayed";"Telugu matlaade vallu untay";"";"";"13/08/2023 20:19";"13/08/2023 20:22";"13-Aug-23";"Unknown";"Others";0;0;"Joshua Rodriguez";"Jackson Park";"William Kim";"On Job Training";"Evening";5
"03da5b22-dce5-453d-b4d3-ccf9d785cf4b";"Inbound";"Returns";"Reverse Pickup Enquiry";"";"";"";"12/08/2023 16:51";"12/08/2023 17:14";"12-Aug-23";"Unknown";"Others";0;0;"Stacey Stokes";"Elijah Yamaguchi";"Emily Chen";"61-90";"Evening";5
"03da6d8d-0415-427a-b981-47af1db778c3";"Inbound";"Returns";"Reverse Pickup Enquiry";"";"";"";"27/08/2023 13:06";"27/08/2023 13:09";"27-Aug-23";"Unknown";"Others";0;0;"Brandon Leon";"Ethan Tan";"William Kim";"On Job Training";"Morning";4
"03db5d05-c7fd-4173-94ae-ab458ae9f31b";"Inbound";"Feedback";"UnProfessional Behaviour";"Good";"";"";"14/08/2023 17:48";"14/08/2023 18:48";"14-Aug-23";"Unknown";"Others";0;0;"Kristin Adams";"Zoe Yamamoto";"John Smith";"31-60";"Afternoon";5
"03db8a8e-cf45-42c4-a8c7-f233f8e35c16";"Inbound";"Returns";"Return request";"Sarvise my hepy";"7828b4d1-2127-4d8b-ba06-31f49be638b7";"01/08/2023 00:53";"12/08/2023 12:52";"12/08/2023 12:55";"12-Aug-23";"VARANASI";"Electronics";999;0;"David Meza MD";"Olivia Suzuki";"John Smith";"31-60";"Morning";5
"03dbb951-ae42-4617-a808-4dee051c8dc4";"Inbound";"Order Related";"Order status enquiry";"";"48181dba-258c-4362-8160-02185f2a3fd6";"15/08/2023 17:00";"22/08/2023 13:57";"22/08/2023 14:02";"22-Aug-23";"CHHATARPUR";"Books & General merchandise";248;0;"Jeremy Bates";"Carter Park";"Jennifer Nguyen";"On Job Training";"Morning";4
"03dcb706-aa08-4c43-b325-fab08adf7101";"Inbound";"Returns";"Reverse Pickup Enquiry";"";"37dfc122-ce7b-4b03-b787-4619e7927641";"";"26/08/2023 13:43";"26/08/2023 13:55";"26-Aug-23";"Unknown";"Others";0;0;"Carolyn Sullivan";"Brayden Wong";"Michael Lee";">90";"Afternoon";5
"03ddf139-687a-41b7-a3d9-cd1f873a3bca";"Inbound";"Product Queries";"Product Specific Information";"";"";"";"27/08/2023 21:00";"27/08/2023 21:04";"27-Aug-23";"Unknown";"Others";0;0;"Amy Watson";"Lucas Singh";"Jennifer Nguyen";"On Job Training";"Evening";5
"03df1517-aa14-4fca-854e-7f7a134ea258";"Inbound";"Returns";"Reverse Pickup Enquiry";"Make return policies felxible in all cases";"b02510af-ab6b-42c6-8ebc-779909a73008";"";"21/08/2023 19:02";"21/08/2023 19:07";"21-Aug-23";"Unknown";"Others";0;0;"Kelly Carpenter";"William Park";"John Smith";"61-90";"Evening";5
"03dfbbcd-445a-4673-92b3-fbd252b25871";"Inbound";"Shopzilla Related";"Shopzila Premium Related";"Nice";"42d4e180-4d1d-4a41-be50-c862d6c1e49d";"";"17/08/2023 19:24";"17/08/2023 19:28";"17-Aug-23";"Unknown";"Others";0;0;"Ernest Harrington";"Zoe Yamamoto";"Emily Chen";">90";"Afternoon";5
"03e0d6a6-026d-4254-a142-4d73785fe853";"Inbound";"Returns";"Missing";"";"";"";"27/08/2023 17:13";"27/08/2023 17:14";"27-Aug-23";"Unknown";"Others";0;0;"Mark Black";"Sophia Sato";"John Smith";">90";"Afternoon";5
"03e10542-7361-4b16-bf29-c304ff636cb5";"Inbound";"Cancellation";"Not Needed";"";"556c8ab3-740d-484b-9ed9-e34ce95432d8";"26/08/2023 08:33";"31/08/2023 20:38";"31/08/2023 20:48";"31-Aug-23";"SANGAREDDY";"Home";1248;0;"Elizabeth Mills";"Lucas Singh";"John Smith";">90";"Evening";5
"03e29707-e0be-494a-954b-3012cc8463cf";"Inbound";"Returns";"Reverse Pickup Enquiry";"";"2bbad6f5-b8a5-40e8-9525-a8806fc13526";"";"18/08/2023 23:39";"19/08/2023 10:49";"19-Aug-23";"Unknown";"Others";0;0;"Carol Hansen";"Brayden Wong";"Michael Lee";">90";"Afternoon";2
"03e6b4da-aaf3-44a1-b216-c08debd40d57";"Inbound";"Refund Related";"Refund Enquiry";"";"";"";"27/08/2023 18:36";"27/08/2023 18:45";"27-Aug-23";"Unknown";"Others";0;0;"Nathan Allen";"Sophia Chen";"Jennifer Nguyen";"On Job Training";"Evening";5
"03e6d6c4-5779-43f2-8e43-6b98bd57d9d0";"Inbound";"Returns";"Exchange / Replacement";"";"88d61c92-9745-48df-891b-861ff3bb63ef";"";"19/08/2023 16:32";"19/08/2023 22:04";"19-Aug-23";"Unknown";"Others";0;0;"Linda Butler";"Charlotte Suzuki";"Jennifer Nguyen";"On Job Training";"Evening";5
"03e70f98-6595-4bca-b8af-9214d566b041";"Outcall";"Order Related";"Order status enquiry";"Very good conversation";"472097b0-771a-4f46-b7dc-f764801981fc";"";"07/08/2023 17:26";"07/08/2023 17:46";"07-Aug-23";"Unknown";"Others";0;0;"Nicole Miranda";"Charlotte Suzuki";"Olivia Tan";">90";"Morning";5
"03e7f852-f891-4a61-858c-1f968e0d6a85";"Inbound";"Returns";"Reverse Pickup Enquiry";"Support is good.Lets see when they resolved my issueThanks";"85bec0b5-2a80-4bed-9aae-5a92443c1ae9";"";"25/08/2023 20:42";"25/08/2023 20:44";"25-Aug-23";"Unknown";"Others";0;0;"Adam Schwartz";"Alexander Tanaka";"William Kim";"On Job Training";"Evening";5
"03e93284-f68b-4b30-88d9-d6ca38ee89c8";"Inbound";"Order Related";"Delayed";"";"331be44b-6c99-4b1a-9196-cb7ca95b0ba5";"23/08/2023 15:14";"31/08/2023 16:47";"31/08/2023 16:49";"31-Aug-23";"LONGOWAL";"LifeStyle";212;0;"Nancy Baker";"Olivia Wang";"John Smith";">90";"Evening";5
"03e9aaea-55fb-4b4a-9925-c311282fc72e";"Inbound";"Order Related";"Customer Requested Modifications";"Good work men";"";"";"05/08/2023 00:05";"05/08/2023 00:18";"05-Aug-23";"Unknown";"Others";0;0;"Richard Oconnor";"Mia Yamamoto";"Emily Chen";"0-30";"Evening";5
"03ea3d72-e2d5-4db2-b86b-c88cd03b8d5d";"Inbound";"Returns";"Return request";"";"af5f43d6-8c97-4df9-bb4e-665cab5ed028";"";"26/08/2023 13:51";"28/08/2023 00:00";"28-Aug-23";"Unknown";"Others";0;0;"Randy May";"Emily Yamashita";"William Kim";"On Job Training";"Evening";1
"03eaf1e5-e701-4fdf-b967-9fdfa3ea939d";"Inbound";"Order Related";"Order status enquiry";"";"";"";"13/08/2023 16:57";"13/08/2023 17:05";"13-Aug-23";"Unknown";"Others";0;0;"Kimberly Morris";"Carter Park";"Jennifer Nguyen";"On Job Training";"Evening";5
"03ec75bd-74f2-45a5-827f-950c0d4ed8f7";"Inbound";"Feedback";"UnProfessional Behaviour";"Good but I am doing wait something 1month ago for return my product";"";"";"03/08/2023 22:40";"03/08/2023 22:49";"03-Aug-23";"Unknown";"Others";0;0;"Rebecca Graham";"Alexander Tanaka";"Michael Lee";"0-30";"Evening";5
"03ed212b-aed8-4a75-a60f-668cbdd8b2fb";"Inbound";"Shopzilla Related";"General Enquiry";"Best adviser";"9ff9d8c3-dd44-4431-93f1-3d1cbffdc8c8";"";"25/08/2023 17:59";"25/08/2023 18:10";"25-Aug-23";"Unknown";"Others";0;0;"Theresa Moore";"Logan Lee";"Jennifer Nguyen";"On Job Training";"Evening";5
"03ee1aa7-bbfd-44f9-b551-ddeab1131f20";"Outcall";"Product Queries";"Product Specific Information";"";"5d1befd6-002f-4110-bd3e-5c43fdaad528";"";"06/08/2023 09:27";"06/08/2023 10:35";"06-Aug-23";"Unknown";"Others";0;0;"Alyssa Ford";"Carter Park";"Jennifer Nguyen";"On Job Training";"Morning";5
"03eea7d1-8eea-43a1-acd2-ad081f41e1e8";"Inbound";"Returns";"Reverse Pickup Enquiry";"My problem is yet unresolved";"671ab440-6c01-4844-a2d4-1af0df0de913";"";"09/08/2023 10:20";"09/08/2023 11:32";"09-Aug-23";"Unknown";"Others";0;0;"David Meyers";"Isabella Wong";"Emily Chen";">90";"Afternoon";3
"03ef1f42-02ee-4ec0-a1ef-4187c3b5a858";"Inbound";"Payments related";"Online Payment Issues";"????? ??";"5e3c8459-006e-44a3-a10b-e449146463c7";"";"18/08/2023 07:12";"18/08/2023 09:02";"18-Aug-23";"Unknown";"Others";0;0;"Elizabeth Rivera";"Aiden Patel";"John Smith";">90";"Morning";5
"03efc901-32ac-4301-9938-57a577e11cba";"Inbound";"Returns";"Return request";"";"2c8770f4-9c97-4fe5-b82d-349b77863d76";"";"05/08/2023 19:26";"05/08/2023 19:28";"05-Aug-23";"Unknown";"Others";0;0;"Jacqueline Meadows";"Ethan Nakamura";"Emily Chen";"0-30";"Evening";5
"03f08381-aa66-4e3e-a120-176b08784301";"Outcall";"Returns";"Fraudulent User";"";"a2c5cdb6-5448-417f-a13d-a095525d4092";"";"07/08/2023 18:52";"07/08/2023 18:55";"07-Aug-23";"Unknown";"Others";0;0;"Courtney Richardson";"Logan Lee";"Emily Chen";"61-90";"Evening";5
"03f09535-fcc2-4dc3-9023-252e0659ab35";"Inbound";"Order Related";"Unable to track";"";"d5736323-607a-4fa6-88a1-f72b4eea0404";"";"19/08/2023 08:35";"19/08/2023 08:36";"19-Aug-23";"Unknown";"Others";0;0;"Dana Taylor";"Aiden Patel";"John Smith";">90";"Morning";5
"03f32325-7091-4110-967e-e363237ae82a";"Inbound";"Order Related";"Installation/demo";"";"3eb37720-ee3e-4572-a5e4-f35d1f918761";"";"07/08/2023 22:45";"07/08/2023 22:47";"07-Aug-23";"Unknown";"Others";0;0;"Omar Odonnell";"Nathan Patel";"John Smith";">90";"Split";3
"03f3aaf6-85c5-4eb9-af30-7ab7cc7b627d";"Inbound";"Cancellation";"Not Needed";"Food";"b0a0dece-5fda-4c0f-a69c-e6bcde3de8d4";"";"29/08/2023 08:02";"29/08/2023 08:04";"29-Aug-23";"Unknown";"Others";0;0;"Jose Pruitt";"Zoe Yamamoto";"William Kim";"On Job Training";"Morning";5
"03f5aee1-75a4-4956-bb22-f06de58d84ba";"Email";"Returns";"Product related Issues";"";"4fe7f379-e1df-49bf-80b1-c528ca552833";"";"01/08/2023 13:22";"01/08/2023 13:36";"01-Aug-23";"Unknown";"Others";0;0;"Zachary Reyes";"Madison Kim";"John Smith";">90";"Morning";3
"03f5e75f-0ba6-477a-8af9-a5eb4a4fe9d3";"Outcall";"Returns";"Return request";"";"78ea7283-bc38-47ee-9ea2-c79d848b30c5";"05/08/2023 15:44";"11/08/2023 16:30";"11/08/2023 16:33";"11-Aug-23";"JHANSI";"Books & General merchandise";336;0;"Eric Bowen";"Amelia Tanaka";"Michael Lee";"31-60";"Evening";5
"03f641dc-1932-484a-96f5-bfd4adbe5b3e";"Inbound";"Order Related";"Invoice request";"";"9c06a7b5-38ac-40eb-bce0-f1394e23047c";"";"24/08/2023 15:31";"24/08/2023 16:15";"24-Aug-23";"Unknown";"Others";0;0;"Bruce Smith";"Elijah Yamaguchi";"Michael Lee";"61-90";"Afternoon";5
"03f7da31-e62d-411a-80fb-69e1faa131b0";"Outcall";"Returns";"Reverse Pickup Enquiry";"";"7a6a5023-ca90-4543-a389-c4a3a886b61a";"";"21/08/2023 21:09";"21/08/2023 21:10";"21-Aug-23";"Unknown";"Others";0;0;"Jaime Henderson";"Evelyn Kimura";"Jennifer Nguyen";"On Job Training";"Evening";5
"03f863ae-467e-4ef7-a582-94abd820c65d";"Inbound";"Feedback";"UnProfessional Behaviour";"";"";"";"14/08/2023 16:11";"14/08/2023 16:15";"14-Aug-23";"Unknown";"Others";0;0;"Charles Williamson";"Logan Lee";"Emily Chen";"0-30";"Evening";5
"03f9274d-04dd-40c7-b96b-2813385dbdb1";"Inbound";"Shopzilla Related";"General Enquiry";"";"75a1e9c9-b544-4869-96d6-dbfbb109d4de";"";"22/08/2023 19:56";"22/08/2023 19:58";"22-Aug-23";"Unknown";"Others";0;0;"Peter Lawrence";"Dylan Kim";"Olivia Tan";">90";"Morning";5
"03f94bf9-cc95-4ab6-851b-d0edb929d81e";"Inbound";"Order Related";"Installation/demo";"";"17dd5eda-a7ee-43e8-baca-47a5842c7701";"";"07/08/2023 22:13";"07/08/2023 22:20";"07-Aug-23";"Unknown";"Others";0;0;"Samantha Miller";"Brayden Wong";"John Smith";">90";"Evening";5
"03f99937-f60a-4e81-8b4e-7c601ca38d44";"Inbound";"Returns";"Exchange / Replacement";"";"65929e23-e91e-4a64-bd69-a327abe1e711";"";"21/08/2023 20:27";"21/08/2023 20:39";"21-Aug-23";"Unknown";"Others";0;0;"Garrett Parker";"Wyatt Kim";"Michael Lee";">90";"Evening";5
"03f9a22a-d1df-4258-9bb7-4448f04e2742";"Inbound";"Returns";"Reverse Pickup Enquiry";"Good response";"1749967a-d6d8-4b34-a812-0c01af508750";"";"10/08/2023 17:08";"10/08/2023 17:10";"10-Aug-23";"Unknown";"Others";0;0;"Karen Alvarado";"Ava Wong";"William Kim";"On Job Training";"Evening";1
"03faa6ab-c66f-4b7b-9443-503f93511e95";"Inbound";"Returns";"Reverse Pickup Enquiry";"";"751966a5-cadd-475e-82d7-121175f6621c";"";"08/08/2023 06:51";"08/08/2023 07:00";"08-Aug-23";"Unknown";"Others";0;0;"Brett Smith";"Dylan Kim";"Michael Lee";">90";"Morning";5
"03fb6d16-d80e-45ed-b20f-315a923eef1f";"Inbound";"Order Related";"Order status enquiry";"";"db063013-5cfc-45dc-9e7e-0d95135df714";"";"05/08/2023 14:08";"05/08/2023 14:09";"05-Aug-23";"Unknown";"Others";0;0;"Gordon Jones";"Austin Johnson";"Michael Lee";"0-30";"Morning";5
"03fc4751-6c2e-4bac-a173-607e88de0195";"Inbound";"Order Related";"Invoice request";"Good cx support";"";"";"12/08/2023 12:54";"12/08/2023 12:56";"12-Aug-23";"Unknown";"Others";0;0;"Kevin Walsh";"Lily Chen";"Michael Lee";">90";"Morning";5
"03fc7d04-d04c-473a-b918-38cc3a83536a";"Inbound";"Returns";"Reverse Pickup Enquiry";"";"d8428bf5-1139-4b33-b211-05096193d991";"";"23/08/2023 19:49";"23/08/2023 19:51";"23-Aug-23";"Unknown";"Others";0;0;"Lauren Martin";"Mason Gupta";"Jennifer Nguyen";"On Job Training";"Morning";5
"03fcba5c-8ea3-4c14-acf5-bc1c1b36b1c1";"Email";"Returns";"Reverse Pickup Enquiry";"Good";"";"";"15/08/2023 16:09";"15/08/2023 16:12";"15-Aug-23";"Unknown";"Others";0;0;"Juan Moore";"Mason Gupta";"Jennifer Nguyen";"On Job Training";"Morning";5
"03fda133-cea5-49a0-b603-7df82d2a5745";"Inbound";"Order Related";"Invoice request";"";"e2277993-7ba1-41a0-89c2-c508a39d2664";"";"10/08/2023 18:13";"10/08/2023 18:16";"10-Aug-23";"Unknown";"Others";0;0;"Troy Nguyen";"Amelia Tanaka";"Emily Chen";">90";"Morning";5
"03fe4801-29c1-47f2-9205-f6660ea02001";"Outcall";"Payments related";"Payment related Queries";"Thanks";"";"";"03/08/2023 16:20";"03/08/2023 16:21";"03-Aug-23";"Unknown";"Others";0;0;"Todd Floyd";"Ethan Nakamura";"Emily Chen";"0-30";"Evening";4
"03fea866-b40a-4e19-8a8c-5c8e26427896";"Inbound";"Returns";"Reverse Pickup Enquiry";"Rahul";"";"";"27/08/2023 12:38";"27/08/2023 12:39";"27-Aug-23";"Unknown";"Others";0;0;"William Melton";"Jackson Park";"Michael Lee";"31-60";"Evening";5
"03ffc18a-82c3-4153-90b4-616b3f2ea197";"Outcall";"Returns";"Return request";"";"4a539470-fba3-4b0a-9ce0-c7b66bf1e2a9";"";"21/08/2023 13:41";"21/08/2023 13:43";"21-Aug-23";"Unknown";"Others";0;0;"David Williamson";"Carter Park";"Jennifer Nguyen";"On Job Training";"Evening";5
"03fff164-0a58-4942-a24b-37112fefd14e";"Inbound";"Returns";"Reverse Pickup Enquiry";"Thanks for information";"";"";"16/08/2023 10:59";"16/08/2023 11:01";"16-Aug-23";"Unknown";"Others";0;0;"Michael White";"Dylan Kim";"Michael Lee";">90";"Morning";4
"04001808-c209-4d8d-a3ca-7c1a740e9127";"Inbound";"Cancellation";"Not Needed";"";"188334bb-8289-4de2-870c-4b389ad6a42d";"20/08/2023 09:38";"27/08/2023 10:06";"27/08/2023 10:07";"27-Aug-23";"KARIMGANJ";"Electronics";19999;0;"Kathy Decker DVM";"Amelia Tanaka";"Michael Lee";"31-60";"Evening";5
"0400d37f-e802-4671-9fd0-71d77e286dd6";"Email";"Payments related";"Online Payment Issues";"thank you";"4e89d216-3abb-46f2-945a-7547e98fcd5c";"";"30/08/2023 21:14";"30/08/2023 21:24";"30-Aug-23";"Unknown";"Others";0;0;"David Smith";"Nathan Patel";"John Smith";">90";"Split";5
"040133bc-2f32-490d-8d61-b97de8eb9a1e";"Outcall";"Returns";"Fraudulent User";"";"b96ccd76-f8c4-491f-8809-3f461cfbc907";"";"18/08/2023 15:17";"18/08/2023 15:20";"18-Aug-23";"Unknown";"Others";0;0;"Carla Burke";"Amelia Tanaka";"Michael Lee";"31-60";"Evening";5
"04022359-f424-4e53-805f-09927ee94f0d";"Inbound";"Order Related";"Seller Cancelled Order";"";"5cbaa5a3-3098-4400-8334-e6a76f8b559c";"";"22/08/2023 06:09";"22/08/2023 06:31";"22-Aug-23";"Unknown";"Others";0;0;"Raymond Mcgee";"Ava Wong";"Olivia Tan";">90";"Evening";4
"04023278-1673-44d3-845f-5df7df90f28e";"Inbound";"Returns";"Return request";"";"6031bb6a-525a-4faa-966e-172f260f4cc3";"";"09/08/2023 13:50";"09/08/2023 14:03";"09-Aug-23";"Unknown";"Others";0;0;"Victoria Butler";"Abigail Suzuki";"Jennifer Nguyen";"On Job Training";"Morning";5
"04067f60-9ae6-44f8-b16b-d70b238233a8";"Inbound";"Returns";"Reverse Pickup Enquiry";"Thanks ??";"0a941eac-49d4-4d8c-bb26-bc7cf966f3de";"";"18/08/2023 08:34";"18/08/2023 08:35";"18-Aug-23";"Unknown";"Others";0;0;"Stacey Stokes";"Elijah Yamaguchi";"Emily Chen";"61-90";"Evening";5
"0407f3c5-3bf1-42f7-9b58-8e5ec49a1b53";"Inbound";"Returns";"Reverse Pickup Enquiry";"";"e74dbe9a-57d6-4223-bc92-0888c8e91f3d";"";"28/08/2023 09:22";"28/08/2023 00:00";"28-Aug-23";"Unknown";"Others";0;0;"Megan Brown";"Ava Wong";"William Kim";"On Job Training";"Evening";4
"0408414d-1604-4063-8999-698d838bcd4a";"Inbound";"Returns";"Return request";"Okay";"3c7d45d9-a5a9-489c-8122-d811c6f0ea0c";"";"24/08/2023 06:19";"24/08/2023 06:21";"24-Aug-23";"Unknown";"Others";0;0;"Kayla Wilson";"Evelyn Kimura";"John Smith";"0-30";"Morning";4
"040a98cf-c1ae-4dcf-a707-354aa299fb76";"Outcall";"Returns";"Return request";"The last boy has explained properly so much thank u so much";"b39e4904-626d-44df-aba5-c49ebb54889f";"";"29/08/2023 19:36";"29/08/2023 19:44";"29-Aug-23";"Unknown";"Others";0;0;"Kristine Banks";"Mia Patel";"Emily Chen";"0-30";"Evening";5
"040af2c8-3ee4-44f4-af0f-6e886b4fb00d";"Outcall";"Order Related";"Order status enquiry";"Not time to delver";"b1499e26-223c-4e93-9c9b-644c726191aa";"19/08/2023 07:35";"30/08/2023 18:27";"30/08/2023 18:31";"30-Aug-23";"Singrauli";"Books & General merchandise";289;0;"Mary Smith";"Charlotte Suzuki";"Olivia Tan";">90";"Morning";1
"040bdd9b-084a-4cb7-9a7c-c430613e9571";"Inbound";"Product Queries";"Product Specific Information";"";"f09d230a-bf32-4c1c-9739-c59e6c515a99";"";"20/08/2023 16:10";"20/08/2023 16:11";"20-Aug-23";"Unknown";"Others";0;0;"Joshua Mccarthy";"Olivia Suzuki";"John Smith";"31-60";"Morning";4
"040f750c-b9c9-4756-9ce0-04f788814048";"Inbound";"Returns";"Return request";"Good job";"";"";"15/08/2023 09:58";"15/08/2023 10:30";"15-Aug-23";"Unknown";"Others";0;0;"Tammy Mcneil";"Austin Johnson";"Michael Lee";"0-30";"Morning";5
"040f96d8-a0e4-48a7-9eb3-922c883f7b1a";"Outcall";"Returns";"Reverse Pickup Enquiry";"";"03bd89ce-db6e-4e54-9128-ece54b3b4102";"";"19/08/2023 23:30";"19/08/2023 23:33";"19-Aug-23";"Unknown";"Others";0;0;"Gregory Davenport";"Charlotte Suzuki";"Jennifer Nguyen";"On Job Training";"Evening";5
"0410a4ab-9955-4e57-8938-e1d3a2d1ac29";"Inbound";"Order Related";"Delayed";"Very good ??";"697afce8-c0bc-4f0e-a0a7-2df6a7f0f111";"05/08/2023 17:40";"17/08/2023 12:00";"17/08/2023 12:02";"17-Aug-23";"PASCHIMI SINGHBHUM";"Books & General merchandise";166;0;"Terri Nelson";"Sophia Sato";"John Smith";"0-30";"Morning";4
"0410c0b9-4686-419a-8138-f180b5fb458a";"Inbound";"Returns";"Reverse Pickup Enquiry";"";"";"";"16/08/2023 17:36";"16/08/2023 17:40";"16-Aug-23";"Unknown";"Others";0;0;"Linda Butler";"Charlotte Suzuki";"Jennifer Nguyen";"On Job Training";"Evening";5
"0411a340-a0aa-4931-ae18-fdbbfe702b84";"Inbound";"Feedback";"UnProfessional Behaviour";"Apse baat";"a18de4bc-cd3a-4a37-88eb-3b3723f72267";"";"02/08/2023 09:33";"02/08/2023 09:36";"02-Aug-23";"Unknown";"Others";0;0;"Brandy Johnson";"Noah Patel";"Michael Lee";">90";"Morning";5
"0412d404-a75f-4740-af91-d1d42a4281d1";"Outcall";"Order Related";"Order status enquiry";"";"96c95cb2-ab13-4659-ba9d-d571effbf52f";"";"24/08/2023 17:28";"24/08/2023 17:30";"24-Aug-23";"Unknown";"Others";0;0;"Kayla Martin";"Nathan Patel";"Emily Chen";"0-30";"Evening";5
"0412e9c9-dbf4-4d3f-afbe-c1df115d49d4";"Inbound";"Returns";"Return request";"";"5f326106-788a-4baa-9a6d-6e458933066b";"08/08/2023 10:09";"11/08/2023 20:14";"11/08/2023 20:20";"11-Aug-23";"ATRAULI";"Electronics";10200;0;"Eric Miller MD";"Landon Tanaka";"Emily Chen";">90";"Morning";5
"04140088-61a1-4a0d-b186-7cc44f7b12a8";"Inbound";"Order Related";"Installation/demo";"";"8d362164-f963-45e2-b754-272a2dd9e095";"";"31/08/2023 18:00";"31/08/2023 18:20";"31-Aug-23";"Unknown";"Others";0;0;"Sarah Frazier";"Ethan Nakamura";"Jennifer Nguyen";"On Job Training";"Morning";5
"0414b0fe-6e56-42fd-bdc7-502cbe116b23";"Inbound";"Returns";"Return request";"";"09ce8902-b360-44b1-99f3-a0338fdd65cd";"";"05/08/2023 04:06";"05/08/2023 04:09";"05-Aug-23";"Unknown";"Others";0;0;"Kimberly Bryan";"Emily Yamashita";"Michael Lee";"31-60";"Morning";5
"04157767-024c-43be-8bea-7b325a8c00a4";"Inbound";"Order Related";"Order status enquiry";"";"33ff69b2-e3ae-4de7-8448-af94f1610b04";"";"23/08/2023 20:25";"23/08/2023 20:27";"23-Aug-23";"Unknown";"Others";0;0;"Nathan Allen";"Sophia Chen";"Jennifer Nguyen";"On Job Training";"Evening";5
"0415c8c0-eeae-437f-832d-de74f9bd81e0";"Inbound";"Order Related";"Installation/demo";"Good response";"4aad786a-ff96-440a-92c0-e8b36f6f80ba";"";"02/08/2023 20:30";"02/08/2023 20:41";"02-Aug-23";"Unknown";"Others";0;0;"Joshua Webb";"Brayden Wong";"John Smith";">90";"Evening";5
"0415cadf-8b3a-4457-988f-7e5f08c91403";"Inbound";"Offers & Cashback";"Affiliate Offers";"";"62cca5b7-877a-462c-a738-09936bac8c4d";"";"22/08/2023 08:02";"22/08/2023 08:05";"22-Aug-23";"Unknown";"Others";0;0;"Jessica Daugherty";"Emily Yamashita";"John Smith";">90";"Split";5
"0417cd32-21ec-4b47-b81a-56c2a63cac37";"Email";"Returns";"Reverse Pickup Enquiry";"This is first time I requested return and it is a hassle to return a product. Delivery boy said the damaged package can only be returned through app request and customer team is asking to upload image of a product from different angle. Why don't you believe your customers? No one is going to tell a lie for a small thing";"";"";"03/08/2023 20:29";"03/08/2023 20:33";"03-Aug-23";"Unknown";"Others";0;0;"Melissa Robinson";"Elijah Yamaguchi";"Emily Chen";"31-60";"Evening";1
"04184483-db1d-48a3-8de1-562f2727075d";"Inbound";"Order Related";"Order status enquiry";"";"";"";"27/08/2023 13:21";"27/08/2023 13:22";"27-Aug-23";"Unknown";"Others";0;0;"Allison Wheeler";"Emily Yamashita";"John Smith";">90";"Split";5
"04197779-c70a-4751-93cc-bad1d95595f6";"Inbound";"Payments related";"Online Payment Issues";"";"46f789d7-e689-4578-871d-d5174bf4d3fd";"";"26/08/2023 07:18";"26/08/2023 07:20";"26-Aug-23";"Unknown";"Others";0;0;"Luke Brown";"Alexander Tanaka";"Michael Lee";"0-30";"Evening";4
"041987c2-0b1f-4e01-beac-1ae1ec41c4c6";"Inbound";"Feedback";"UnProfessional Behaviour";"";"98cdbcf0-1126-44cf-af28-16011b739d0c";"";"28/08/2023 13:18";"28/08/2023 00:00";"28-Aug-23";"Unknown";"Others";0;0;"Tommy Davies";"Ava Wong";"Olivia Tan";">90";"Evening";5
"0419cb49-2736-445d-825a-5dd7eb9ea2bc";"Inbound";"Order Related";"Delayed";"I AM NOT SATISFIED WITH THE SERVICE PROVIDED BY Shopzilla. MY ORDER IS DELAYED AFTER COMMENTING THE DATE OF DELIVERY WHEN I ORDER THE PRODUCT. TILL NOW I DONE YET RECEIVED THE PRODUCTS.";"49245ab6-ba8e-4e61-9136-32089e25983e";"08/08/2023 16:05";"11/08/2023 15:11";"11/08/2023 15:14";"11-Aug-23";"RAIPUR";"Mobile";15999;0;"Dawn Whitaker";"Austin Johnson";"Michael Lee";"0-30";"Morning";5
"041abffc-cb0a-48ab-8a77-05b4767a852d";"Inbound";"Returns";"Return request";"";"";"";"13/08/2023 15:20";"13/08/2023 15:24";"13-Aug-23";"Unknown";"Others";0;0;"John Mccall";"Isabella Wong";"Emily Chen";">90";"Afternoon";4
"041bbf62-4ac2-466b-894c-af23cb85105e";"Inbound";"Returns";"Product related Issues";"";"b770d205-8a07-41ce-9897-01f4c225a1fe";"";"10/08/2023 13:12";"10/08/2023 13:18";"10-Aug-23";"Unknown";"Others";0;0;"Michael White";"Dylan Kim";"Michael Lee";">90";"Morning";5
"041db1ba-ba51-4a22-865a-f4fcb595e8f1";"Inbound";"Returns";"Reverse Pickup Enquiry";"??? ???? ?? ??? ??? ???? ???? ????";"";"";"27/08/2023 22:55";"27/08/2023 22:57";"27-Aug-23";"Unknown";"Others";0;0;"Michael Miles";"Elijah Yamaguchi";"Michael Lee";"61-90";"Morning";3
"041e7820-75e9-4478-bcc3-6e83e7f71f3d";"Inbound";"Product Queries";"Product Specific Information";"";"";"";"04/08/2023 09:34";"04/08/2023 09:38";"04-Aug-23";"Unknown";"Others";0;0;"James Mcgee";"Madison Kim";"John Smith";">90";"Morning";5
"041ea64c-4609-4fe5-9de4-db96c28db241";"Inbound";"Returns";"Fraudulent User";"";"";"";"04/08/2023 13:49";"04/08/2023 14:13";"04-Aug-23";"Unknown";"Others";0;0;"Joshua Rose";"Landon Tanaka";"Emily Chen";">90";"Morning";4
"041f3af1-22d7-461a-8cf3-76a1bf1b6c49";"Inbound";"Order Related";"Delayed";"";"";"";"27/08/2023 09:31";"27/08/2023 09:34";"27-Aug-23";"Unknown";"Others";0;0;"Shelly Huber";"William Park";"John Smith";"61-90";"Evening";5
"04215663-5d0d-4d3c-9a74-f740dbd6b3fd";"Inbound";"Returns";"Reverse Pickup Enquiry";"";"1a2bda8c-ae5a-474b-9090-ce9a89fbcb01";"";"08/08/2023 09:16";"08/08/2023 09:17";"08-Aug-23";"Unknown";"Others";0;0;"Adrian Richards";"Zoe Yamamoto";"John Smith";">90";"Morning";5
"0421ec32-865f-4c1e-9878-7d37cfb956cb";"Inbound";"Returns";"Return request";"";"44646936-a552-428a-8caf-a33f60d224e3";"";"28/08/2023 20:47";"28/08/2023 00:00";"28-Aug-23";"Unknown";"Others";0;0;"David Smith";"Nathan Patel";"John Smith";">90";"Split";5
"0423344d-38c1-458f-a7dd-e0bdd10f1bdf";"Inbound";"Order Related";"Installation/demo";"Great resolver";"45a23b0d-8ebd-44a4-b60f-bbb86f5aed81";"";"09/08/2023 10:51";"09/08/2023 11:12";"09-Aug-23";"Unknown";"Others";0;0;"Jesse Miller";"Emily Yamashita";"John Smith";">90";"Morning";5
"04234d66-15eb-429e-99a7-b8a8492218e5";"Outcall";"Refund Related";"Refund Enquiry";"";"d7f3a058-89d2-460e-909c-0e7dba55c743";"";"30/08/2023 20:03";"30/08/2023 20:05";"30-Aug-23";"Unknown";"Others";0;0;"John Ramirez";"Brayden Wong";"Jennifer Nguyen";"On Job Training";"Morning";5
"04249cc1-b9c0-4bb8-8bed-8ad87fd88240";"Inbound";"Returns";"Reverse Pickup Enquiry";"";"";"";"27/08/2023 10:23";"27/08/2023 10:30";"27-Aug-23";"Unknown";"Others";0;0;"Dr. Heather Lewis";"Elijah Yamaguchi";"Emily Chen";"61-90";"Evening";4
"0427a981-3c3a-4752-b38f-e19492f6dd00";"Outcall";"Returns";"Return request";"Good";"48f599d4-87b5-4b99-80ac-e6f1d37de216";"";"02/08/2023 17:24";"02/08/2023 17:34";"02-Aug-23";"Unknown";"Others";0;0;"Edward Taylor";"Olivia Wang";"Emily Chen";"31-60";"Evening";5
"04280387-f5b9-48f1-bb44-fa311cd0c309";"Inbound";"Returns";"Damaged";"";"fa863d9d-2ad3-4eef-aae7-2326679ceb8d";"04/08/2023 18:23";"08/08/2023 11:12";"08/08/2023 11:21";"08-Aug-23";"ALLAHABAD";"Mobile";13999;0;"Bobby Rodriguez";"Ethan Tan";"John Smith";">90";"Morning";5
"0429add1-231d-4109-b077-aac92a63ef9b";"Inbound";"Returns";"Reverse Pickup Enquiry";"Very bad service";"f6e1920c-ac24-4e17-b593-98c041b43f80";"";"22/08/2023 19:16";"23/08/2023 07:20";"23-Aug-23";"Unknown";"Others";0;0;"Marcus Lynch";"Lucas Singh";"Jennifer Nguyen";"On Job Training";"Evening";1
"042a5435-fc3d-4a11-b8ea-e56fa1df8297";"Inbound";"Returns";"Return request";"";"ad68c5b6-1623-49b1-9906-2ff338533be3";"";"20/08/2023 18:26";"20/08/2023 19:51";"20-Aug-23";"Unknown";"Others";0;0;"Kelly Singh";"Ava Wong";"William Kim";"On Job Training";"Evening";5
"042b2fbf-6598-4625-abe8-530e6190a0df";"Inbound";"Cancellation";"Not Needed";"";"c7a19fe2-f04e-4ab1-86cb-9c813a856515";"10/08/2023 15:15";"15/08/2023 10:12";"15/08/2023 11:54";"15-Aug-23";"JAMMU";"LifeStyle";874;0;"Marie Acosta";"Mia Patel";"William Kim";"On Job Training";"Evening";1
"042c2479-8644-44a2-bece-9ae2e61198cc";"Inbound";"Product Queries";"Product Specific Information";"";"";"";"04/08/2023 09:02";"04/08/2023 09:41";"04-Aug-23";"Unknown";"Others";0;0;"Kristin Beasley";"Evelyn Kimura";"John Smith";"0-30";"Morning";5
"042cec1d-821f-4c1d-8505-e03e1b5b820c";"Outcall";"Returns";"Reverse Pickup Enquiry";"good";"50aacc90-f981-4506-98f2-f773ad80e28a";"";"19/08/2023 16:03";"19/08/2023 16:10";"19-Aug-23";"Unknown";"Others";0;0;"Rachel Green";"Alexander Tanaka";"Michael Lee";"0-30";"Evening";5
"042daac0-9b13-4762-8f92-af82e82dba03";"Inbound";"Order Related";"Seller Cancelled Order";"Make sure you are onboarding right selllers";"7af01828-adcc-4a1e-b6e7-cd3126208b04";"";"25/08/2023 09:04";"25/08/2023 09:16";"25-Aug-23";"Unknown";"Others";0;0;"Louis Herrera";"Jackson Park";"Jennifer Nguyen";"On Job Training";"Morning";1
"042e92f4-c64d-4c0d-b56a-6f9bc90a22e8";"Outcall";"Returns";"Reverse Pickup Enquiry";"Thanks";"820542bd-819e-465f-80a7-fc65bceb8f70";"";"29/08/2023 23:12";"29/08/2023 23:20";"29-Aug-23";"Unknown";"Others";0;0;"Tracey Malone";"Carter Park";"Michael Lee";">90";"Morning";5
"043112de-bf28-44d8-92ed-b8c66dcb8895";"Outcall";"Order Related";"Order status enquiry";"Nice ?? help";"b6725892-f13f-4135-b80e-e9d0193330c0";"";"30/08/2023 18:14";"30/08/2023 18:26";"30-Aug-23";"Unknown";"Others";0;0;"Erik Williams";"Mia Patel";"Olivia Tan";">90";"Morning";5
"04315e23-84be-4c51-b386-966fbc77f118";"Inbound";"Feedback";"UnProfessional Behaviour";"";"7f683065-4828-41a5-946f-dc2d6efb6faf";"";"08/08/2023 22:55";"09/08/2023 00:30";"09-Aug-23";"Unknown";"Others";0;0;"Jacob Mueller";"Emily Yamashita";"Michael Lee";">90";"Morning";3
"04320368-6262-47ea-b541-54a26dab7793";"Inbound";"Returns";"Reverse Pickup Enquiry";"";"bc94139f-c277-4873-a12c-012b35cef4bd";"";"17/08/2023 20:22";"17/08/2023 20:24";"17-Aug-23";"Unknown";"Others";0;0;"Scott Chang";"Carter Park";"Jennifer Nguyen";"On Job Training";"Morning";4
"0432d2ac-ac5f-4a9c-8197-65bae786a5b9";"Inbound";"Shopzilla Related";"General Enquiry";"Good experience";"";"";"12/08/2023 13:44";"12/08/2023 13:46";"12-Aug-23";"Unknown";"Others";0;0;"Samuel Ramos";"Nathan Patel";"Michael Lee";">90";"Split";4
"0434ba2a-e3b2-4456-aaa9-6188877c7e10";"Inbound";"Order Related";"Delayed";"good";"a2f55421-389c-48e8-acb0-ef9dc8bc2944";"07/08/2023 10:34";"17/08/2023 12:52";"18/08/2023 10:12";"18-Aug-23";"BIHAR SHARIF";"LifeStyle";397;0;"Carol Washington";"Lucas Singh";"John Smith";"31-60";"Evening";5
"04375b98-9c68-45ae-a501-c6e450118b31";"Inbound";"Returns";"Reverse Pickup Enquiry";"";"5b21fdfc-4a8b-4d3b-98a2-e80d70d19532";"04/08/2023 10:34";"17/08/2023 22:01";"18/08/2023 09:09";"18-Aug-23";"PATNA";"LifeStyle";1359;0;"Shannon Reyes";"Ava Wong";"William Kim";"On Job Training";"Evening";5
"0437ec9b-c111-45d4-b13e-2ab806d8d611";"Inbound";"Returns";"Reverse Pickup Enquiry";"I am happy";"c523ce55-5fc7-4901-bbfd-b617efb5c4d3";"";"24/08/2023 10:29";"24/08/2023 10:33";"24-Aug-23";"Unknown";"Others";0;0;"Randy Mullins";"Jackson Park";"Michael Lee";"31-60";"Evening";5
"0438ae31-081f-454b-9744-82cd390b2c84";"Inbound";"Returns";"Reverse Pickup Enquiry";"";"0238987d-2dfb-4709-a0fd-3769a90c29ba";"";"10/08/2023 17:07";"10/08/2023 17:11";"10-Aug-23";"Unknown";"Others";0;0;"Rose Jackson";"Ava Wong";"William Kim";"On Job Training";"Evening";5
"0438f5f7-a5aa-400c-ac95-be4e62af1ccb";"Inbound";"Order Related";"Delayed";"Response Quickly";"133c70f2-8a5f-4c45-aaa3-919ce72b0d6d";"";"20/08/2023 06:59";"20/08/2023 18:11";"20-Aug-23";"Unknown";"Others";0;0;"Ashley Ward";"Carter Park";"Jennifer Nguyen";"On Job Training";"Evening";1
"04395aa2-719f-473f-9089-a062725a1d36";"Inbound";"Feedback";"UnProfessional Behaviour";"";"8c4e6401-65b1-4eb0-aae9-271587c3ee45";"";"25/08/2023 20:30";"26/08/2023 11:22";"26-Aug-23";"Unknown";"Others";0;0;"Joseph Brown";"Brayden Wong";"Olivia Tan";">90";"Morning";5
"043a381d-5d16-4436-aaf8-0cc7fc47773e";"Inbound";"Returns";"Reverse Pickup Enquiry";"";"5f500e43-8d7b-4dfc-969e-39c126e5b9bd";"";"17/08/2023 17:45";"17/08/2023 17:50";"17-Aug-23";"Unknown";"Others";0;0;"Margaret Prince";"Carter Park";"Michael Lee";"31-60";"Morning";5
"043c9153-5ef8-4935-846d-f552bfddc117";"Inbound";"Returns";"Product related Issues";"";"98b2a617-043c-4beb-8149-8907734b10c9";"19/08/2023 00:01";"31/08/2023 19:58";"31/08/2023 20:56";"31-Aug-23";"MEERUT";"Books & General merchandise";539;0;"Debbie Johnson";"Emily Yamashita";"Michael Lee";">90";"Morning";4
"043de3cc-9572-46ce-9700-5244588ddee6";"Outcall";"Returns";"Missing";"";"1cea6c24-ffec-4553-bc26-b765a1443b19";"";"30/08/2023 11:57";"30/08/2023 16:27";"30-Aug-23";"Unknown";"Others";0;0;"Renee Lucas";"Zoe Yamamoto";"John Smith";">90";"Morning";4
"043ede9c-821f-4a7b-9462-32869772e649";"Inbound";"Order Related";"Order status enquiry";"Very nice customer service response";"";"";"12/08/2023 12:26";"12/08/2023 12:33";"12-Aug-23";"Unknown";"Others";0;0;"Adam Barnett";"Abigail Suzuki";"Jennifer Nguyen";"On Job Training";"Morning";5
"043ef1e5-ef97-48b0-a1ca-6c12f9eb351c";"Email";"Returns";"Fraudulent User";"Good";"a38264d9-3a67-496e-a069-afcf749dff1c";"";"31/08/2023 17:55";"31/08/2023 17:55";"31-Aug-23";"Unknown";"Others";0;0;"Joseph Brown";"Brayden Wong";"Olivia Tan";">90";"Morning";5
"043f13a0-a78f-4643-acb0-444ffa21da14";"Inbound";"Refund Related";"Refund Enquiry";"";"";"";"14/08/2023 18:57";"14/08/2023 19:01";"14-Aug-23";"Unknown";"Others";0;0;"Jeffrey Ross";"Isabella Wong";"Emily Chen";">90";"Afternoon";5
"043fc7ae-9ef4-49eb-9d84-efd893583f59";"Outcall";"Returns";"Reverse Pickup Enquiry";"";"cc82a270-8561-4338-9863-d4ab78434c9a";"";"21/08/2023 22:48";"21/08/2023 22:49";"21-Aug-23";"Unknown";"Others";0;0;"Gregory Morales";"Wyatt Kim";"William Kim";"On Job Training";"Morning";5
"043ff6d7-2632-4111-b82a-a02ce4d562c0";"Inbound";"Order Related";"Order status enquiry";"";"9140d85e-b453-408b-a4b5-0745e0b29830";"24/08/2023 18:41";"27/08/2023 09:24";"27/08/2023 09:40";"27-Aug-23";"W26";"Mobile";28999;0;"Sierra Walker DDS";"Emma Park";"Jennifer Nguyen";"On Job Training";"Evening";1
"044069b3-3b62-4e8c-b86d-02712f09ebeb";"Inbound";"Returns";"Fraudulent User";"I am satisfied with Shopzilla";"ff3784b2-3ad6-4eb1-86fb-6ccb16eada52";"";"08/08/2023 16:35";"08/08/2023 16:49";"08-Aug-23";"Unknown";"Others";0;0;"Rebecca Graham";"Alexander Tanaka";"Michael Lee";"0-30";"Evening";5
"04410bc6-f9c6-4b5f-97db-47e0e8bfcc45";"Inbound";"Product Queries";"Product Specific Information";"";"d2b5b080-735b-47f0-8be1-ef8c897a4af1";"";"23/08/2023 19:52";"23/08/2023 19:53";"23-Aug-23";"Unknown";"Others";0;0;"James Blackwell";"Jackson Park";"William Kim";"On Job Training";"Evening";5
"04429573-272a-4496-b0c6-cc309876020a";"Outcall";"Order Related";"Order status enquiry";"She was very sweet n polite wish her all the very best";"59947846-fa91-49dc-a0d9-e99478e9870c";"13/08/2023 13:41";"22/08/2023 09:02";"22/08/2023 09:02";"22-Aug-23";"MUMBAI";"Books & General merchandise";1799;0;"Kayla Wilson";"Evelyn Kimura";"John Smith";"0-30";"Morning";5
"04456e21-985d-4450-917b-d7673c775b92";"Inbound";"Returns";"Return request";"";"4b51bb90-410b-47f5-a1c2-4cae24bbd659";"";"18/08/2023 00:19";"18/08/2023 00:22";"18-Aug-23";"Unknown";"Others";0;0;"David Taylor";"Carter Park";"Michael Lee";">90";"Evening";5
"04471511-f75e-41a1-bcb9-fb62db9cda55";"Outcall";"Feedback";"UnProfessional Behaviour";"Please make sure on delivery agent are misguide us.";"5894ba13-40dc-4692-8695-b4a24dee61c7";"";"07/08/2023 16:32";"07/08/2023 16:32";"07-Aug-23";"Unknown";"Others";0;0;"Wendy Church";"Wyatt Kim";"Michael Lee";"31-60";"Evening";5
"0448c1db-0ce8-4306-817b-f5dbc79caf32";"Inbound";"Returns";"Fraudulent User";"Very good";"d321b080-44ee-4c03-a2ac-fd3eaba6ef1b";"05/08/2023 13:10";"17/08/2023 13:16";"17/08/2023 13:30";"17-Aug-23";"ASANSOL";"LifeStyle";612;0;"Lynn Gross";"Mia Patel";"John Smith";"31-60";"Morning";5
"04490682-7385-488d-9f91-285defbd1aea";"Inbound";"Returns";"Missing";"missing product";"487fda7d-1358-450c-98bf-1a22d7086707";"";"18/08/2023 19:07";"18/08/2023 19:15";"18-Aug-23";"Unknown";"Others";0;0;"Jonathan King";"Nathan Patel";"John Smith";">90";"Split";5
"0449e25a-515b-4abb-a187-fcc552e752c0";"Outcall";"Returns";"Wrong";"nyc to talk with him";"79b4bcfe-2a7a-4a49-9199-b9d22498a529";"29/07/2023 08:05";"02/08/2023 14:19";"02/08/2023 14:20";"02-Aug-23";"JIND";"LifeStyle";205;0;"Melissa West";"William Park";"John Smith";"31-60";"Morning";5
"0449e2a0-b294-431e-a6e1-7a61ceb4f90e";"Outcall";"Order Related";"Order status enquiry";"";"3fcbb63d-a7d9-4b65-98f3-5994490454a5";"";"21/08/2023 16:17";"21/08/2023 16:21";"21-Aug-23";"Unknown";"Others";0;0;"Caleb Allen";"Ava Wong";"William Kim";"On Job Training";"Evening";5
"044c0b96-5df0-4228-a3fd-dcb9c954e97f";"Inbound";"Order Related";"Order status enquiry";"";"047c6d96-ec5a-42f6-8ab1-3451f22a639a";"11/08/2023 14:21";"15/08/2023 13:59";"15/08/2023 14:10";"15-Aug-23";"LUCKNOW";"Electronics";399;0;"Jessica Wright";"Emma Park";"John Smith";">90";"Morning";3
"044c2015-4411-4402-b00d-8ecfcb5ddcdc";"Inbound";"Shopzilla Related";"General Enquiry";"Being a plus member i can't avail the membership benefits.";"4e09f94e-5b4a-4c60-b516-caed66f66749";"";"29/08/2023 13:44";"29/08/2023 14:15";"29-Aug-23";"Unknown";"Others";0;0;"Emily Hernandez";"Zoe Yamamoto";"Emily Chen";">90";"Afternoon";5
"044cc14d-3d77-47c4-b9eb-b6e49c9f018b";"Inbound";"Returns";"Reverse Pickup Enquiry";"";"8122d6c3-48e1-4d7e-bafc-17f152923c0c";"29/07/2023 11:50";"11/08/2023 12:01";"11/08/2023 12:04";"11-Aug-23";"ETAWAH";"Electronics";699;0;"Timothy Henry";"William Park";"John Smith";"31-60";"Morning";5
"044e7fe1-eec1-4d0b-b3bf-696e24e037a9";"Inbound";"Order Related";"Delayed";"";"44ef7dd3-a92d-4240-a4bb-a1d25d07baca";"";"10/08/2023 16:37";"10/08/2023 16:46";"10-Aug-23";"Unknown";"Others";0;0;"Jasmine Reed";"Emily Yamashita";"John Smith";"61-90";"Evening";5
"045006d3-1479-46e9-af27-bd2b6770af10";"Inbound";"Returns";"Reverse Pickup Enquiry";"";"";"";"13/08/2023 15:18";"13/08/2023 15:22";"13-Aug-23";"Unknown";"Others";0;0;"Joshua Valdez";"Elijah Yamaguchi";"Emily Chen";">90";"Morning";5
"0450c3f2-4aa5-47b7-a2b0-435bdef3a23e";"Inbound";"Feedback";"UnProfessional Behaviour";"Very nice";"7c90880b-cf2e-42ad-b901-468b484f27e7";"";"17/08/2023 13:27";"17/08/2023 13:28";"17-Aug-23";"Unknown";"Others";0;0;"Wendy Church";"Wyatt Kim";"Michael Lee";"31-60";"Evening";5
"0450d3fe-1e10-41cc-b7cd-8eeb1e44cc4b";"Inbound";"Refund Related";"Refund Enquiry";"Don't trap people in the name of Shopzilla wallet, just make it easy to transfer money and do other payments for eg:- Bill payments, recharges etc.";"5c3cd5e8-5c60-40a6-a16c-716386d06e6f";"";"17/08/2023 09:12";"17/08/2023 09:27";"17-Aug-23";"Unknown";"Others";0;0;"Brent Palmer";"Jacob Sato";"Jennifer Nguyen";"On Job Training";"Morning";5
"0450e3e6-0091-4f83-bc77-cf020c58c0ee";"Inbound";"Returns";"Reverse Pickup Enquiry";"";"dc1f3afc-6332-453e-a3fa-d2f8fec49d83";"02/08/2023 11:07";"11/08/2023 10:53";"11/08/2023 10:58";"11-Aug-23";"MUMBAI";"Home";295;0;"Devon Daniel";"Olivia Wang";"Olivia Tan";"0-30";"Afternoon";2
"045261b8-661a-49bc-9aeb-a9fa2c2d2a9d";"Inbound";"Order Related";"Order status enquiry";"Delivery on perfect date";"38d5891e-58c3-4ff4-83a2-af1c88e9fae0";"";"25/08/2023 11:42";"25/08/2023 11:43";"25-Aug-23";"Unknown";"Others";0;0;"Xavier Little";"Austin Johnson";"William Kim";"On Job Training";"Morning";5
"045297d5-43a9-4e68-9c3a-cf0d1f9ecb62";"Inbound";"Order Related";"Unable to track";"3 month   mere    mila h filekert company koi solution nhi kr   2 June se 29 Aug   h m ab police companies  kru ga ki company mere   de rhi h or mere kimti time barbad   h";"045fee0a-fee3-482a-ab31-28000146aedd";"02/06/2023 08:27";"29/08/2023 11:12";"29/08/2023 11:12";"29-Aug-23";"JHAJJAR";"LifeStyle";1199;0;"Nicole Hernandez";"Noah Patel";"Michael Lee";"31-60";"Night";1
"0452e00e-61a8-4cb2-8b34-9a12453e954b";"Outcall";"Returns";"Missing";"World's most Pathetic Customer Care";"d6ed679e-4750-4987-9fbd-fc5cf9282ca9";"";"22/08/2023 09:55";"22/08/2023 09:56";"22-Aug-23";"Unknown";"Others";0;0;"Adrian Branch";"Carter Park";"Jennifer Nguyen";"On Job Training";"Morning";1
"045415ff-cdb6-4a5c-abda-7a9b64cd7d8e";"Inbound";"Returns";"Reverse Pickup Enquiry";"She was very good while interaction";"7df204de-3185-41bc-a5f5-5963e6195830";"";"27/08/2023 21:35";"28/08/2023 00:00";"28-Aug-23";"Unknown";"Others";0;0;"Douglas Savage";"Jackson Park";"John Smith";">90";"Morning";5
"04550065-f823-4a9b-b43b-75d63ecc4426";"Inbound";"Returns";"Wrong";"";"c9199774-1d13-4bb6-8e7d-0160b8d9c898";"02/08/2023 09:48";"13/08/2023 15:26";"14/08/2023 19:48";"14-Aug-23";"KOZHIKODE";"Books & General merchandise";999;0;"Mary Johnston";"Zoe Yamamoto";"John Smith";">90";"Afternoon";5
"045541c2-9112-4d91-ad2f-5d949b287818";"Outcall";"Order Related";"Order status enquiry";"Good information";"d44f6c2e-35e9-4b6a-92bd-fd58547c70b4";"27/07/2023 06:12";"02/08/2023 13:54";"02/08/2023 13:54";"02-Aug-23";"GANNAVARAM";"Furniture";3998;0;"Matthew Mendoza MD";"William Park";"John Smith";"61-90";"Evening";5
"04561efe-682c-4e31-a73e-d534accefd24";"Inbound";"Returns";"Service Centres Related";"";"dcb8f359-bbec-47e5-a5b8-16d60dc83ffc";"25/07/2023 17:23";"04/08/2023 16:30";"04/08/2023 17:16";"04-Aug-23";"FAIZABAD";"Mobile";11999;0;"Peter Thomas";"Abigail Suzuki";"Jennifer Nguyen";"On Job Training";"Evening";1
"04572b7e-8913-444c-a29e-da5778edd10e";"Inbound";"Returns";"Reverse Pickup Enquiry";"";"ffc5192b-f7e0-4fa8-a7cb-f75003cff392";"";"18/08/2023 11:54";"18/08/2023 11:58";"18-Aug-23";"Unknown";"Others";0;0;"Matthew Mendoza MD";"William Park";"John Smith";"61-90";"Evening";4
"0457e802-d83e-4ebd-b9d8-7fd4cc97e81f";"Inbound";"Returns";"Reverse Pickup Enquiry";"";"f84652ac-0afe-4b7d-b598-131d6524a222";"04/04/2023 17:33";"01/08/2023 17:09";"01/08/2023 17:27";"01-Aug-23";"UDAIPUR";"LifeStyle";319;0;"Haley White";"Harper Wong";"William Kim";"On Job Training";"Evening";5
"0458280c-1259-42ff-812a-b9fd2c9141f4";"Inbound";"Order Related";"Order status enquiry";"";"";"";"27/08/2023 07:29";"27/08/2023 07:30";"27-Aug-23";"Unknown";"Others";0;0;"Kimberly Rogers";"Scarlett Chen";"John Smith";"0-30";"Morning";5
"0458884d-dd9b-4bfc-b601-19cd1f9b2bbd";"Inbound";"Order Related";"Delayed";"";"6bf752b6-a0ed-4f0a-892e-a3ec21844aa9";"02/08/2023 02:39";"13/08/2023 17:03";"13/08/2023 17:12";"13-Aug-23";"SRINAGAR";"Books & General merchandise";2430;0;"Andrea Peterson";"Nathan Patel";"Michael Lee";">90";"Afternoon";5
"0458b4a9-4cdd-472e-bac9-57d80e588332";"Inbound";"Returns";"Reverse Pickup Enquiry";"";"";"";"14/08/2023 15:29";"14/08/2023 16:56";"14-Aug-23";"Unknown";"Others";0;0;"Bruce Martin";"Zoe Yamamoto";"Emily Chen";">90";"Split";5
"0459d290-0d5a-4fdb-9bc8-efbd14c05a8e";"Outcall";"Cancellation";"Not Needed";"Last one week I am calling, getting same answers but no resolution. Better review your support system";"e1fbccde-2f7e-45e6-8aeb-76d3012c9fda";"02/08/2023 19:25";"14/08/2023 15:07";"14/08/2023 15:16";"14-Aug-23";"PUNE";"Electronics";66990;0;"Philip Harmon";"Emma Park";"John Smith";">90";"Morning";1
"045b0136-655f-4a7b-9468-a95427a90fc8";"Inbound";"Returns";"Return request";"";"";"";"03/08/2023 16:42";"03/08/2023 19:20";"03-Aug-23";"Unknown";"Others";0;0;"Kenneth Murphy";"Carter Park";"Jennifer Nguyen";"On Job Training";"Evening";5
"045b8636-6e38-46fe-845e-ec944b5b84b2";"Inbound";"Returns";"Fraudulent User";"";"200d27d7-8090-4365-9366-c96b2c223bbd";"09/08/2023 10:52";"11/08/2023 21:39";"11/08/2023 21:43";"11-Aug-23";"AURANGABAD";"Books & General merchandise";9;0;"David Butler";"Olivia Wang";"Emily Chen";"31-60";"Evening";5
"045bbbfd-d081-402c-9401-5855941d0893";"Inbound";"Returns";"Reverse Pickup Enquiry";"";"053bda66-af68-4e70-9e31-3992501a0872";"";"19/08/2023 19:27";"19/08/2023 19:36";"19-Aug-23";"Unknown";"Others";0;0;"Richard Ortiz";"Emily Yamashita";"Michael Lee";">90";"Morning";4
"045cef4b-95ec-4f83-9253-9788ad1ccd1a";"Outcall";"Refund Related";"Refund Related Issues";"";"031965a0-5f93-443e-83be-aafa26a50a33";"";"19/08/2023 23:43";"19/08/2023 23:46";"19-Aug-23";"Unknown";"Others";0;0;"Cathy Harris";"Charlotte Suzuki";"William Kim";"On Job Training";"Morning";5
"045f9661-3bca-41f7-ae2f-e14187efe3fc";"Email";"Returns";"Reverse Pickup Enquiry";"Coronation is very good";"8ba4ad78-1f0e-46c3-8397-625752e07891";"18/07/2023 00:40";"03/08/2023 23:00";"03/08/2023 23:02";"03-Aug-23";"THANE";"Electronics";2099;0;"Anita Roberts";"Mia Patel";"Emily Chen";"0-30";"Evening";5
"045fe6dd-fc18-4d24-85ee-f4d55bc9af8e";"Inbound";"Order Related";"Priority delivery";"Good";"e1ba8919-9603-4733-a999-299e3045e738";"";"22/08/2023 21:32";"22/08/2023 21:34";"22-Aug-23";"Unknown";"Others";0;0;"Michael Reilly";"Ethan Nakamura";"Jennifer Nguyen";"On Job Training";"Morning";5
"04613eaa-d192-40a2-9cfc-92a3aa53848c";"Inbound";"Refund Related";"Refund Enquiry";"";"";"";"04/08/2023 21:24";"04/08/2023 21:25";"04-Aug-23";"Unknown";"Others";0;0;"Theresa Wilson";"Emma Park";"John Smith";"31-60";"Afternoon";5
"04620ded-acb0-4e0e-9786-f281e6ce9848";"Inbound";"Order Related";"Invoice request";"";"eb74cee2-1ae2-466d-9a93-2a2dd1f5f09a";"";"07/08/2023 20:27";"07/08/2023 20:30";"07-Aug-23";"Unknown";"Others";0;0;"Micheal Morgan";"Mia Patel";"Emily Chen";"61-90";"Evening";5
"04626e27-f911-4475-9cc1-0f2da04b828d";"Inbound";"Order Related";"Delayed";"Executive was not at all responsive, I have addressed my issue multiple times but she was not responding. I again and again had to ask her if she is there on call and she didnu2019t provide me any information related to my query so at the end I had cut the call because I was frustrated.";"59d4bf53-793b-484f-818a-719fcf841349";"";"07/08/2023 10:28";"07/08/2023 10:39";"07-Aug-23";"Unknown";"Others";0;0;"Ronald Houston";"Ethan Tan";"John Smith";">90";"Morning";1
"0462abbf-7095-4489-b84b-fc54d2634bfd";"Outcall";"Returns";"Reverse Pickup Enquiry";"";"afa8c5ad-343d-42d8-ac96-6e5abe47e334";"";"23/08/2023 20:36";"24/08/2023 16:47";"24-Aug-23";"Unknown";"Others";0;0;"Michael Ruiz";"Madison Kim";"John Smith";">90";"Morning";5
"0462d049-6ab2-4657-b85a-6717862fa6be";"Inbound";"Order Related";"Seller Cancelled Order";"Consumer executive should have better knowledge to solve the problem";"13875bc4-dabb-4182-9479-d2ac547e3fbb";"";"17/08/2023 15:16";"17/08/2023 15:44";"17-Aug-23";"Unknown";"Others";0;0;"Ariana Chavez";"Mason Gupta";"Jennifer Nguyen";"On Job Training";"Morning";1
"0462d068-843d-4064-b31d-4d999a666b2e";"Inbound";"Returns";"Reverse Pickup Enquiry";"";"";"";"15/08/2023 11:58";"15/08/2023 11:58";"15-Aug-23";"Unknown";"Others";0;0;"Chad Daniel";"Scarlett Chen";"John Smith";">90";"Morning";5
"0463cd24-ec18-4357-aba8-d335b63e0181";"Inbound";"Order Related";"Invoice request";"Thank you so much dear Shopzilla";"6e9f6b34-fb0e-4b16-98ea-476890613876";"";"28/08/2023 15:15";"28/08/2023 00:00";"28-Aug-23";"Unknown";"Others";0;0;"Ann English";"Olivia Suzuki";"Olivia Tan";"On Job Training";"Morning";4
"046403fd-474f-4fb6-9ee0-72dfec86b8c2";"Email";"Refund Related";"Refund Related Issues";"Vvv nice";"";"";"14/08/2023 02:09";"14/08/2023 02:09";"14-Aug-23";"Unknown";"Others";0;0;"Willie Flores";"Oliver Nguyen";"John Smith";">90";"Morning";5
"046441d3-98eb-47e7-80fb-05c1c4e50dd2";"Inbound";"Order Related";"Installation/demo";"This support system is totally fraud.";"ca9e8db5-937d-4e77-b018-24e5e474a7a4";"";"29/08/2023 20:41";"30/08/2023 19:50";"30-Aug-23";"Unknown";"Others";0;0;"Lisa Singleton";"Olivia Suzuki";"Jennifer Nguyen";"On Job Training";"Evening";1
"04644fab-8d2c-4201-a69f-1f97e29b7df2";"Inbound";"Refund Related";"Refund Related Issues";"";"53159413-c507-4c5c-895c-dbe9a39e9dfb";"";"10/08/2023 21:40";"10/08/2023 21:48";"10-Aug-23";"Unknown";"Others";0;0;"Brandon Goodwin";"Ethan Tan";"Michael Lee";">90";"Evening";5
"04672e27-29aa-4699-a5dd-c3d82e75d443";"Outcall";"Returns";"Reverse Pickup Enquiry";"";"2101b0a6-43a0-4e6d-a811-6f80190cd6ee";"14/07/2023 14:15";"02/08/2023 07:28";"02/08/2023 12:23";"02-Aug-23";"DIMAPUR";"LifeStyle";299;0;"Melissa West";"William Park";"John Smith";"31-60";"Morning";5
"0467734f-1791-4167-8eaa-6c6b2e746ee6";"Inbound";"Returns";"Reverse Pickup Enquiry";"";"880d258c-b0b0-4640-8eb9-1a483f172530";"";"05/08/2023 15:59";"05/08/2023 16:01";"05-Aug-23";"Unknown";"Others";0;0;"Stephanie Neal";"Layla Taniguchi";"Emily Chen";">90";"Morning";4
"04688ad4-f02b-431b-8b98-338a798ce3c1";"Inbound";"Returns";"Return request";"";"6bc4b13e-a314-4d9e-a2a9-c7a8402a3646";"";"24/08/2023 19:47";"24/08/2023 19:51";"24-Aug-23";"Unknown";"Others";0;0;"Kimberly Medina";"Lily Chen";"Michael Lee";">90";"Morning";5
"0468e7c2-550d-4055-b159-97623488a626";"Inbound";"Returns";"Fraudulent User";"";"97330b57-e7b4-44a5-84c7-8a73a28322d5";"";"23/08/2023 20:15";"23/08/2023 20:22";"23-Aug-23";"Unknown";"Others";0;0;"Joshua Rodriguez";"Jackson Park";"William Kim";"On Job Training";"Evening";5
"04691a7f-ede6-4f6b-9442-2f1c32023f42";"Inbound";"Returns";"Reverse Pickup Enquiry";"";"296bb986-1f37-4afb-a317-a70585f42f30";"10/08/2023 14:27";"13/08/2023 20:39";"17/08/2023 13:16";"17-Aug-23";"BADLAPUR";"LifeStyle";89;0;"Rachel Green";"Alexander Tanaka";"Michael Lee";"0-30";"Evening";5
"04696623-0a5e-4000-93db-bb3b3f456003";"Inbound";"Product Queries";"Product Specific Information";"Very nice customer support and guide";"9708bd45-a479-49cb-9aa7-9847a6066b28";"";"24/08/2023 10:16";"24/08/2023 10:20";"24-Aug-23";"Unknown";"Others";0;0;"Todd Bennett";"Carter Park";"Jennifer Nguyen";"On Job Training";"Evening";5
"04698a7e-2a28-4937-8cc4-8a211bd010eb";"Inbound";"Order Related";"Installation/demo";"She is not tell my name properly";"09bb292b-c760-455f-9ca5-efbfe623ffc4";"";"23/08/2023 14:04";"23/08/2023 14:11";"23-Aug-23";"Unknown";"Others";0;0;"Brianna Wolf";"Mia Patel";"John Smith";">90";"Morning";4
"046a4117-c52a-428f-90ef-4cee6ad6099e";"Inbound";"Order Related";"Delayed";"";"b922b15e-37ad-4581-88dd-87f7b1098f6f";"04/08/2023 21:02";"15/08/2023 12:06";"15/08/2023 20:38";"15-Aug-23";"KARIMNAGAR";"Electronics";1159;0;"Jenna Rivas";"Mia Patel";"John Smith";">90";"Morning";1
"046c62b5-5f64-49a2-aece-47747c8bbf6e";"Inbound";"Payments related";"Wallet related";"Nice behaviour";"63b05ba8-38e1-47d7-b6df-6e7928a0e92c";"";"02/08/2023 07:46";"02/08/2023 08:01";"02-Aug-23";"Unknown";"Others";0;0;"Betty Harris";"Lily Chen";"Michael Lee";">90";"Morning";5
"046ca652-e17a-4c84-a1c6-ffc445273114";"Outcall";"Returns";"Return request";"";"ee702208-0fcf-40a3-8dab-5a2ddafdf1be";"";"30/08/2023 16:56";"30/08/2023 16:57";"30-Aug-23";"Unknown";"Others";0;0;"Mary Esparza";"Elijah Yamaguchi";"Michael Lee";">90";"Night";5
"046d498d-6216-4670-a108-172424cbde80";"Inbound";"Payments related";"Payment related Queries";"Good";"da39f554-6d7e-4c42-b404-5aea006d59ff";"";"08/08/2023 16:43";"08/08/2023 17:04";"08-Aug-23";"Unknown";"Others";0;0;"Carolyn Roberts";"Isabella Wong";"Emily Chen";">90";"Evening";5
"046d8211-81c5-4384-830c-13da9274cf74";"Outcall";"Order Related";"Delayed";"";"0dec7b3f-49eb-41d3-9363-e7270b5ca8de";"";"30/08/2023 20:56";"30/08/2023 21:01";"30-Aug-23";"Unknown";"Others";0;0;"Heather Baker";"Mason Gupta";"Jennifer Nguyen";"On Job Training";"Morning";4
"046e32fc-27d6-4b13-8c30-abe225088f6d";"Inbound";"Order Related";"Order status enquiry";"Executive was very professionally explained as I was worried in the morning it self for my extra charge by delivery agent...but your exceutive explained and managed very well in the morning thank you so much ..muje apka naam pata  ..but Thank you so much for solving my isuue";"";"";"15/08/2023 10:55";"15/08/2023 10:55";"15-Aug-23";"Unknown";"Others";0;0;"Brandy Foley";"Ethan Nakamura";"Emily Chen";"0-30";"Evening";5
"046f13b0-0f02-4903-a503-0c588b80dbe6";"Outcall";"Returns";"Reverse Pickup Enquiry";"";"51fcc0ca-d746-4f01-994d-9cd94c5e3736";"";"20/08/2023 18:41";"21/08/2023 12:25";"21-Aug-23";"Unknown";"Others";0;0;"Chris Davenport";"Brayden Wong";"John Smith";">90";"Evening";5
"046f4714-b958-4e47-90cd-a302e2a889b9";"Inbound";"Refund Related";"Refund Related Issues";"Nothing";"1d7da199-ca60-44c7-befd-bc0c32796d00";"";"07/08/2023 12:19";"07/08/2023 12:23";"07-Aug-23";"Unknown";"Others";0;0;"Ryan Payne";"Scarlett Chen";"John Smith";"0-30";"Morning";5
"04739c90-817f-4cc9-95a6-b63b523a1eaf";"Inbound";"Feedback";"UnProfessional Behaviour";"";"613b3b47-4e71-4eac-ac13-ad0868df7011";"";"30/08/2023 09:16";"30/08/2023 09:22";"30-Aug-23";"Unknown";"Others";0;0;"Zachary Reyes";"Madison Kim";"John Smith";">90";"Morning";1
"04739e72-e2df-48b9-ba05-8f25602ad3f3";"Inbound";"Returns";"Return request";"";"c3344ea8-d28c-4c26-ba86-53c028e97957";"";"17/08/2023 22:00";"17/08/2023 23:31";"17-Aug-23";"Unknown";"Others";0;0;"Robert Lewis";"Logan Lee";"Emily Chen";"61-90";"Evening";5
"0475c8b1-a0b3-4701-bef2-7df239ec9399";"Inbound";"Returns";"Fraudulent User";"Shopzilla service best";"57f615ec-1d8a-4aa7-a925-4e29deb903aa";"";"31/08/2023 13:44";"31/08/2023 14:01";"31-Aug-23";"Unknown";"Others";0;0;"Megan Smith";"Ava Wong";"Olivia Tan";">90";"Morning";5
"0475d1d2-dd60-43ef-9d1f-f24d6bb033bc";"Inbound";"Returns";"Reverse Pickup Enquiry";"";"0c9ec6ce-7e86-4271-a2b3-da04b87bb54d";"";"28/08/2023 18:01";"28/08/2023 00:00";"28-Aug-23";"Unknown";"Others";0;0;"Theresa Moore";"Logan Lee";"Jennifer Nguyen";"On Job Training";"Evening";5
"04766943-0709-4165-b6c1-37521ef864d1";"Inbound";"Returns";"Fraudulent User";"";"";"";"04/08/2023 20:34";"04/08/2023 20:36";"04-Aug-23";"Unknown";"Others";0;0;"Jamie Knapp";"Isabella Wong";"Emily Chen";">90";"Split";5
"0476df5f-15f2-4f73-aac1-246714226611";"Inbound";"Feedback";"UnProfessional Behaviour";"";"8d574981-ced9-4671-a3a8-8143df32b96c";"28/03/2022 15:13";"04/08/2023 13:05";"04/08/2023 13:07";"04-Aug-23";"MUMBAI";"Home Appliences";32898;0;"Kristin King";"Dylan Kim";"Michael Lee";">90";"Morning";1
"0478351b-9d17-4bf4-839b-e88c0d74993e";"Inbound";"Order Related";"General Enquiry";"";"7a257e69-c096-41d2-9609-d738d18c615d";"01/08/2023 18:40";"09/08/2023 20:14";"09/08/2023 20:18";"09-Aug-23";"ANGUL";"Electronics";500;0;"Belinda Fuentes";"Wyatt Kim";"Michael Lee";"61-90";"Afternoon";1
"04798ce4-cb17-4816-a9c1-daa725dac7a6";"Outcall";"Returns";"Return request";"";"8e8bc107-c7fd-4f51-a293-fef2fa145f1e";"";"09/08/2023 15:35";"09/08/2023 15:43";"09-Aug-23";"Unknown";"Others";0;0;"Cole Moore";"Emma Park";"John Smith";"31-60";"Morning";4
"0479cea1-6246-4411-a6df-6d56c3f1387c";"Inbound";"Returns";"Reverse Pickup Enquiry";"All query not satisfied";"a42ae404-3628-442d-98cf-4b9c16f6963a";"21/07/2023 15:52";"03/08/2023 15:35";"03/08/2023 19:06";"03-Aug-23";"MADHUBANI";"Home";1926;0;"Sherry Hunt";"Olivia Suzuki";"John Smith";"31-60";"Morning";1
"0479cf01-d34b-4365-963e-3f626fdf37b8";"Inbound";"Returns";"Fraudulent User";"";"2609447a-a2b5-4eba-9a83-ddb44f181248";"";"26/08/2023 23:37";"26/08/2023 23:38";"26-Aug-23";"Unknown";"Others";0;0;"Olivia Villa";"Mia Yamamoto";"Jennifer Nguyen";"On Job Training";"Morning";5
"047a8b62-70f3-422b-b691-9c2dc439ef90";"Inbound";"Returns";"Return request";"";"c19b2afa-9f23-4172-a5a7-52b690ef87c3";"";"01/08/2023 23:18";"01/08/2023 23:23";"01-Aug-23";"Unknown";"Others";0;0;"Brenda Cox";"Elijah Yamaguchi";"John Smith";"61-90";"Evening";5
"047a934f-5e1f-4835-b468-74727f004492";"Inbound";"Returns";"Technician Visit";"";"bc41f94d-2d83-442d-bda2-b50e233de681";"";"22/08/2023 14:37";"22/08/2023 14:38";"22-Aug-23";"Unknown";"Others";0;0;"Jordan Wilson";"Abigail Suzuki";"Jennifer Nguyen";"On Job Training";"Morning";5
"047b07f4-781c-4974-957e-6f37eac1a2d5";"Inbound";"Cancellation";"Not Needed";"Awesome talking with customer executive";"";"";"13/08/2023 14:00";"13/08/2023 14:03";"13-Aug-23";"Unknown";"Others";0;0;"Adriana Adams";"Sophia Sato";"John Smith";"0-30";"Morning";5
"047b8749-bedd-4bf8-8834-fe9094a3561a";"Inbound";"Payments related";"Wallet related";"Bahut badhiya hai TV";"fe699188-f617-4062-8e12-f8f31cdba21c";"04/08/2023 08:35";"07/08/2023 11:21";"09/08/2023 13:19";"09-Aug-23";"NEW DELHI";"Home Appliences";899;0;"Julie Williams";"Zoe Yamamoto";"William Kim";"On Job Training";"Morning";5
"047c2708-102e-41e0-a03e-d945f7f0d206";"Inbound";"Returns";"Reverse Pickup Enquiry";"???? ???? ???";"08582b89-c6b2-4618-8d00-b0da2ac0b767";"04/08/2023 08:20";"18/08/2023 17:09";"18/08/2023 17:27";"18-Aug-23";"MAU";"Home Appliences";2249;0;"Connor Jackson";"Ethan Tan";"Michael Lee";"31-60";"Evening";5
"047e4d9e-c767-4e5d-be9a-f63e3317697b";"Inbound";"Feedback";"UnProfessional Behaviour";"";"";"";"27/08/2023 10:20";"27/08/2023 10:21";"27-Aug-23";"Unknown";"Others";0;0;"Madison Flores";"Ethan Tan";"Jennifer Nguyen";"On Job Training";"Evening";5
"04801c04-f640-4112-951f-06bd921772e2";"Inbound";"Order Related";"Customer Requested Modifications";"";"3219f9af-ac2d-4c8c-afbc-4a700059b73d";"";"28/08/2023 19:21";"28/08/2023 00:00";"28-Aug-23";"Unknown";"Others";0;0;"Alexander Mata";"Mason Gupta";"Jennifer Nguyen";"On Job Training";"Morning";5
"04812054-b305-4470-a61e-977b6ed2d789";"Outcall";"Returns";"Wrong";"";"203ad573-7e04-4960-b68f-0ed870f3de7e";"";"20/08/2023 18:42";"20/08/2023 18:58";"20-Aug-23";"Unknown";"Others";0;0;"Susan Hendrix";"Carter Park";"William Kim";"On Job Training";"Evening";5
"048166d9-d900-48e6-98d2-3c0d9283b82b";"Inbound";"Returns";"Reverse Pickup Enquiry";"";"";"";"16/08/2023 16:28";"16/08/2023 16:32";"16-Aug-23";"Unknown";"Others";0;0;"Courtney Richardson";"Logan Lee";"Emily Chen";"61-90";"Evening";4
"04829051-f261-4eb6-9f4c-9bcf5148e7d8";"Inbound";"Cancellation";"Not Needed";"";"772ae9e3-46c3-4df5-9a3d-954aa0b018a2";"";"23/08/2023 13:57";"23/08/2023 13:58";"23-Aug-23";"Unknown";"Others";0;0;"Mrs. Heather Williams";"Isabella Wong";"Emily Chen";">90";"Split";5
"0483e50c-19b7-468f-883e-f62f4fca864c";"Inbound";"Refund Related";"Refund Enquiry";"";"69c2b387-ccd8-4c02-a632-3ed05bb22868";"09/08/2023 22:57";"14/08/2023 16:24";"14/08/2023 16:25";"14-Aug-23";"KANPUR";"LifeStyle";678;0;"Megan Preston";"Emily Yamashita";"John Smith";">90";"Split";1
"0483fbcb-fd49-446c-a639-b3865b7690b1";"Inbound";"Shopzilla Related";"General Enquiry";"Very good";"0c9e62d1-8aa8-413e-b84d-e7f2ad06192b";"";"25/08/2023 14:36";"25/08/2023 14:38";"25-Aug-23";"Unknown";"Others";0;0;"Jamie Smith";"Scarlett Chen";"John Smith";"0-30";"Morning";5
"048441b4-bf0e-4741-a16f-9cf1ecc35a4f";"Inbound";"Returns";"Return request";"Best";"e5bed89e-9998-499f-a38f-d4a75007f83f";"";"27/08/2023 23:30";"28/08/2023 00:00";"28-Aug-23";"Unknown";"Others";0;0;"Jorge Ingram";"Elijah Yamaguchi";"Emily Chen";">90";"Split";5
"0484b170-6170-4f6f-8391-2a4fa97c9ed4";"Outcall";"Returns";"Fraudulent User";"";"";"";"16/08/2023 15:22";"16/08/2023 15:23";"16-Aug-23";"Unknown";"Others";0;0;"Jason Glover";"William Park";"John Smith";"61-90";"Evening";5
"048508e7-b62e-4c2d-ac7a-185799ada706";"Outcall";"Returns";"Reverse Pickup Enquiry";"";"eb95366a-c88e-4044-85af-e7b2c2c0571e";"";"24/08/2023 17:37";"24/08/2023 17:40";"24-Aug-23";"Unknown";"Others";0;0;"Michael Olsen";"Brayden Wong";"John Smith";"61-90";"Evening";5
"0486efd2-e582-4f85-8107-8c45c142924f";"Outcall";"Order Related";"Order status enquiry";"";"7abc07a2-dbc5-4fd4-b3ed-2c9ae9c18845";"";"30/08/2023 18:38";"30/08/2023 18:38";"30-Aug-23";"Unknown";"Others";0;0;"Carmen Snow";"Dylan Kim";"Olivia Tan";">90";"Morning";5
"0486fb47-443a-4d4c-a9d1-115d7cc15946";"Outcall";"Order Related";"Order status enquiry";"";"96f2db58-07fa-4175-a48f-25dcfa0a96a4";"";"02/08/2023 17:59";"02/08/2023 18:18";"02-Aug-23";"Unknown";"Others";0;0;"James Chung";"Oliver Nguyen";"John Smith";">90";"Morning";1
"04878a18-4811-443d-9e8f-8ecdbeed1fd3";"Inbound";"Returns";"Missing";"";"c4bbc672-9fd2-4649-841c-6c7af0dadd37";"";"06/08/2023 11:56";"06/08/2023 12:13";"06-Aug-23";"Unknown";"Others";0;0;"Mary Esparza";"Elijah Yamaguchi";"Michael Lee";">90";"Night";3
"04884a17-4343-48d0-9075-c130ffa4eeea";"Inbound";"Returns";"Return request";"";"";"";"13/08/2023 20:01";"13/08/2023 20:02";"13-Aug-23";"Unknown";"Others";0;0;"Anthony Hayes";"Madison Kim";"Emily Chen";">90";"Split";5
"04892f42-d9d4-4fd7-b3e2-b2bb73a906bd";"Inbound";"Returns";"Reverse Pickup Enquiry";"Good";"2cbc6c3f-5cec-4d85-b2df-9d407ed2d490";"13/08/2023 15:42";"25/08/2023 15:27";"25/08/2023 15:28";"25-Aug-23";"DANKAUR";"LifeStyle";4899;0;"Miss Patricia Mack DDS";"Noah Patel";"Emily Chen";">90";"Afternoon";5
"048b553d-8462-4324-bd90-f0b1796ca0cf";"Inbound";"Returns";"Reverse Pickup Enquiry";"from Shopzilla on  . 6th July'23. But the said product was manufacturing defect & i replace the same.On the top of bottle, water are leaking. We are out of station for 15days , when we came & fill with water it has been found same issue. So replacement item was same issue as earlier.Now Return period was over, as a Shopzilla plus member more than 5yrs, i am hereby requesting that please return the defect product & refund my money.Attaching screenshot for your reference.With regards";"60ac2656-59ec-4fdd-8d75-a8402041be09";"";"02/08/2023 15:34";"02/08/2023 15:39";"02-Aug-23";"Unknown";"Others";0;0;"Eric Miller MD";"Landon Tanaka";"Emily Chen";">90";"Morning";1
"048c545b-42e4-4254-8bdd-8966bf60ed49";"Inbound";"Returns";"Reverse Pickup Enquiry";"";"1146645f-1845-4122-8c22-6b332698548b";"";"09/08/2023 07:14";"09/08/2023 13:23";"09-Aug-23";"Unknown";"Others";0;0;"Christine Castro";"Zoe Yamamoto";"John Smith";">90";"Morning";5
"048cf374-f483-461d-b7bf-3ca6fd72c5f7";"Inbound";"Returns";"Fraudulent User";"Satisfied";"4ad011e6-2778-48c6-a292-47b139853267";"";"17/08/2023 23:11";"17/08/2023 23:11";"17-Aug-23";"Unknown";"Others";0;0;"Tina Roberts";"Wyatt Kim";"Michael Lee";"31-60";"Evening";5
"048cf91d-7bcd-4fb1-8519-9a4e9efb60c5";"Inbound";"Cancellation";"Not Needed";"Very good";"47e3fec2-4adb-4a42-ac96-6e07e9e8480b";"24/08/2023 19:10";"26/08/2023 20:16";"26/08/2023 20:23";"26-Aug-23";"Unknown";"LifeStyle";389;0;"Sarah Bennett";"Emma Park";"Olivia Tan";">90";"Morning";5
"048d3803-97a2-4280-a066-02394cbaf351";"Outcall";"Refund Related";"Refund Enquiry";"";"e3520240-f703-483a-8fb0-1f35950b939a";"";"10/08/2023 12:04";"10/08/2023 12:07";"10-Aug-23";"Unknown";"Others";0;0;"Ms. Karen Moore";"Evelyn Kimura";"John Smith";"0-30";"Morning";5
"048d5783-82fb-4e9e-a108-2439459204ef";"Inbound";"Returns";"Reverse Pickup Enquiry";"";"";"";"16/08/2023 14:17";"16/08/2023 14:20";"16-Aug-23";"Unknown";"Others";0;0;"Brianna Wolf";"Mia Patel";"John Smith";">90";"Morning";4
"048d9449-8735-4a84-8709-02a44ec13eee";"Inbound";"Payments related";"Online Payment Issues";"";"273e6532-db89-4b40-8968-e1e5cb3af499";"";"01/08/2023 11:57";"01/08/2023 11:57";"01-Aug-23";"Unknown";"Others";0;0;"Rose Moore";"Madison Kim";"John Smith";">90";"Morning";5
"048db7c4-cf5b-418f-b59f-7e6d3def8364";"Inbound";"Returns";"Wrong";"Very??";"";"";"16/08/2023 18:01";"16/08/2023 18:06";"16-Aug-23";"Unknown";"Others";0;0;"Ariana Chavez";"Mason Gupta";"Jennifer Nguyen";"On Job Training";"Morning";5
"048f25ca-80bb-4191-8d1e-dda217931d36";"Inbound";"Refund Related";"Refund Related Issues";"";"5d7e2002-f614-48b5-b442-300824f8d41f";"";"08/08/2023 13:38";"08/08/2023 13:39";"08-Aug-23";"Unknown";"Others";0;0;"Christina Lewis";"Aiden Patel";"John Smith";">90";"Evening";1
"048f835b-e9aa-412d-a927-eb468fb3546c";"Inbound";"Refund Related";"Refund Related Issues";"";"82dc8403-765e-47e8-b86a-70070c6fba44";"";"06/08/2023 19:12";"06/08/2023 19:17";"06-Aug-23";"Unknown";"Others";0;0;"Debra Brown";"Zoe Yamamoto";"John Smith";">90";"Morning";5
"04903db0-e81e-43c5-928d-73b2a708f14f";"Inbound";"Payments related";"Online Payment Issues";"Awesome...";"";"";"11/08/2023 00:09";"11/08/2023 00:13";"11-Aug-23";"Unknown";"Others";0;0;"Brandy Foley";"Ethan Nakamura";"Emily Chen";"0-30";"Evening";5
"049046cf-55f7-4369-b888-5454991ae411";"Inbound";"Returns";"Reverse Pickup Enquiry";"You have to clear about your policy, I'm purchased a product with return policy but after delivery I'm not able to return this is not fair";"93058f23-7ff6-4efc-b8c9-1fd9e39b44cf";"02/08/2023 20:23";"07/08/2023 09:24";"07/08/2023 09:27";"07-Aug-23";"JASPUR";"Electronics";1199;0;"Rebecca Martin";"Mason Gupta";"Jennifer Nguyen";"On Job Training";"Morning";3
"0490ca3c-447b-4100-9b8a-36dd83e6ca16";"Inbound";"Returns";"Reverse Pickup Enquiry";"";"b3f1513e-e160-4b62-ba14-9ee534c9eff3";"16/07/2023 10:44";"12/08/2023 22:11";"12/08/2023 22:14";"12-Aug-23";"JHANSI";"Electronics";1399;0;"Connor Jackson";"Ethan Tan";"Michael Lee";"31-60";"Evening";5
"0491379f-71bd-4032-8464-055cd0edfd4f";"Inbound";"Cancellation";"Not Needed";"Nyc";"";"";"27/08/2023 11:49";"27/08/2023 11:51";"27-Aug-23";"Unknown";"Others";0;0;"Steven Buckley";"Carter Park";"Jennifer Nguyen";"On Job Training";"Evening";5
"049153a3-b87b-4bf5-9b0d-b3b77c558d05";"Outcall";"Order Related";"Invoice request";"";"de1ea53a-da41-4643-b7a2-36e350d69eae";"";"21/08/2023 11:09";"21/08/2023 20:18";"21-Aug-23";"Unknown";"Others";0;0;"Peter Lawrence";"Dylan Kim";"Olivia Tan";">90";"Morning";5
"0491dbe3-159f-4e13-b817-0be6993af5b9";"Inbound";"Feedback";"UnProfessional Behaviour";"Thanks for your response ma,am ??";"";"";"27/08/2023 17:49";"27/08/2023 17:56";"27-Aug-23";"Unknown";"Others";0;0;"Louis Herrera";"Jackson Park";"Jennifer Nguyen";"On Job Training";"Morning";5
"0491f8ea-761d-49e8-be00-b39db6232e1b";"Inbound";"Refund Related";"Refund Enquiry";"Different product";"19813779-9cfe-4f75-9b18-ce47b35a2fc5";"";"10/08/2023 00:57";"10/08/2023 01:05";"10-Aug-23";"Unknown";"Others";0;0;"Carla Morgan";"Nathan Patel";"Emily Chen";"0-30";"Evening";5
"0492374e-cbcc-416b-9816-7e0ff343ac39";"Inbound";"Shopzilla Related";"Shopzilla Rewards";"";"";"";"15/08/2023 20:48";"15/08/2023 20:52";"15-Aug-23";"Unknown";"Others";0;0;"Brian Mcguire";"Elijah Yamaguchi";"Emily Chen";">90";"Morning";5
"0492cae7-89be-4e8e-b23e-e0d32282f2a3";"Outcall";"Returns";"Reverse Pickup Enquiry";"";"";"";"04/08/2023 10:18";"04/08/2023 10:21";"04-Aug-23";"Unknown";"Others";0;0;"Hunter Hoffman";"Brayden Wong";"John Smith";">90";"Morning";5
"04945c98-33d9-4a43-bf83-f83e9fe19642";"Outcall";"Returns";"Return request";"Please deliver the correct product that we have ordered for";"8ccef89b-8d8b-4354-890f-b7123c13b7a8";"";"30/08/2023 23:35";"30/08/2023 23:41";"30-Aug-23";"Unknown";"Others";0;0;"Christian Armstrong";"Wyatt Kim";"Michael Lee";">90";"Evening";5
"0494c866-a99e-40da-ae91-197ec00088a8";"Outcall";"Returns";"Exchange / Replacement";"";"";"";"13/08/2023 01:24";"13/08/2023 01:25";"13-Aug-23";"Unknown";"Others";0;0;"William Melton";"Jackson Park";"Michael Lee";"31-60";"Evening";5
"0495b272-fc77-4498-987f-ec120b454cf4";"Inbound";"Returns";"Reverse Pickup Enquiry";"";"";"";"16/08/2023 20:29";"16/08/2023 20:30";"16-Aug-23";"Unknown";"Others";0;0;"Joshua Watson";"Noah Patel";"Emily Chen";">90";"Split";4
"0495c1fa-adb6-400c-8ed2-f9ada6431f0d";"Inbound";"Payments related";"Payment related Queries";"poor service";"";"";"11/08/2023 13:58";"11/08/2023 13:59";"11-Aug-23";"Unknown";"Others";0;0;"Ashley Rush";"Nathan Patel";"Michael Lee";">90";"Afternoon";1
"0497b62a-d0e6-4278-b4ec-882b60698321";"Inbound";"Feedback";"UnProfessional Behaviour";"good to talk with you";"8dcde816-9bec-400b-b8e4-3ba868ef8665";"";"24/08/2023 13:25";"24/08/2023 13:27";"24-Aug-23";"Unknown";"Others";0;0;"Steven Murillo";"Carter Park";"Jennifer Nguyen";"On Job Training";"Morning";5
"0498a9b7-a4c5-4a5a-b847-b2e1bc50ffe7";"Inbound";"Payments related";"PayLater related";"";"";"";"04/08/2023 17:22";"04/08/2023 21:16";"04-Aug-23";"Unknown";"Others";0;0;"Elizabeth Lopez";"Mia Patel";"Emily Chen";">90";"Evening";5
"0499810a-3233-45d5-9b91-b964276f65ba";"Inbound";"Feedback";"UnProfessional Behaviour";"";"";"";"14/08/2023 17:41";"14/08/2023 18:00";"14-Aug-23";"Unknown";"Others";0;0;"Tonya Watts";"Aiden Patel";"Olivia Tan";"On Job Training";"Evening";5
"049b4cd6-86f1-41a0-927b-a30c9c8eb86b";"Inbound";"Order Related";"Installation/demo";"";"70237ab6-48a0-4100-a18f-f2530cb9f023";"";"30/08/2023 10:28";"30/08/2023 11:15";"30-Aug-23";"Unknown";"Others";0;0;"Taylor Nelson";"Zoe Yamamoto";"Emily Chen";">90";"Afternoon";5
"049b56c7-4f7b-4755-b966-4a1bd9499b1a";"Outcall";"Returns";"Return request";"";"d456f669-3642-4f20-8ca7-42ce8707e734";"";"25/08/2023 18:21";"25/08/2023 18:23";"25-Aug-23";"Unknown";"Others";0;0;"Erik Williams";"Mia Patel";"Olivia Tan";">90";"Morning";5
"049ba779-32b6-480f-b812-8a61e6f8563e";"Inbound";"Refund Related";"Refund Related Issues";"";"b6123222-04ca-4931-a47b-a52a417367ee";"";"17/08/2023 08:42";"17/08/2023 08:45";"17-Aug-23";"Unknown";"Others";0;0;"Melanie Cortez";"Mason Gupta";"Jennifer Nguyen";"On Job Training";"Morning";5
"049ba7ce-06d8-4ffd-9820-a75a3299229f";"Outcall";"Returns";"Reverse Pickup Enquiry";"";"b517f735-0ef3-4f5f-82eb-2ba25fc69974";"";"02/08/2023 09:28";"02/08/2023 19:55";"02-Aug-23";"Unknown";"Others";0;0;"Sharon Bullock";"Scarlett Chen";"John Smith";"0-30";"Morning";1
"049c266f-fd97-4bf5-a3fc-e7b004d97a58";"Inbound";"Product Queries";"Product Specific Information";"";"9602daab-1dff-4fb5-8a7b-24c4a7e192b6";"";"17/08/2023 15:14";"17/08/2023 15:18";"17-Aug-23";"Unknown";"Others";0;0;"Michelle Williams";"Mason Gupta";"Jennifer Nguyen";"On Job Training";"Morning";1
"049c5c7b-3bd4-4d93-88f6-43bc879a076b";"Inbound";"Order Related";"Order status enquiry";"";"e9540084-15d3-4aac-85db-10415d9841b2";"";"05/08/2023 20:54";"05/08/2023 21:06";"05-Aug-23";"Unknown";"Others";0;0;"Julie Hart";"Nathan Patel";"Jennifer Nguyen";"On Job Training";"Evening";5
"049cd3db-e45c-4219-8bd2-2a3ab014e100";"Inbound";"Shopzilla Related";"Account updation";"";"";"";"04/08/2023 22:21";"04/08/2023 22:24";"04-Aug-23";"Unknown";"Others";0;0;"Joshua Day";"Emily Yamashita";"Olivia Tan";">90";"Morning";5
"049ce8e9-140c-4f0b-b201-593a1d380c1a";"Inbound";"Returns";"Reverse Pickup Enquiry";"??";"9e7643dd-1469-4706-ad13-7ed5ea8f3c61";"";"19/08/2023 20:17";"19/08/2023 20:36";"19-Aug-23";"Unknown";"Others";0;0;"David Rojas";"Olivia Suzuki";"Jennifer Nguyen";"On Job Training";"Evening";5
"049d126d-2158-4c2f-b4c3-ea600242c9ec";"Outcall";"Returns";"Reverse Pickup Enquiry";"";"d2808438-7b78-4aa5-8efb-efe7898cc40c";"";"25/08/2023 22:06";"25/08/2023 22:14";"25-Aug-23";"Unknown";"Others";0;0;"Debra Brown";"Zoe Yamamoto";"John Smith";">90";"Morning";5
"049ebc78-0566-4cbb-b09e-998e91ab96bf";"Inbound";"Returns";"Return request";"";"d8cd2b23-6106-4a99-a1a3-58bcc70ea399";"06/08/2023 09:41";"18/08/2023 09:49";"18/08/2023 10:01";"18-Aug-23";"DURGAPUR";"Electronics";1199;0;"John Jones";"Aiden Patel";"John Smith";">90";"Morning";4
"049f0be7-f89b-44c2-84f1-c8d3879be73e";"Inbound";"Returns";"Return request";"was very good but my problems related query not confirmation to solve";"fe98872e-15e4-4abd-8915-706a8b75d59e";"";"05/08/2023 22:45";"06/08/2023 07:36";"06-Aug-23";"Unknown";"Others";0;0;"Gina Richards";"Logan Lee";"Emily Chen";"61-90";"Evening";4
"04a09e5a-e7b1-4529-b727-de3933b0ab02";"Inbound";"Returns";"Reverse Pickup Enquiry";"";"68f2b860-20b6-4ac1-a91f-9003354cd451";"";"21/08/2023 11:10";"21/08/2023 12:10";"21-Aug-23";"Unknown";"Others";0;0;"Scott Shaffer";"Charlotte Suzuki";"William Kim";"On Job Training";"Morning";5
"04a1335b-315d-4cd9-aa9b-86fd387f7488";"Inbound";"Order Related";"Order status enquiry";"";"";"";"14/08/2023 23:39";"15/08/2023 00:45";"15-Aug-23";"Unknown";"Others";0;0;"Joseph Brown";"Brayden Wong";"Olivia Tan";">90";"Morning";5
"04a179f0-010a-4237-9001-94d8c2cc7c19";"Outcall";"Refund Related";"Refund Related Issues";"Keep the faith alive.";"";"";"02/08/2023 20:46";"03/08/2023 04:33";"03-Aug-23";"Unknown";"Others";0;0;"David Smith";"Nathan Patel";"John Smith";">90";"Split";5
"04a2b3e7-a026-49a7-9bdf-93ab23aa1bb2";"Inbound";"Refund Related";"Refund Related Issues";"Please resolve my issue fast";"0ea1b037-8433-45c7-ac45-f6ca709b4f9a";"18/09/2022 23:45";"08/08/2023 12:38";"08/08/2023 12:44";"08-Aug-23";"KOZHIKODE";"Electronics";35890;0;"Paula Castillo";"Landon Tanaka";"Emily Chen";"61-90";"Morning";4
"04a390b0-976d-4175-8e47-e6e786e9fc1d";"Outcall";"Product Queries";"Product Specific Information";"Needed facilities to view Insurance processes of products";"";"";"13/08/2023 22:55";"13/08/2023 23:04";"13-Aug-23";"Unknown";"Others";0;0;"Christine Myers";"Olivia Wang";"Emily Chen";"31-60";"Evening";4
"04a5eac6-b702-4066-8265-061b2feaab3c";"Inbound";"Returns";"Return request";"";"e0a7d469-2475-4752-a032-c02c5fdd6503";"";"01/08/2023 19:41";"01/08/2023 20:55";"01-Aug-23";"Unknown";"Others";0;0;"Edward Hawkins";"Nathan Patel";"Emily Chen";">90";"Evening";5
"04a63080-abfc-4cc0-98a2-4f4d603f7f22";"Inbound";"Returns";"Reverse Pickup Enquiry";"Very poor quality";"424d5db3-3f26-4f46-8226-b2c0847f86f3";"";"17/08/2023 13:55";"17/08/2023 22:38";"17-Aug-23";"Unknown";"Others";0;0;"Carolyn Reese";"Madison Kim";"Michael Lee";"31-60";"Evening";1
"04a630fc-507d-41b4-9cea-f65dee52077e";"Inbound";"Returns";"Return request";"";"30131d52-8902-4eca-b35c-ca3105b8ec8f";"";"06/08/2023 15:33";"06/08/2023 16:01";"06-Aug-23";"Unknown";"Others";0;0;"Monique Andersen";"Landon Tanaka";"Emily Chen";">90";"Split";4
"04a73749-8f8b-4357-8f94-15422be8f65b";"Inbound";"Returns";"Wrong";"";"be148541-0e30-4554-b43c-5fca80af4c6b";"";"09/08/2023 23:33";"09/08/2023 23:41";"09-Aug-23";"Unknown";"Others";0;0;"Joshua Foster";"Jackson Park";"Michael Lee";"31-60";"Evening";4
"04a7a57c-3feb-4543-a0ce-117c3c21bbde";"Inbound";"Order Related";"Order status enquiry";"HiHappy";"327c8106-80a2-435d-91e7-ae970ee5c063";"";"01/08/2023 17:26";"01/08/2023 17:30";"01-Aug-23";"Unknown";"Others";0;0;"Samuel Hanson";"Alexander Tanaka";"Michael Lee";"0-30";"Evening";5
"04a832fa-6aca-4978-95fc-7419259cd4e3";"Inbound";"Returns";"Reverse Pickup Enquiry";"Good";"be4dcfcd-7252-4c7d-83a6-896b322e2708";"";"09/08/2023 12:24";"09/08/2023 12:30";"09-Aug-23";"Unknown";"Others";0;0;"Paul Roach";"Abigail Suzuki";"Jennifer Nguyen";"On Job Training";"Evening";1
"04a92ef3-c3cf-4774-bf8f-a01e8902563c";"Outcall";"Feedback";"UnProfessional Behaviour";"Good";"05c5774e-1df8-4686-9292-e1e51e72187b";"";"06/08/2023 15:19";"06/08/2023 15:23";"06-Aug-23";"Unknown";"Others";0;0;"Timothy Fernandez";"Madison Kim";"John Smith";"31-60";"Morning";5
"04aa1a3a-46bf-44e6-b038-8e568a5de626";"Inbound";"Returns";"Wrong";"";"ba009350-36f5-4633-b98f-91b2cdeb5330";"";"26/08/2023 10:45";"26/08/2023 10:57";"26-Aug-23";"Unknown";"Others";0;0;"Joshua Foster";"Jackson Park";"Michael Lee";"31-60";"Evening";5
"04aac4fd-28ee-4552-ab96-6a3d161ce16d";"Inbound";"Returns";"Reverse Pickup Enquiry";"";"6c54a937-b3d8-4507-80e1-abbb78a98ac7";"";"06/08/2023 12:57";"06/08/2023 13:35";"06-Aug-23";"Unknown";"Others";0;0;"Patricia Moore";"Brayden Wong";"John Smith";">90";"Morning";1
"04aaf036-fbb7-4e18-aef4-24a45cbdc907";"Inbound";"Returns";"Reverse Pickup Enquiry";"";"2ac9560c-6c2a-4421-9e33-8c24d3606447";"";"18/08/2023 07:54";"18/08/2023 07:55";"18-Aug-23";"Unknown";"Others";0;0;"Casey Page";"Emily Yamashita";"Michael Lee";">90";"Morning";4
"04ab1e3c-5bd5-4a56-b38b-dce9d5fc1434";"Inbound";"Returns";"Reverse Pickup Enquiry";"";"";"";"16/08/2023 10:28";"16/08/2023 10:30";"16-Aug-23";"Unknown";"Others";0;0;"Nathan Wilson";"Mia Patel";"John Smith";">90";"Morning";5
"04ab2ba9-30ba-4601-b53c-764d50fde48d";"Outcall";"Order Related";"Seller Cancelled Order";"I cancelled the order and I waited for refund, but today I received a parcel from a parcel service and I i dont know that it was from Shopzilla. But now it is showing as my parcel delivered";"8755356a-bc48-4fcf-bb46-b1c3618a4e6c";"";"22/08/2023 20:25";"23/08/2023 15:19";"23-Aug-23";"Unknown";"Others";0;0;"Dylan Day";"Brayden Wong";"John Smith";"61-90";"Evening";1
"04ac218f-6419-4738-b66f-246c897c9b34";"Inbound";"Returns";"Reverse Pickup Enquiry";"";"2b7eb530-5505-4ec0-98d3-a675e1cdc60b";"";"29/08/2023 12:13";"29/08/2023 12:15";"29-Aug-23";"Unknown";"Others";0;0;"Edward Taylor";"Olivia Wang";"Emily Chen";"31-60";"Evening";5
"04ac505d-e137-4093-86df-635d1302c03c";"Email";"Order Related";"Delayed";"";"bc7cf509-37ff-4ed1-a98e-412150d4e6fa";"";"22/08/2023 09:16";"22/08/2023 15:45";"22-Aug-23";"Unknown";"Others";0;0;"Katherine Walker";"Olivia Wang";"Emily Chen";"31-60";"Evening";1
"04aca866-8df0-4ead-8be5-2d4c93bebb6b";"Inbound";"Order Related";"Order status enquiry";"";"c2af7823-7a11-4e14-8abf-4197aaefd3c6";"";"07/08/2023 19:45";"07/08/2023 19:46";"07-Aug-23";"Unknown";"Others";0;0;"Benjamin Taylor";"Mia Patel";"Emily Chen";"0-30";"Evening";4
"04ad602c-5c6c-475d-b2cb-8e7619fd5d00";"Email";"Order Related";"Delayed";"Try to deliver products on time...";"dd25614d-6985-4d68-a601-e13a7d43777d";"";"30/08/2023 18:15";"30/08/2023 18:17";"30-Aug-23";"Unknown";"Others";0;0;"Megan Bartlett";"Carter Park";"Michael Lee";">90";"Evening";4
"04ad7a22-92c0-4d6c-8342-ce4550df8fb0";"Inbound";"Returns";"Return request";"";"8f2d1ebf-80ae-4107-b32b-a80d0f81de4c";"08/08/2023 09:33";"13/08/2023 21:18";"14/08/2023 10:57";"14-Aug-23";"BELLAMPALLI";"LifeStyle";2326;0;"Daniel Duncan";"Emily Yamashita";"Michael Lee";">90";"Morning";5
"04aee3b8-8205-4b13-a886-f54ca60bdf74";"Inbound";"Returns";"Return request";"";"22424e2f-d109-45d8-9f72-a6ac4f6beb56";"09/08/2023 06:07";"17/08/2023 18:11";"17/08/2023 19:21";"17-Aug-23";"GOPALGANJ";"Electronics";2499;0;"Jennifer Jones";"Lucas Singh";"Jennifer Nguyen";"On Job Training";"Evening";2
"04aef0ac-f2d4-454a-8a71-7a4370aee6ec";"Inbound";"Returns";"Wrong";"";"49111678-b258-4bf9-8d19-0932821590f9";"22/07/2023 23:24";"09/08/2023 22:58";"09/08/2023 23:00";"09-Aug-23";"AMRELI";"Electronics";15900;0;"Elizabeth Macias";"Lily Chen";"Michael Lee";">90";"Evening";5
"04af6bbe-0d17-4a09-b73a-078c6664c4d1";"Inbound";"Returns";"Return request";"";"39781950-9dc8-4368-814f-6bdb0f2bf03e";"";"09/08/2023 23:53";"09/08/2023 23:56";"09-Aug-23";"Unknown";"Others";0;0;"Kristen Walker";"Madison Kim";"Emily Chen";">90";"Split";5
"04af9810-3bb7-460b-b80e-398ee593fa61";"Inbound";"Order Related";"Delayed";"";"3b92c6c4-2e93-430f-9c38-165e6d9f74cf";"";"01/08/2023 18:19";"01/08/2023 18:19";"01-Aug-23";"Unknown";"Others";0;0;"Robert Elliott";"Jackson Park";"Michael Lee";"31-60";"Evening";1
"04b123b1-0b8c-4998-a005-afc2675f17ed";"Outcall";"Product Queries";"Product Specific Information";"";"6a224ca6-71ea-49c8-ba32-2b5c6cc95d24";"";"31/08/2023 08:44";"31/08/2023 09:28";"31-Aug-23";"Unknown";"Others";0;0;"Michael Davis";"Evelyn Kimura";"Jennifer Nguyen";"On Job Training";"Evening";5
"04b27c92-61bb-40c1-8c22-4ddaa989c918";"Inbound";"Returns";"Wrong";"Voice was not clear";"27631df5-69be-4cc5-b3d5-e6dc0041bc55";"";"20/08/2023 09:06";"20/08/2023 09:10";"20-Aug-23";"Unknown";"Others";0;0;"Janet Maxwell";"Landon Tanaka";"John Smith";">90";"Split";1
"04b359f8-ba5d-439c-b32a-f852ea26779c";"Inbound";"Returns";"Reverse Pickup Enquiry";"Nice to talk to her very cooperative";"62d679a3-fcc8-479c-adbe-86f4dad5dbfb";"";"05/08/2023 20:52";"05/08/2023 20:55";"05-Aug-23";"Unknown";"Others";0;0;"Elizabeth Mills";"Lucas Singh";"John Smith";">90";"Evening";5
"04b468b4-704e-4509-b0d0-a0dcd36bd899";"Inbound";"Order Related";"Delayed";"Very good";"5325d96c-777c-46ad-a4e8-fe2407e77f27";"19/08/2023 13:39";"30/08/2023 10:58";"30/08/2023 10:59";"30-Aug-23";"CACHAR";"Home";216;0;"Kevin Cook";"Mia Patel";"John Smith";">90";"Morning";5
"04b5632e-d370-41c8-be3e-d116f526bb89";"Inbound";"Returns";"Reverse Pickup Enquiry";"";"";"";"15/08/2023 10:26";"15/08/2023 10:28";"15-Aug-23";"Unknown";"Others";0;0;"Phillip Mccoy";"Lily Chen";"Michael Lee";">90";"Morning";1
"04b67baf-100b-42cc-aa98-0f737d215563";"Inbound";"Order Related";"General Enquiry";"";"ce39a9a9-b50e-408b-941e-ceb56c867f99";"";"24/08/2023 15:35";"24/08/2023 15:38";"24-Aug-23";"Unknown";"Others";0;0;"Alan Davies";"Ava Wong";"William Kim";"On Job Training";"Evening";5
"04b7c27e-f9e1-4057-90c8-4f17fbde5ffd";"Outcall";"Returns";"Return request";"Very good";"f9438985-99b1-4929-a589-3444fd80e93c";"";"29/08/2023 11:20";"29/08/2023 11:45";"29-Aug-23";"Unknown";"Others";0;0;"Brittany Nunez";"Emily Yamashita";"John Smith";"61-90";"Evening";4
"04b87924-d5ce-4602-aa9b-ec402c33f25f";"Inbound";"Returns";"Fraudulent User";"Customer service is very good. But kindly grocery items carefully delivered to the customers.";"";"";"16/08/2023 14:40";"16/08/2023 15:44";"16-Aug-23";"Unknown";"Others";0;0;"Noah Chase";"Evelyn Kimura";"John Smith";"0-30";"Morning";5
"04b96085-986c-4882-a246-cbe804666642";"Outcall";"Returns";"Reverse Pickup Enquiry";"";"";"";"28/08/2023 00:34";"28/08/2023 00:36";"28-Aug-23";"Unknown";"Others";0;0;"Omar Odonnell";"Nathan Patel";"John Smith";">90";"Split";5
"04b9b216-8340-460d-9326-7d04f5df4261";"Inbound";"Returns";"Reverse Pickup Enquiry";"";"";"";"13/08/2023 16:26";"13/08/2023 16:29";"13-Aug-23";"Unknown";"Others";0;0;"Haley White";"Harper Wong";"William Kim";"On Job Training";"Evening";5
"04b9feac-ba81-47cf-bf8b-1db098adf151";"Inbound";"Returns";"Damaged";"";"fe836aa9-5870-44c0-9bd5-b5bc3477b23a";"";"08/08/2023 16:36";"08/08/2023 16:38";"08-Aug-23";"Unknown";"Others";0;0;"Kevin Lee";"Harper Wong";"William Kim";"On Job Training";"Evening";5
"04bb48e3-53c7-444e-a9fb-2e1bb6917df9";"Inbound";"Returns";"Exchange / Replacement";"";"";"";"14/08/2023 14:47";"14/08/2023 18:11";"14-Aug-23";"Unknown";"Others";0;0;"Theresa Brown";"Brayden Wong";"Michael Lee";">90";"Afternoon";5
"04bc814a-6007-4394-a41e-f5bafbbab24e";"Inbound";"Order Related";"Seller Cancelled Order";"useless customer support executive, either they ability to understand customer issue or capability to resolve same. just waste of Shopzilla money and customer time";"3055b740-a2b8-431e-9e5e-7e06d2095957";"";"18/08/2023 14:24";"19/08/2023 10:39";"19-Aug-23";"Unknown";"Others";0;0;"Kayla Wilson";"Evelyn Kimura";"John Smith";"0-30";"Morning";1
"04bd5be4-257a-489a-a5a3-45315464e5d4";"Inbound";"Returns";"Technician Visit";"Customers care personal are not helpful,";"449437e2-b1d0-4a03-b829-864affdae332";"";"09/08/2023 20:26";"10/08/2023 09:19";"10-Aug-23";"Unknown";"Others";0;0;"Sabrina Osborne";"Jackson Park";"William Kim";"On Job Training";"Evening";1
"04bdb60c-dacc-44d0-a512-c76961c1fe86";"Inbound";"Returns";"Reverse Pickup Enquiry";"";"c54b746a-3e0d-466c-af20-ba7bdbccdc9d";"";"07/08/2023 10:49";"07/08/2023 22:07";"07-Aug-23";"Unknown";"Others";0;0;"Taylor Harvey";"Emily Yamashita";"John Smith";">90";"Morning";5
"04be1dda-b22e-490a-acbe-40e793b1e318";"Inbound";"Order Related";"Seller Cancelled Order";"";"dcf81699-1b53-4aab-9448-ba7ca857e3b9";"";"01/08/2023 16:09";"01/08/2023 16:54";"01-Aug-23";"Unknown";"Others";0;0;"Michelle Banks";"Nathan Patel";"Michael Lee";">90";"Night";5
"04be5970-edf2-4960-8f34-390285238837";"Inbound";"Returns";"Fraudulent User";"";"099ad1e3-7d6d-4680-99a3-a16b021689a8";"08/08/2023 13:15";"12/08/2023 12:42";"12/08/2023 12:47";"12-Aug-23";"MUMBAI";"Books & General merchandise";95;0;"John Buchanan";"Noah Patel";"Emily Chen";">90";"Split";5
"04bef6f5-f7b4-41bc-8bc7-4e9d8f758220";"Inbound";"Product Queries";"Product Specific Information";"Your company is making fool to customer showing once doing once";"1dfffe34-ee94-412d-8a3e-7deeefb1b7d3";"";"23/08/2023 08:16";"23/08/2023 09:05";"23-Aug-23";"Unknown";"Others";0;0;"Brandon Leon";"Ethan Tan";"William Kim";"On Job Training";"Morning";1
"04bf6988-9cb4-444c-afdf-493affcd54e3";"Outcall";"Returns";"Return request";"Thank you";"4e9dbe58-3271-41e2-8fb3-bc93f5b982c5";"";"23/08/2023 15:26";"23/08/2023 15:30";"23-Aug-23";"Unknown";"Others";0;0;"Mark Hickman";"Zoe Yamamoto";"William Kim";"On Job Training";"Morning";5
"04bfa81c-6e03-49e9-a210-7d37ecf29ac1";"Inbound";"Order Related";"Delayed";"";"09733406-7c5b-4337-a0ec-e9ca03b5ed1d";"";"31/08/2023 11:57";"31/08/2023 11:57";"31-Aug-23";"Unknown";"Others";0;0;"Katrina Mendoza";"Emma Park";"John Smith";"31-60";"Morning";1
"04bfe09c-b0f1-4607-a135-2e3962352471";"Inbound";"Returns";"Reverse Pickup Enquiry";"thank you";"8d75e047-d83b-4eba-917f-91a58d16068e";"";"08/08/2023 11:14";"08/08/2023 11:16";"08-Aug-23";"Unknown";"Others";0;0;"John Jones";"Aiden Patel";"John Smith";">90";"Morning";5
"04c1034c-b69b-47fd-bd1b-f8b3b8ed622b";"Inbound";"Order Related";"Priority delivery";"";"916d82a8-4dcf-4ba5-a489-329a99ddbf56";"";"28/08/2023 07:30";"28/08/2023 00:00";"28-Aug-23";"Unknown";"Others";0;0;"Tammy Gould";"Ava Wong";"Jennifer Nguyen";"On Job Training";"Morning";4
"04c133f1-52a3-491d-9762-f75303d6d17c";"Inbound";"Returns";"Reverse Pickup Enquiry";"Very good ?? and the best";"9200858c-cded-48d2-a6b7-685e8c18b3ca";"";"24/08/2023 11:54";"24/08/2023 12:11";"24-Aug-23";"Unknown";"Others";0;0;"Renee Martin";"Lily Chen";"Michael Lee";">90";"Morning";5
"04c4d1fe-9f64-40f0-b9a6-d64f2f48d92b";"Inbound";"Returns";"Fraudulent User";"Make easy way";"a9da3a0a-e5c5-460e-bb5b-e1800803fb80";"";"23/08/2023 15:16";"23/08/2023 15:18";"23-Aug-23";"Unknown";"Others";0;0;"Adam Henderson";"Ava Wong";"William Kim";"On Job Training";"Evening";5
"04c58f2e-4d2f-474e-9b09-ef1184d8221b";"Inbound";"Returns";"Return request";"Very Good";"0e11c2b2-e93a-4c88-ab40-751774c76fdb";"";"23/08/2023 20:31";"25/08/2023 21:01";"25-Aug-23";"Unknown";"Others";0;0;"Nicole Green";"Elijah Yamaguchi";"John Smith";"61-90";"Evening";5
"04c5c91f-c7cc-45ed-bd5f-502f1f94cbbe";"Inbound";"Returns";"Reverse Pickup Enquiry";"";"31025c6c-933d-4939-899a-0cb166f7ece7";"";"08/08/2023 08:18";"08/08/2023 08:25";"08-Aug-23";"Unknown";"Others";0;0;"Jesse Shaffer";"Ethan Tan";"John Smith";">90";"Morning";5
"04c60eb0-2f36-4c60-95c8-e60782ff173e";"Inbound";"Returns";"Return request";"";"1d1f7083-2612-48e0-8965-82d677bed5cc";"";"08/08/2023 11:52";"08/08/2023 11:59";"08-Aug-23";"Unknown";"Others";0;0;"Erik Williams";"Mia Patel";"Olivia Tan";">90";"Morning";5
"04c6b961-8e26-442a-a479-f8bd65d72f33";"Inbound";"Returns";"Fraudulent User";"";"";"";"15/08/2023 15:14";"15/08/2023 15:59";"15-Aug-23";"Unknown";"Others";0;0;"Robert Elliott";"Jackson Park";"Michael Lee";"31-60";"Evening";1
"04c98cd3-511e-4d64-bce6-0f367e6cdfd6";"Inbound";"Order Related";"Order status enquiry";"good communication skills";"fb767530-0985-4e09-9de8-3a1d764467df";"";"10/08/2023 21:15";"10/08/2023 21:18";"10-Aug-23";"Unknown";"Others";0;0;"Jon Lopez";"Olivia Wang";"John Smith";">90";"Evening";5
"04c9ed51-7cf5-4b44-92da-f3d0ef42f155";"Outcall";"Order Related";"Order status enquiry";"";"05dd5bbf-74fb-4540-95ae-a0808cd9ee3a";"";"02/08/2023 14:09";"02/08/2023 18:35";"02-Aug-23";"Unknown";"Others";0;0;"Jonathan Moore";"Zoe Yamamoto";"John Smith";">90";"Morning";1
"04ca7d95-3c22-431c-95a0-69e884091f56";"Inbound";"Returns";"Reverse Pickup Enquiry";"";"c79a1147-6839-4e0d-9747-1dfcbdb40b92";"";"02/08/2023 20:27";"02/08/2023 20:32";"02-Aug-23";"Unknown";"Others";0;0;"Kelly Carpenter";"William Park";"John Smith";"61-90";"Evening";4
"04cad7d5-94b1-45d0-8aa8-7049224dd14c";"Outcall";"Order Related";"Priority delivery";"";"aa891fd8-b2ae-4b66-8650-92891a4a7acb";"";"07/08/2023 16:17";"07/08/2023 16:17";"07-Aug-23";"Unknown";"Others";0;0;"Roger Turner";"Nathan Patel";"Jennifer Nguyen";"On Job Training";"Evening";4
"04cb0c93-8835-42ad-bba3-666a15ca3f88";"Outcall";"Returns";"Reverse Pickup Enquiry";"";"7a347437-dfd7-46e1-a448-a96201e2f355";"";"08/08/2023 18:01";"08/08/2023 18:01";"08-Aug-23";"Unknown";"Others";0;0;"Matthew Miller";"Elijah Yamaguchi";"Michael Lee";">90";"Night";5
"04cb541f-944b-4a68-8895-0bee4396d8e9";"Inbound";"Returns";"Return request";"Politely Handle things, Sincere, supportive man.... thanksRegards,Advocate Akrashat vermaHigh court, Lucknow";"b29a3a94-07ec-4eaf-898e-533638fc1d3d";"";"08/08/2023 16:37";"08/08/2023 16:38";"08-Aug-23";"Unknown";"Others";0;0;"Brian Young";"Elijah Yamaguchi";"Emily Chen";"61-90";"Morning";5
"04cb5975-808c-45ff-b92c-be62cc088a7d";"Inbound";"Cancellation";"Return cancellation";"";"";"";"12/08/2023 18:11";"12/08/2023 20:27";"12-Aug-23";"Unknown";"Others";0;0;"Joshua Rose";"Landon Tanaka";"Emily Chen";">90";"Morning";5
"04ce69e4-8437-49f1-91c9-b0aab95121a0";"Outcall";"Refund Related";"Refund Enquiry";"Cancel order the refund you my payment";"86e927b5-c3c4-4eee-a778-277f58813c50";"";"22/08/2023 14:25";"22/08/2023 14:47";"22-Aug-23";"Unknown";"Others";0;0;"Bruce Smith";"Elijah Yamaguchi";"Michael Lee";"61-90";"Afternoon";1
"04cf593c-7a72-4b24-8da8-89829ce544e4";"Inbound";"Returns";"Return request";"Do verify your seller and his products.";"2615d893-1cdb-4cd0-9f6f-73004b88047c";"";"29/08/2023 20:13";"30/08/2023 09:37";"30-Aug-23";"Unknown";"Others";0;0;"Scott Shaffer";"Charlotte Suzuki";"William Kim";"On Job Training";"Morning";5
"04d016e7-5ccc-40c8-8745-66bbacd44156";"Inbound";"Returns";"Return request";"Quick order is not updated";"3b39f2b3-f3c0-4a2f-bc80-352afa1160ec";"";"31/08/2023 11:47";"31/08/2023 12:10";"31-Aug-23";"Unknown";"Others";0;0;"Thomas Wiggins";"Emily Yamashita";"William Kim";"On Job Training";"Evening";2
"04d05ea9-7e58-422d-9026-5e784a58cf8d";"Inbound";"Order Related";"Invoice request";"";"672d94bf-0541-4547-804d-871a5d4f57d6";"23/09/2022 19:28";"11/08/2023 20:26";"11/08/2023 20:30";"11-Aug-23";"JAGDALPUR";"Electronics";8999;0;"Chelsea Crawford";"Carter Park";"Jennifer Nguyen";"On Job Training";"Evening";4
"04d11744-3ca6-443a-be9a-1d6343479fb4";"Inbound";"Shopzilla Related";"Signup Issues";"Gud nice person. Speaking skills is awesome of this lady.";"d94dbf3a-a6ac-4f3d-89df-fced0192a9ca";"";"29/08/2023 10:37";"29/08/2023 10:37";"29-Aug-23";"Unknown";"Others";0;0;"Linda Murray";"Landon Tanaka";"Emily Chen";">90";"Morning";5
"04d15ba8-21ea-42bd-b170-03455424d248";"Inbound";"Order Related";"Priority delivery";"";"085415e5-d7c3-4701-a049-89858726d362";"";"09/08/2023 20:41";"09/08/2023 20:59";"09-Aug-23";"Unknown";"Others";0;0;"Kristine Banks";"Mia Patel";"Emily Chen";"0-30";"Evening";5
"04d406d4-fd6b-40da-8261-7676279d601c";"Inbound";"Returns";"Reverse Pickup Enquiry";"";"eb9a0518-353b-4771-a973-01c7c005f0bd";"";"09/08/2023 11:14";"09/08/2023 11:17";"09-Aug-23";"Unknown";"Others";0;0;"Gregory Becker";"Abigail Suzuki";"Jennifer Nguyen";"On Job Training";"Morning";4
"04d566a4-418c-4513-baab-a568e350c105";"Inbound";"Returns";"Missing";"Bhai ji gjb bahut achhe aapka din subh";"fe100bcc-5b56-4b94-9085-896669674561";"";"19/08/2023 22:17";"19/08/2023 22:25";"19-Aug-23";"Unknown";"Others";0;0;"Lisa Wilson";"Isabella Wong";"Emily Chen";">90";"Afternoon";5
"04d5cade-b2f0-4a02-90a1-ca08c5bb9973";"Inbound";"Returns";"Reverse Pickup Enquiry";"";"f293a5a2-839a-4b44-b0cd-12340864b0d4";"";"25/08/2023 19:13";"25/08/2023 19:43";"25-Aug-23";"Unknown";"Others";0;0;"Misty Castillo";"Sophia Chen";"Jennifer Nguyen";"On Job Training";"Evening";1
"04d71bdd-8ac2-40e0-aed3-eaab0de0b165";"Inbound";"Returns";"Reverse Pickup Enquiry";"";"";"";"15/08/2023 12:01";"15/08/2023 12:02";"15-Aug-23";"Unknown";"Others";0;0;"Jaclyn Fields";"Madison Kim";"John Smith";"61-90";"Morning";5
"04d99bf6-ec8d-4b42-b86b-bab5dfa99b66";"Inbound";"Returns";"Reverse Pickup Enquiry";"";"07ae25fa-6a21-4a71-b4be-0dc552363d9e";"30/07/2023 13:51";"06/08/2023 19:25";"06/08/2023 21:51";"06-Aug-23";"BONGAON";"Electronics";1199;0;"Jeffrey Miller";"Elijah Yamaguchi";"Michael Lee";">90";"Afternoon";1
"04dc6346-8817-4ccd-a307-f917d09ad538";"Outcall";"Returns";"Fraudulent User";"Provide number in cc section";"";"";"13/08/2023 10:05";"13/08/2023 10:16";"13-Aug-23";"Unknown";"Others";0;0;"Christopher Obrien";"Noah Patel";"Michael Lee";">90";"Morning";5
"04dd7467-aa80-47ce-b011-eab48f71c08c";"Inbound";"Order Related";"Delayed";"";"9a757da3-115d-4a00-8ff0-7d998779c3c7";"13/08/2023 19:21";"22/08/2023 19:59";"23/08/2023 15:11";"23-Aug-23";"LUCKNOW";"Home Appliences";2599;0;"Sarah Williams";"Carter Park";"Michael Lee";">90";"Morning";4
"04df95d4-8c25-4ca0-8fa8-ea03421e82e9";"Inbound";"Order Related";"Order status enquiry";"";"9fc623f7-d78b-4775-994a-9ce19bf16381";"";"22/08/2023 23:11";"22/08/2023 23:14";"22-Aug-23";"Unknown";"Others";0;0;"Tammy Thomas";"Ethan Nakamura";"Jennifer Nguyen";"On Job Training";"Morning";5
"04e01b9f-6672-4643-b7f5-f060b1b5d17f";"Email";"Feedback";"UnProfessional Behaviour";"";"9b6e7987-781f-465b-9fbe-dca1ed4af24b";"";"29/08/2023 18:08";"29/08/2023 18:14";"29-Aug-23";"Unknown";"Others";0;0;"John Barrett";"Aiden Patel";"John Smith";">90";"Morning";5
"04e10d2f-7b3a-4f03-bd9c-3119d7d68cb6";"Inbound";"Returns";"Reverse Pickup Enquiry";"Nice man";"947c9b51-967d-4816-8157-9b31e53634e2";"";"24/08/2023 10:52";"24/08/2023 10:57";"24-Aug-23";"Unknown";"Others";0;0;"Richard Ortiz";"Emily Yamashita";"Michael Lee";">90";"Morning";4
"04e458df-95a2-4d30-ba78-de8aedd3fdbc";"Inbound";"Order Related";"Installation/demo";"Shopzilla sucks.. better shutdown youself";"e738a37f-aa21-42f3-b240-2214f6be9d7d";"18/07/2023 23:31";"08/08/2023 22:16";"12/08/2023 09:02";"12-Aug-23";"VISHAKHAPATNAM";"Electronics";11990;0;"William Scott";"Evelyn Kimura";"Jennifer Nguyen";"On Job Training";"Evening";1
"04e4bf86-ef52-401a-9545-8e927003e169";"Inbound";"Returns";"Reverse Pickup Enquiry";"";"";"";"16/08/2023 15:03";"16/08/2023 15:04";"16-Aug-23";"Unknown";"Others";0;0;"Kayla Wilson";"Evelyn Kimura";"John Smith";"0-30";"Morning";5
"04e5a62f-0944-44b1-91e1-679cc5d78cb5";"Outcall";"Returns";"Return request";"";"";"";"13/08/2023 20:32";"13/08/2023 20:33";"13-Aug-23";"Unknown";"Others";0;0;"Megan Bartlett";"Carter Park";"Michael Lee";">90";"Evening";5
"04e5c078-6f00-49ab-8c67-efd49f6036f7";"Inbound";"Product Queries";"Product Specific Information";"Good person";"";"";"15/08/2023 06:04";"15/08/2023 06:05";"15-Aug-23";"Unknown";"Others";0;0;"Kathryn Jones";"Ethan Nakamura";"Emily Chen";"0-30";"Evening";5
"04e6a337-6a43-4b82-87ae-1ef4d9da5d56";"Inbound";"Returns";"Exchange / Replacement";"";"ca37d32e-efb3-4069-8071-13499d3a49ef";"";"16/08/2023 15:28";"17/08/2023 06:49";"17-Aug-23";"Unknown";"Others";0;0;"Shelly Bell";"Abigail Suzuki";"Jennifer Nguyen";"On Job Training";"Morning";5
"04e6e744-5ad4-4ad0-a423-38ceaff3d47a";"Email";"Refund Related";"Refund Enquiry";"Awesome";"0608ed5b-be71-49a3-bf94-6c70c8a5dbe1";"26/07/2023 14:01";"10/08/2023 18:22";"12/08/2023 11:23";"12-Aug-23";"LUDHIANA";"Home";1196;0;"Laura Farmer";"Nathan Patel";"Michael Lee";">90";"Afternoon";5
"04e79b55-6f64-471e-8d42-add7362972d7";"Inbound";"Returns";"Service Centres Related";"";"2026a150-19a2-4c27-b905-6912daa56bba";"03/08/2023 01:25";"20/08/2023 12:56";"20/08/2023 12:57";"20-Aug-23";"GWALIOR";"Electronics";1299;0;"Teresa Nolan";"Ava Wong";"Olivia Tan";">90";"Morning";4
"04e7d148-2ac9-449c-a3f7-f539969fb4a4";"Inbound";"Returns";"Missing";"Happy ??";"9cbe5f9a-9fd5-40cb-a779-67393fe8512f";"";"28/08/2023 22:18";"28/08/2023 00:00";"28-Aug-23";"Unknown";"Others";0;0;"Matthew Callahan";"Evelyn Kimura";"Jennifer Nguyen";"On Job Training";"Evening";5
"04e8505e-9845-44b5-8db6-a4d3d3b6530a";"Inbound";"Returns";"Reverse Pickup Enquiry";"";"38b62d8b-3fd8-4a39-89cc-eee5958679f4";"";"06/08/2023 17:49";"06/08/2023 18:16";"06-Aug-23";"Unknown";"Others";0;0;"Hannah Harding";"Abigail Suzuki";"Jennifer Nguyen";"On Job Training";"Evening";5
"04e91fb1-a07e-45b1-bb0f-b255a6e9b833";"Inbound";"Order Related";"Order status enquiry";"";"09b70d37-bd15-41e2-a56b-9594bfec4d55";"11/07/2023 21:54";"01/08/2023 16:19";"01/08/2023 16:22";"01-Aug-23";"ALIGARH";"Electronics";899;0;"Robert Smith";"Carter Park";"Michael Lee";"31-60";"Morning";5
"04e95d09-4940-4973-b945-e4e86f8a8b8e";"Inbound";"Order Related";"Installation/demo";"";"5920c124-3008-4d70-af20-06e3d09a7c0e";"";"10/08/2023 15:50";"10/08/2023 16:22";"10-Aug-23";"Unknown";"Others";0;0;"Daniel Silva";"Ava Wong";"William Kim";"On Job Training";"Evening";5
"04e9967c-857f-44a0-a829-ad51a704b865";"Inbound";"Product Queries";"Product Specific Information";"";"";"";"15/08/2023 10:30";"15/08/2023 10:34";"15-Aug-23";"Unknown";"Others";0;0;"William Little MD";"Evelyn Kimura";"John Smith";"0-30";"Morning";3
"04eacf2d-d241-4397-bdba-3bf2bd3294ae";"Inbound";"Returns";"Reverse Pickup Enquiry";"Just mention if there is refund policy is available on products or not and it should be visible clearly to every user so that they get to know";"c7549c77-6db6-4adc-af7c-8864114cee51";"05/08/2023 20:44";"11/08/2023 19:45";"11/08/2023 20:17";"11-Aug-23";"BANGALORE";"Affiliates";338;0;"Michael Martin";"Noah Patel";"Michael Lee";"31-60";"Evening";5
"04eb1951-569f-41b2-ab4a-ed047473d670";"Inbound";"Order Related";"Delayed";"";"9fcfbd0c-a12f-4f97-a5db-5ee36f00abb7";"12/08/2023 08:06";"14/08/2023 09:38";"14/08/2023 09:39";"14-Aug-23";"KISHANGANJ";"Mobile";7499;0;"Casey Holmes";"William Park";"John Smith";"31-60";"Morning";5
"04ed1a54-064b-4163-bac0-bc6727ca0b37";"Inbound";"Order Related";"Order status enquiry";"";"942a9ddd-5b3a-4bd2-919e-8f4b5a7ea93f";"";"09/08/2023 22:29";"09/08/2023 22:30";"09-Aug-23";"Unknown";"Others";0;0;"Michael Martin";"Noah Patel";"Michael Lee";"31-60";"Evening";5
"04ee59ff-3add-49dc-a570-273c0585aa25";"Inbound";"Returns";"Wrong";"";"d90bdce9-ef85-42b4-aab5-c6cd077c47d7";"16/08/2023 20:01";"28/08/2023 11:29";"28/08/2023 00:00";"28-Aug-23";"JALGAON";"Books & General merchandise";647;0;"Alisha Campos";"Jacob Sato";"Emily Chen";"0-30";"Evening";5
"04f1fd2f-5217-4d95-9c94-fbd065a8689d";"Inbound";"Returns";"Return request";"Everything is good about Shopzilla except the otp on registered no. With Shopzilla... it should come on ordered no. So that a person can initiate the return process";"d865cf02-5e48-4581-ad4f-921b4a373b6f";"";"22/08/2023 20:16";"22/08/2023 20:25";"22-Aug-23";"Unknown";"Others";0;0;"Theresa Moore";"Logan Lee";"Jennifer Nguyen";"On Job Training";"Evening";5
"04f281ca-4daa-43ac-b5b0-f338513426e9";"Inbound";"Order Related";"Invoice request";"";"6ca36bae-d8b5-4fcf-ae65-da90c2d5084d";"";"09/08/2023 16:03";"10/08/2023 07:35";"10-Aug-23";"Unknown";"Others";0;0;"Zachary Reyes";"Madison Kim";"John Smith";">90";"Morning";5
"04f2d46e-61e2-409c-b4b7-853da93d967e";"Inbound";"Returns";"Return request";"";"79b2c448-1aae-4945-b85b-cb6f0d79160a";"";"26/08/2023 17:58";"26/08/2023 18:00";"26-Aug-23";"Unknown";"Others";0;0;"Veronica Howell";"Elijah Yamaguchi";"John Smith";">90";"Evening";5
"04f3fc01-38fe-45ff-a1a3-8b1d9808c6bd";"Inbound";"Refund Related";"Refund Enquiry";"If The conversation language will be Bengali";"";"";"16/08/2023 19:59";"16/08/2023 20:00";"16-Aug-23";"Unknown";"Others";0;0;"Linda Butler";"Charlotte Suzuki";"Jennifer Nguyen";"On Job Training";"Evening";4
"04f4203b-c40c-48ad-91be-926899b9239c";"Inbound";"Feedback";"UnProfessional Behaviour";"";"89d609df-59e9-4518-9a6d-3ceb65493a7b";"28/07/2023 13:52";"31/07/2023 16:49";"01/08/2023 23:26";"01-Aug-23";"HAFLONG";"Books & General merchandise";23;0;"Wayne Jimenez";"Isabella Wong";"Emily Chen";">90";"Evening";5
"04f4357f-1986-4197-9ade-8e0e422d233d";"Inbound";"Product Queries";"Product Specific Information";"";"";"";"03/08/2023 19:46";"03/08/2023 22:08";"03-Aug-23";"Unknown";"Others";0;0;"Stephanie Lewis";"Alexander Tanaka";"Michael Lee";"0-30";"Evening";5
"04f5eb37-6228-4705-b81e-ef4ae37bdd19";"Inbound";"Order Related";"Delayed";"YOUR DELIVERING SERVICE IS VERY BAD";"5fbf2a3d-26ad-455a-bb4d-3923f7f0f887";"";"28/08/2023 21:15";"29/08/2023 03:35";"29-Aug-23";"Unknown";"Others";0;0;"Randy May";"Emily Yamashita";"William Kim";"On Job Training";"Evening";1
"04f62160-f36c-47e7-9555-3efd5369de18";"Inbound";"Payments related";"Online Payment Issues";"good services Shopzilla";"08458a2f-7d92-4a4a-855c-33f5e208ab96";"";"25/08/2023 08:18";"25/08/2023 08:26";"25-Aug-23";"Unknown";"Others";0;0;"Christina Hines MD";"Zoe Yamamoto";"William Kim";"On Job Training";"Morning";5
"04f66cf4-21c0-496e-af12-18a75be55f21";"Inbound";"Returns";"Reverse Pickup Enquiry";"";"e9975432-0878-4889-9c6e-51eac735a99e";"26/07/2023 10:33";"07/08/2023 16:59";"07/08/2023 17:01";"07-Aug-23";"SAMASTIPUR";"Home";541;0;"Paul Preston";"Noah Patel";"Michael Lee";"31-60";"Evening";5
"04f71ad4-fcce-45f7-aa6f-f5cd248aa132";"Inbound";"Product Queries";"Product Specific Information";"";"";"";"11/08/2023 06:34";"11/08/2023 06:37";"11-Aug-23";"Unknown";"Others";0;0;"Leslie Houston";"Evelyn Kimura";"John Smith";"0-30";"Morning";5
"04f8dc58-cd57-4919-aee0-73cac03d178c";"Inbound";"Order Related";"Delayed";"";"5fb0eadf-1ed9-41c9-a26a-d657c9a845a9";"28/07/2023 16:08";"22/08/2023 11:48";"22/08/2023 11:54";"22-Aug-23";"JAUNPUR";"Electronics";33490;0;"Brittney Key";"Mia Yamamoto";"Jennifer Nguyen";"On Job Training";"Morning";1
"04f9f0a7-cd7d-4d6a-bfbf-d07a94eaaffb";"Inbound";"Order Related";"Delayed";"";"32dcde02-4ecc-4e01-8b58-c8f202f8de9d";"07/08/2023 19:13";"22/08/2023 17:29";"22/08/2023 19:05";"22-Aug-23";"HYDERABAD";"Electronics";249;0;"Michelle Hart";"Aiden Patel";"John Smith";">90";"Evening";5
"04fa898e-2b57-4c46-a7f7-f6d8677400e9";"Inbound";"Payments related";"Payment related Queries";"";"287039d6-4180-4c18-a01b-03aee983e402";"";"29/08/2023 17:43";"29/08/2023 17:46";"29-Aug-23";"Unknown";"Others";0;0;"Alyssa Jones";"Zoe Yamamoto";"John Smith";">90";"Morning";5
"04fb04fd-2ca6-44d1-bfd9-30c73b633290";"Inbound";"Returns";"Reverse Pickup Enquiry";"";"746240f1-4680-4b53-b110-e1929762e788";"29/07/2023 02:57";"17/08/2023 21:53";"17/08/2023 22:03";"17-Aug-23";"BHUBANESWAR";"LifeStyle";1249;0;"William Scott";"Evelyn Kimura";"Jennifer Nguyen";"On Job Training";"Evening";1
"04fb7dc7-a7ae-4a24-9670-b291c3834d8d";"Inbound";"Returns";"Wrong";"";"";"";"27/08/2023 17:22";"27/08/2023 17:26";"27-Aug-23";"Unknown";"Others";0;0;"Matthew Wolf";"Noah Patel";"Michael Lee";">90";"Morning";5
"04fb9ab9-bc69-4a1c-afb6-0a0d4f1b45d3";"Inbound";"Returns";"Fraudulent User";"";"e2f27b34-bfef-4140-8b8e-44a2da886e90";"";"07/08/2023 09:55";"07/08/2023 10:05";"07-Aug-23";"Unknown";"Others";0;0;"Brandy Johnson";"Noah Patel";"Michael Lee";">90";"Morning";5
"04fba1c7-93ec-441e-a583-7e233665382f";"Inbound";"Returns";"Reverse Pickup Enquiry";"";"";"";"13/08/2023 20:51";"13/08/2023 22:10";"13-Aug-23";"Unknown";"Others";0;0;"Kristin Bowman";"Charlotte Suzuki";"Olivia Tan";">90";"Morning";3
"04fd064c-722f-4672-adca-49b52f72651c";"Inbound";"Order Related";"Customer Requested Modifications";"Achha tha";"";"";"27/08/2023 21:10";"27/08/2023 21:28";"27-Aug-23";"Unknown";"Others";0;0;"Robert Lara";"Brayden Wong";"John Smith";"31-60";"Evening";5
"04fdc4be-f4a1-487c-892f-2c20aa034ce3";"Inbound";"Returns";"Fraudulent User";"I m still pending for resolution";"7e8f5f38-70ac-4059-a706-0c9dfeeccb95";"03/08/2023 11:41";"06/08/2023 18:09";"06/08/2023 19:00";"06-Aug-23";"VADODARA";"Books & General merchandise";94;0;"Frank Kelley";"Ava Wong";"William Kim";"On Job Training";"Evening";1
"04fe953b-141f-4592-a3ac-9aa796cd5798";"Inbound";"Returns";"Missing";"";"40ccce5f-54be-46a2-9447-e6337c8295bb";"";"19/08/2023 15:13";"19/08/2023 15:23";"19-Aug-23";"Unknown";"Others";0;0;"Alexander Saunders";"Noah Patel";"Michael Lee";"31-60";"Night";5
"04ff2871-eaab-405f-82db-09d1a4da4a99";"Inbound";"Order Related";"Invoice request";"";"53dc0b90-e7d5-457c-ad30-2c8124dd526a";"";"17/08/2023 21:37";"17/08/2023 21:41";"17-Aug-23";"Unknown";"Others";0;0;"Mr. Allen Fisher";"Landon Tanaka";"Jennifer Nguyen";"On Job Training";"Evening";5
"04ff30fb-5912-4842-a208-a36ce5a3e0f1";"Inbound";"Payments related";"Online Payment Issues";"";"cef76356-6420-4f7f-bdb6-0472843c6228";"";"23/08/2023 17:08";"23/08/2023 17:13";"23-Aug-23";"Unknown";"Others";0;0;"Cole Carlson";"Ava Wong";"William Kim";"On Job Training";"Evening";5
"04ff6233-9efa-4e78-895e-d7c80a5c46d1";"Inbound";"Order Related";"Order status enquiry";"";"95cc7e94-ba47-4a78-94fb-1966c2e0066d";"14/08/2023 01:16";"23/08/2023 19:13";"23/08/2023 19:14";"23-Aug-23";"JAMSHEDPUR";"LifeStyle";386;0;"Terri Lopez";"Dylan Kim";"Jennifer Nguyen";"On Job Training";"Evening";5
"0500173c-6ca9-4e73-a34b-260250f47a8f";"Inbound";"Order Related";"Delayed";"";"";"";"13/08/2023 07:51";"13/08/2023 07:57";"13-Aug-23";"Unknown";"Others";0;0;"David Michael";"Lily Chen";"Michael Lee";">90";"Morning";5
"050252fa-14c8-4dca-a1b7-aa364a913ffd";"Outcall";"Returns";"Wrong";"";"e7b1395b-9faa-4238-b279-563b2291ed2c";"";"10/08/2023 22:15";"10/08/2023 22:18";"10-Aug-23";"Unknown";"Others";0;0;"Elizabeth Williams";"Madison Kim";"John Smith";">90";"Split";5
"050340e3-541c-43cc-8a95-a06a97ea5b56";"Inbound";"Returns";"Service Centres Related";"Sir   and charging ka essu hai vo Mai nahi slove   please product replacement or return.....,thanku Shopzilla team essu resolve fastly plz";"cb5c80c8-6531-4f19-8340-a3732a2fe4f4";"09/08/2023 15:59";"12/08/2023 09:18";"12/08/2023 09:21";"12-Aug-23";"PILIBHIT";"Electronics";3299;0;"Michelle Clark";"Ethan Tan";"John Smith";"31-60";"Morning";1
"05035512-70e9-46de-9d92-a163ee605072";"Outcall";"Refund Related";"Refund Enquiry";"";"f7767ef7-3d12-4201-8d08-f376fb48e1fa";"";"01/08/2023 22:36";"01/08/2023 23:31";"01-Aug-23";"Unknown";"Others";0;0;"Mark Vasquez";"Aiden Patel";"Olivia Tan";"On Job Training";"Evening";5
"0503fdb7-d424-4801-ba15-6f3c12b44b48";"Outcall";"Returns";"Return request";"";"3489f426-0277-43d9-a64d-a9fae3d2d079";"";"23/08/2023 12:18";"23/08/2023 12:23";"23-Aug-23";"Unknown";"Others";0;0;"Christopher Anderson";"Mason Gupta";"Olivia Tan";"0-30";"Afternoon";5
"050590e0-9e1d-42bb-af6c-cff0e2713343";"Outcall";"Cancellation";"Not Needed";"Please reduce time most important";"";"";"27/08/2023 23:35";"27/08/2023 23:44";"27-Aug-23";"Unknown";"Others";0;0;"Shannon Holmes";"Ava Wong";"William Kim";"On Job Training";"Evening";5
"0507bd14-fb98-47f8-a1eb-54d9d72bfaf2";"Inbound";"Refund Related";"Refund Enquiry";"";"48a62d1a-42f8-48dd-b3ff-c8a0a7094913";"";"26/08/2023 20:48";"26/08/2023 23:43";"26-Aug-23";"Unknown";"Others";0;0;"Michael Larson";"Emma Park";"John Smith";"31-60";"Morning";5
"05086b5a-43a3-46ab-803b-b61e8d7034cc";"Inbound";"Order Related";"Order status enquiry";"";"e7cdf6e9-665a-4ce1-afcc-064c547a24b9";"04/08/2023 13:00";"15/08/2023 10:41";"15/08/2023 10:45";"15-Aug-23";"CUTTACK";"Books & General merchandise";999;0;"Richard Barber";"Alexander Tanaka";"Michael Lee";"0-30";"Evening";5
"050c0cec-1623-407d-8e87-919aa9e2a7a2";"Inbound";"Returns";"Return request";"";"";"";"12/08/2023 10:54";"12/08/2023 10:56";"12-Aug-23";"Unknown";"Others";0;0;"Robert Smith";"Carter Park";"Michael Lee";"31-60";"Morning";5
"050cda04-67d0-4eec-9a61-6a172e6ac7d4";"Inbound";"Order Related";"Order status enquiry";"";"";"";"16/08/2023 10:55";"16/08/2023 10:55";"16-Aug-23";"Unknown";"Others";0;0;"Michael Reilly";"Ethan Nakamura";"Jennifer Nguyen";"On Job Training";"Morning";5
"050d54ba-0970-466b-97df-265445ddd615";"Inbound";"Order Related";"Order status enquiry";"";"";"";"15/08/2023 15:36";"15/08/2023 15:36";"15-Aug-23";"Unknown";"Others";0;0;"Joseph Brown";"Brayden Wong";"Olivia Tan";">90";"Morning";5
"050e6b90-655f-44ee-a96c-4464aeabb15d";"Inbound";"Returns";"Return request";"";"ac17a2ff-7970-4fe4-80cb-785b1f00fd11";"";"06/08/2023 21:03";"06/08/2023 21:09";"06-Aug-23";"Unknown";"Others";0;0;"Andrea Beck";"Evelyn Kimura";"Jennifer Nguyen";"On Job Training";"Evening";5
"05103447-b925-45e8-8c5e-2c541f28970b";"Outcall";"Refund Related";"Refund Enquiry";"";"60d8ab84-7700-4615-b5fa-35a8fc01e247";"";"29/08/2023 08:09";"29/08/2023 08:12";"29-Aug-23";"Unknown";"Others";0;0;"Christopher Sanchez";"Austin Johnson";"Michael Lee";"0-30";"Morning";1
"05103840-23ac-4dcf-a911-5b73865ad115";"Inbound";"Returns";"Return request";"Support from customer executive was good";"4880c721-40eb-46b4-afd4-e58d45f6b55a";"";"10/08/2023 06:41";"10/08/2023 06:48";"10-Aug-23";"Unknown";"Others";0;0;"Mr. George Hall Jr.";"Brayden Wong";"John Smith";"61-90";"Morning";5
"0510e529-bdeb-48f3-934c-81fe6ba8695f";"Outcall";"Shopzilla Related";"Signup Issues";"";"";"";"15/08/2023 06:14";"15/08/2023 06:24";"15-Aug-23";"Unknown";"Others";0;0;"Janet Jackson";"Nathan Patel";"Michael Lee";">90";"Night";5
"05115fb8-dd55-437f-84f6-0d1467ab3eed";"Inbound";"Returns";"Reverse Pickup Enquiry";"";"2089a421-e858-4ffd-a56c-026ceec06a7e";"";"19/08/2023 21:25";"19/08/2023 21:27";"19-Aug-23";"Unknown";"Others";0;0;"Daniel Woods";"Logan Lee";"Emily Chen";"61-90";"Evening";4
"0511e312-de53-4b6d-bf15-3bbbddbbedfa";"Outcall";"Returns";"Fraudulent User";"Customer sidhe customer care se sampark nahin   ismein sudhar Karen aur helpline";"36ee6250-3eb1-4889-9cad-def0da9021ae";"";"30/08/2023 10:52";"30/08/2023 13:14";"30-Aug-23";"Unknown";"Others";0;0;"Rachel Reid";"Ethan Tan";"William Kim";"On Job Training";"Morning";5
"05128215-6e89-4291-b99e-754bcd0a8b3e";"Inbound";"Refund Related";"Refund Enquiry";"All gd";"a767506d-75d7-4806-946d-4137ddec3877";"10/08/2023 18:27";"11/08/2023 10:55";"11/08/2023 11:12";"11-Aug-23";"NEW DELHI";"Home Appliences";15499;0;"Jerome Gray";"Sophia Sato";"John Smith";"0-30";"Morning";5
"0512ddbc-2fb1-48c6-a9c7-585797bc88bb";"Inbound";"Shopzilla Related";"Shopzilla Rewards";"";"f07f814d-63ce-493b-9446-bb36c6c97db2";"";"21/08/2023 09:50";"21/08/2023 09:55";"21-Aug-23";"Unknown";"Others";0;0;"Christopher Sanchez";"Austin Johnson";"Michael Lee";"0-30";"Morning";5
"05130ddb-a5d7-43d6-9914-4dddf10b0ced";"Inbound";"Returns";"Reverse Pickup Enquiry";"";"e8c6e46c-669e-40c9-8ab7-4dc9127283e0";"";"23/08/2023 14:08";"23/08/2023 14:16";"23-Aug-23";"Unknown";"Others";0;0;"Paula Peters";"Noah Patel";"Olivia Tan";">90";"Morning";1
"0513b2d8-05cf-461e-8a14-9fe4229c228b";"Email";"Order Related";"Delayed";"";"fb1b58a3-5377-4b87-bcb7-270c18b0f45f";"";"28/08/2023 21:23";"28/08/2023 00:00";"28-Aug-23";"Unknown";"Others";0;0;"Laura Allen";"Oliver Nguyen";"John Smith";">90";"Morning";1
"0513d535-a497-4f8b-8f37-8b38c0282feb";"Outcall";"Returns";"Return request";"";"c6445f32-2463-4a83-b642-11e9b876f1eb";"";"29/08/2023 12:05";"29/08/2023 12:11";"29-Aug-23";"Unknown";"Others";0;0;"Scott Chang";"Carter Park";"Jennifer Nguyen";"On Job Training";"Morning";5
"05147f85-41d3-4b4d-b9bd-e0b786dade8c";"Inbound";"Returns";"Service Centres Related";"Very good understanding";"3276d370-fdbd-4e98-9e5d-aac266581962";"21/05/2023 14:32";"13/08/2023 23:00";"14/08/2023 08:24";"14-Aug-23";"BARAGAON";"Electronics";999;0;"Luke Brown";"Alexander Tanaka";"Michael Lee";"0-30";"Evening";2
"0514fc34-04b3-4f35-9a22-5c86e337afb1";"Inbound";"Returns";"Reverse Pickup Enquiry";"";"428736d0-e9c9-4775-a3d5-95da89b67c9b";"";"17/08/2023 12:26";"17/08/2023 15:55";"17-Aug-23";"Unknown";"Others";0;0;"Joshua Watson";"Noah Patel";"Emily Chen";">90";"Split";5
"05157c2c-63dd-4414-b03a-d14b00e794d6";"Inbound";"Order Related";"Delayed";"Very nice";"9a0299d3-6667-423a-b940-e92f495b78ba";"";"21/08/2023 20:20";"21/08/2023 20:21";"21-Aug-23";"Unknown";"Others";0;0;"Gregory Becker";"Abigail Suzuki";"Jennifer Nguyen";"On Job Training";"Morning";5
"051678fd-a241-495a-b174-f73716b28555";"Inbound";"Returns";"Return request";"";"a9d168b4-2461-4b22-a51b-4ad33e882d57";"";"29/08/2023 19:16";"29/08/2023 19:17";"29-Aug-23";"Unknown";"Others";0;0;"Karen Vasquez";"Emily Yamashita";"Michael Lee";">90";"Morning";5
"0516996c-f87f-4b12-aece-8a0cce39cfb4";"Outcall";"Order Related";"Customer Requested Modifications";"";"557e997e-6662-4fe5-9d3e-3c7f3e20a082";"";"22/08/2023 14:05";"22/08/2023 20:21";"22-Aug-23";"Unknown";"Others";0;0;"Sierra Walker DDS";"Emma Park";"Jennifer Nguyen";"On Job Training";"Evening";5
"0517c9fb-f4de-4ac9-b960-2a2771d638b2";"Outcall";"Returns";"Fraudulent User";"";"";"";"14/08/2023 13:26";"14/08/2023 13:30";"14-Aug-23";"Unknown";"Others";0;0;"William Hall";"Isabella Wong";"John Smith";">90";"Morning";5
"051974eb-e272-4908-b13e-a21d6767df63";"Inbound";"Product Queries";"Product Specific Information";"Very good experience with Shopzilla";"";"";"14/08/2023 12:22";"14/08/2023 12:23";"14-Aug-23";"Unknown";"Others";0;0;"Phillip Mccoy";"Lily Chen";"Michael Lee";">90";"Morning";5
"0519d006-d5c6-41f8-ad04-1f1c82483bea";"Inbound";"Returns";"Reverse Pickup Enquiry";"";"13abaa21-4e46-44d2-8c5d-752de7315196";"";"22/08/2023 14:19";"22/08/2023 14:23";"22-Aug-23";"Unknown";"Others";0;0;"Sydney Taylor";"Harper Wong";"William Kim";"On Job Training";"Evening";5
"051a4f50-162e-467e-a923-de09f7c70b30";"Inbound";"Returns";"Reverse Pickup Enquiry";"";"";"";"15/08/2023 11:42";"15/08/2023 11:44";"15-Aug-23";"Unknown";"Others";0;0;"Brianna Brown PhD";"Amelia Tanaka";"Michael Lee";"31-60";"Evening";5
"051b379b-dca6-45dc-93c5-dba0d453d3ae";"Inbound";"Returns";"Reverse Pickup Enquiry";"";"";"";"27/08/2023 07:22";"27/08/2023 07:24";"27-Aug-23";"Unknown";"Others";0;0;"Tanner Snyder";"Jackson Park";"Olivia Tan";">90";"Morning";5
"051be421-20f7-4eb3-ade7-a0f9bef49894";"Inbound";"Returns";"Reverse Pickup Enquiry";"";"117f0c42-d760-4958-8ccf-325cc2604b30";"";"18/08/2023 09:17";"18/08/2023 10:28";"18-Aug-23";"Unknown";"Others";0;0;"Scott Shaffer";"Charlotte Suzuki";"William Kim";"On Job Training";"Morning";1
"051c1f91-3f32-49af-bdef-7cd05ece4d55";"Email";"Returns";"Reverse Pickup Enquiry";"";"c8cc8021-6178-439c-8a02-0d8a24f963e5";"";"21/08/2023 12:55";"21/08/2023 16:10";"21-Aug-23";"Unknown";"Others";0;0;"Michael Cooper";"Ethan Nakamura";"Emily Chen";"0-30";"Evening";1
"051d04e0-1908-41c2-bf27-431689b4e8fd";"Outcall";"Returns";"Return request";"";"3f01945a-6381-488d-b220-1ece58b13e9e";"";"21/08/2023 17:11";"21/08/2023 17:22";"21-Aug-23";"Unknown";"Others";0;0;"Michael Scott";"Olivia Wang";"John Smith";">90";"Evening";5
"051d40fd-a04d-4c3c-9000-e41901a5e2cb";"Inbound";"Returns";"Reverse Pickup Enquiry";"";"2613104a-6c0f-477b-92aa-4379518354ef";"";"05/08/2023 15:53";"05/08/2023 15:53";"05-Aug-23";"Unknown";"Others";0;0;"John Green";"Jackson Park";"William Kim";"On Job Training";"Evening";5
"051daed4-e52a-4778-93bd-cfafa2f068c1";"Inbound";"Order Related";"Delayed";"Yes";"";"";"15/08/2023 08:54";"15/08/2023 08:55";"15-Aug-23";"Unknown";"Others";0;0;"Joshua Ortiz";"Ava Wong";"Jennifer Nguyen";"On Job Training";"Morning";1
"051e1c18-b7db-450e-b04d-4461f747ac8f";"Inbound";"Refund Related";"Refund Enquiry";"";"6a9bcd1b-3ca0-4b11-8072-e9c35c6b01ac";"";"21/08/2023 11:13";"21/08/2023 11:26";"21-Aug-23";"Unknown";"Others";0;0;"Pamela Johnson";"Scarlett Chen";"John Smith";"0-30";"Morning";5
"051e3dfd-eaac-42a8-8c99-630f4b7dd265";"Inbound";"Returns";"Return request";"Excellent";"a9731606-8f07-4c3b-b7f9-35413e4e2428";"";"08/08/2023 15:34";"10/08/2023 18:12";"10-Aug-23";"Unknown";"Others";0;0;"Jeffrey Parker";"Nathan Patel";"Michael Lee";">90";"Morning";5
"051efe2b-7ede-4703-bb60-84f127afbd70";"Inbound";"Returns";"Fraudulent User";"It good person more answer solve";"";"";"12/08/2023 23:23";"12/08/2023 23:24";"12-Aug-23";"Unknown";"Others";0;0;"Joshua Webb";"Brayden Wong";"John Smith";">90";"Evening";5
"05203fa7-7a54-4950-a460-e98f45d3694f";"Inbound";"Order Related";"Order status enquiry";"Very good";"c3962d20-d94b-4690-9b0a-c73854c98360";"14/08/2023 15:49";"22/08/2023 09:03";"22/08/2023 09:08";"22-Aug-23";"SAMASTIPUR";"LifeStyle";349;0;"Anthony Clark";"Austin Johnson";"Michael Lee";"0-30";"Morning";5
"0520533e-d29a-411f-b105-dbd86617a4e1";"Outcall";"Product Queries";"Product Specific Information";"Customer care are good but policy is not good";"";"";"02/08/2023 13:25";"03/08/2023 15:46";"03-Aug-23";"Unknown";"Others";0;0;"Sharon Bullock";"Scarlett Chen";"John Smith";"0-30";"Morning";5
"05206366-02a8-4dd7-b4d7-25ee0f264d7f";"Inbound";"Order Related";"Delayed";"Great ?? ?? speak ??";"3f79dab8-7df5-451e-8d75-a1aa6899c2f3";"05/08/2023 08:15";"15/08/2023 08:27";"15/08/2023 08:28";"15-Aug-23";"HYDERABAD";"LifeStyle";399;0;"Patricia Moore";"Brayden Wong";"John Smith";">90";"Morning";4
"05216e6d-1de6-4ec3-8d5a-3e834f5a5f63";"Inbound";"Refund Related";"Refund Related Issues";"";"0024cabf-6ed2-4ac9-be5e-84a16d05ed43";"09/07/2023 13:24";"23/08/2023 15:51";"23/08/2023 15:52";"23-Aug-23";"KOLKATA";"LifeStyle";804;0;"Tristan Holt";"Emma Park";"John Smith";"61-90";"Afternoon";5
"05219414-af53-45c3-91ee-85b367215933";"Inbound";"Order Related";"Delayed";"When we choose english as the language try to communicate in that only.Speak hindi to those who selected hindi";"ff222a15-4ae0-47a7-a41e-b09cd2b3e619";"";"07/08/2023 16:59";"07/08/2023 18:35";"07-Aug-23";"Unknown";"Others";0;0;"Nancy Baker";"Olivia Wang";"John Smith";">90";"Evening";4
"05222e7a-1ec2-4045-9ac1-5346c763ec90";"Inbound";"Returns";"Reverse Pickup Enquiry";"";"1d4c3671-4930-4fff-8417-78fd80840dd3";"05/08/2023 17:27";"11/08/2023 12:21";"11/08/2023 12:24";"11-Aug-23";"GHAZIABAD";"Furniture";6674;0;"Janet Jackson";"Nathan Patel";"Michael Lee";">90";"Night";5
"0522ad49-f469-4d39-9421-50517e136323";"Inbound";"Order Related";"Installation/demo";"";"eb56c94f-bde6-4a5c-9036-16f9905ff492";"";"20/08/2023 08:54";"20/08/2023 09:07";"20-Aug-23";"Unknown";"Others";0;0;"Theresa Stewart";"Madison Kim";"John Smith";">90";"Morning";5
"0522d1f1-88e0-446c-9854-4ed8179c5b35";"Inbound";"Returns";"Fraudulent User";"";"";"";"04/08/2023 21:41";"04/08/2023 21:42";"04-Aug-23";"Unknown";"Others";0;0;"Jonathan King";"Nathan Patel";"John Smith";">90";"Split";5
"052459e0-8852-4835-857b-d12616f25888";"Inbound";"Returns";"Reverse Pickup Enquiry";"Very good";"859bfbbe-a8ba-47ea-a7bd-0d4a578e9532";"05/08/2023 17:57";"11/08/2023 17:31";"12/08/2023 07:34";"12-Aug-23";"UTRAULA";"LifeStyle";269;0;"Emily Mckenzie";"Amelia Tanaka";"Emily Chen";">90";"Split";5
"052555db-6ebf-4057-9dc6-05c0e365c794";"Inbound";"Order Related";"Seller Cancelled Order";"";"315906cb-94c8-43c0-bb0c-e90ccb2e9bf1";"";"01/08/2023 12:09";"01/08/2023 12:11";"01-Aug-23";"Unknown";"Others";0;0;"Jamie Smith";"Scarlett Chen";"John Smith";"0-30";"Morning";5
"05279221-4963-46c6-9cdb-f802405605c1";"Inbound";"Cancellation";"Not Needed";"Very pathetic service ??";"c3ba1915-7f5b-4e24-9741-e13bd2d51b78";"";"26/08/2023 09:59";"26/08/2023 10:03";"26-Aug-23";"Unknown";"Others";0;0;"Timothy Taylor";"Sophia Sato";"John Smith";"0-30";"Morning";1
"05289226-5e47-4d01-81d1-a6ef8e17e848";"Inbound";"Returns";"Reverse Pickup Enquiry";"";"8bb2ae94-5c4c-4a16-b94f-8deb28ac5b3f";"03/08/2023 20:37";"15/08/2023 10:39";"17/08/2023 20:44";"17-Aug-23";"SEHORE";"LifeStyle";649;0;"Kenneth Holt";"Ava Wong";"Jennifer Nguyen";"On Job Training";"Morning";5
"0528fc7e-d6a2-4927-9ae6-bbde3997cd93";"Email";"Order Related";"Delayed";"";"ccbacdc7-80a5-45d6-bfc8-84516bfebf7d";"12/08/2023 17:09";"21/08/2023 11:45";"21/08/2023 11:46";"21-Aug-23";"JAMMU";"Electronics";3499;0;"Brandy Foley";"Ethan Nakamura";"Emily Chen";"0-30";"Evening";1
"052902df-1fdd-4697-aafb-7d6551b34c32";"Inbound";"Order Related";"Delayed";"";"c6228634-7125-4b44-9c41-a7e1d6a47c23";"02/08/2023 21:38";"11/08/2023 09:55";"11/08/2023 09:56";"11-Aug-23";"SAHARSA";"LifeStyle";300;0;"Kristin Beasley";"Evelyn Kimura";"John Smith";"0-30";"Morning";5
"0529ce7c-e0ab-47db-a7d4-7c304c35b194";"Inbound";"Payments related";"e-Gift Voucher";"";"2c6b8a74-b705-438f-9f51-f9c51a433aeb";"";"24/08/2023 12:31";"24/08/2023 12:32";"24-Aug-23";"Unknown";"Others";0;0;"Dana Taylor";"Aiden Patel";"John Smith";">90";"Morning";2
"052ad2e5-b823-4ee4-b4c9-2cd5996398ac";"Inbound";"Returns";"Wrong";"";"";"";"12/08/2023 14:29";"12/08/2023 14:31";"12-Aug-23";"Unknown";"Others";0;0;"Joseph Gibson";"Layla Taniguchi";"Emily Chen";">90";"Morning";5
"052b401e-38df-430c-adef-f86beeda4632";"Inbound";"Returns";"Reverse Pickup Enquiry";"";"414d94b4-829d-4bb4-9fe0-2f76f0616c2a";"";"17/08/2023 10:26";"17/08/2023 10:30";"17-Aug-23";"Unknown";"Others";0;0;"Kathy Decker DVM";"Amelia Tanaka";"Michael Lee";"31-60";"Evening";5
"052b4704-b536-4201-b9c5-138febe181ef";"Inbound";"Order Related";"Order status enquiry";"Good help sir";"cc38a7e9-760f-4cba-b116-06fcf10eaf8e";"";"06/08/2023 13:06";"06/08/2023 21:26";"06-Aug-23";"Unknown";"Others";0;0;"Lisa Lawrence";"Abigail Suzuki";"Jennifer Nguyen";"On Job Training";"Morning";5
"052b77b6-0147-456d-be8c-95ab3900b8ee";"Inbound";"Product Queries";"Warranty related";"";"e032a16e-7e7d-4885-affa-5a935f10b1fe";"";"19/08/2023 04:53";"19/08/2023 04:54";"19-Aug-23";"Unknown";"Others";0;0;"Michael Miles";"Elijah Yamaguchi";"Michael Lee";"61-90";"Morning";5
"052bea0f-c6cb-48a2-b222-d4b1e6308221";"Inbound";"Order Related";"Delayed";"";"d902783c-1012-4400-b590-1a5c3090498b";"";"01/08/2023 09:25";"01/08/2023 09:25";"01-Aug-23";"Unknown";"Others";0;0;"Sharon Meyers";"Mason Gupta";"Jennifer Nguyen";"On Job Training";"Morning";1
"052c5f12-eab7-4892-9faa-9ad75f01f693";"Outcall";"Order Related";"Installation/demo";"";"";"";"03/08/2023 08:42";"03/08/2023 08:57";"03-Aug-23";"Unknown";"Others";0;0;"Brandy Odonnell";"Zoe Yamamoto";"William Kim";"On Job Training";"Morning";1
"052c6ebb-c297-4f3c-963a-36abc6f32ef6";"Inbound";"Offers & Cashback";"Other Cashback";"Good";"af637374-b7fc-42c4-924e-e211524ff0bb";"";"28/08/2023 11:30";"28/08/2023 00:00";"28-Aug-23";"Unknown";"Others";0;0;"Matthew Singleton";"Austin Johnson";"William Kim";"On Job Training";"Morning";5
"052da9ff-a9e0-4262-bc90-97c2e873193c";"Inbound";"Order Related";"Priority delivery";"";"e4668e35-c6c5-4320-8299-3ba4594f569f";"12/08/2023 14:10";"14/08/2023 09:59";"14/08/2023 10:00";"14-Aug-23";"AGRA";"Electronics";899;0;"Hannah Harding";"Abigail Suzuki";"Jennifer Nguyen";"On Job Training";"Evening";5
"052e482a-060c-4a5c-a7fc-0e820dbbf345";"Outcall";"Order Related";"Priority delivery";"";"5c0fd578-7576-44b5-9363-a4cf933f3546";"";"02/08/2023 09:03";"02/08/2023 09:41";"02-Aug-23";"Unknown";"Others";0;0;"Anthony Taylor";"Emma Park";"John Smith";"31-60";"Morning";5
"05316677-e43b-448b-af9a-f6ee5b5e7da0";"Inbound";"Order Related";"Order status enquiry";"";"c94cb31f-f0a5-4d5f-84d2-6771fc04cde8";"";"05/08/2023 20:04";"05/08/2023 20:10";"05-Aug-23";"Unknown";"Others";0;0;"Charles Williamson";"Logan Lee";"Emily Chen";"0-30";"Evening";5
"0531a3ff-e4a1-4a66-aed9-9112d4db2b14";"Email";"Order Related";"Delayed";"Wonderful wonderful bodybuilder full wonderful madam ne bhi   ful kam Kiya";"0ef75135-78e2-427a-9d62-7631f7543dc4";"04/08/2023 00:21";"14/08/2023 00:08";"14/08/2023 00:21";"14-Aug-23";"TIKAMGARH";"Home";3497;0;"Randy Mullins";"Jackson Park";"Michael Lee";"31-60";"Evening";5
"0531a56a-1b9c-49f8-bf85-0e0acdb9417a";"Inbound";"Feedback";"UnProfessional Behaviour";"";"fe110b18-8cc8-4572-876d-d2aadb9ff9aa";"";"06/08/2023 08:51";"06/08/2023 08:54";"06-Aug-23";"Unknown";"Others";0;0;"Judith Wyatt";"Evelyn Kimura";"John Smith";"0-30";"Morning";5
"0531c302-2e52-41a3-a928-badc3859f2db";"Inbound";"Order Related";"Order status enquiry";"";"6ba2e50e-40af-4290-9659-e6de3575ffe9";"";"05/08/2023 17:50";"06/08/2023 01:58";"06-Aug-23";"Unknown";"Others";0;0;"Brandy Foley";"Ethan Nakamura";"Emily Chen";"0-30";"Evening";5
"05346972-21ff-462c-8129-b96fd545bf10";"Inbound";"Order Related";"Delayed";"Please work on the delivery agent. I have no issue with the customer support they are working great ??. Just these delivery agent needs to be more responsible and active on phone calls. We are unable to reach them at call.";"b21f2be8-0998-4208-89bd-5c8bd6d18f3a";"";"10/08/2023 08:05";"10/08/2023 12:59";"10-Aug-23";"Unknown";"Others";0;0;"Christopher Sanchez";"Austin Johnson";"Michael Lee";"0-30";"Morning";5
"05361b03-61fd-44aa-ba99-5296911b3af9";"Inbound";"Order Related";"Order status enquiry";"Excellent Behaviour from the Executive";"d64361b1-c173-417b-a9ec-125aeaea0abf";"";"22/08/2023 12:53";"22/08/2023 12:55";"22-Aug-23";"Unknown";"Others";0;0;"Penny Lam";"Elijah Yamaguchi";"Emily Chen";"61-90";"Evening";5
"0537947e-43e9-4dd5-a232-7d8b9cd0e7d7";"Inbound";"Returns";"Reverse Pickup Enquiry";"Thanks";"0ca2ee79-eb70-449f-82ca-2f573299bfad";"";"05/08/2023 13:48";"05/08/2023 13:50";"05-Aug-23";"Unknown";"Others";0;0;"Jeffrey Ross";"Isabella Wong";"Emily Chen";">90";"Afternoon";5
"05381e90-302e-4f1d-8374-68c88ba1ad99";"Inbound";"Order Related";"Order status enquiry";"";"";"";"03/08/2023 21:07";"03/08/2023 21:13";"03-Aug-23";"Unknown";"Others";0;0;"Donald Hunt";"Lucas Singh";"John Smith";"31-60";"Evening";5
"0538a86e-9a5f-43ae-8677-d5e06db00515";"Inbound";"Refund Related";"Refund Enquiry";"hi ache se samjaya";"257ab7d0-8429-48df-be27-8d4aa480791b";"";"29/08/2023 11:40";"29/08/2023 11:43";"29-Aug-23";"Unknown";"Others";0;0;"Alyssa Ford";"Carter Park";"Jennifer Nguyen";"On Job Training";"Morning";5
"053a451e-4a01-44e7-8e1b-56c6bc7b51a3";"Outcall";"Returns";"Reverse Pickup Enquiry";"Good ????";"bddb93c7-6531-49fc-87aa-8925152fa42c";"";"20/08/2023 09:28";"20/08/2023 09:28";"20-Aug-23";"Unknown";"Others";0;0;"Dr. Heather Lewis";"Elijah Yamaguchi";"Emily Chen";"61-90";"Evening";5
"053a6e8c-c0f9-4a76-946c-02eaf26baa29";"Inbound";"Returns";"Damaged";"Nothing";"787a41ad-1e85-44bb-949c-b61386dc04b8";"";"09/08/2023 17:57";"09/08/2023 18:01";"09-Aug-23";"Unknown";"Others";0;0;"Karen Smith";"Lucas Singh";"John Smith";">90";"Evening";5
"053b2b08-851d-4caf-9ffb-7bcfb2947dfe";"Inbound";"Order Related";"Unable to track";"";"388a799a-380b-478b-b218-be50913fd6f4";"";"11/08/2023 13:43";"11/08/2023 13:46";"11-Aug-23";"Unknown";"Others";0;0;"Whitney James";"Noah Patel";"Emily Chen";">90";"Afternoon";2
"053c74c0-169d-4c3e-849a-0d7fa2dce965";"Inbound";"Order Related";"Order status enquiry";"";"a2c63d81-8b88-4929-a100-b82ab3260050";"";"27/08/2023 01:04";"27/08/2023 01:07";"27-Aug-23";"Unknown";"Others";0;0;"Ricky Berger";"Wyatt Kim";"Michael Lee";">90";"Evening";5
"053e4aaf-953c-495c-aa63-1314ddbf4921";"Inbound";"Order Related";"Delayed";"";"8c487636-42f0-455c-9a5c-59dad08a37e3";"";"28/08/2023 21:07";"28/08/2023 00:00";"28-Aug-23";"Unknown";"Others";0;0;"Meghan Holmes";"Olivia Suzuki";"Jennifer Nguyen";"On Job Training";"Evening";5
"053e73c7-e385-4eba-a66e-9281ff97b311";"Inbound";"Order Related";"Delayed";"Over all good ??";"abc44079-8f66-469a-b7cb-3b2b6a5ace1b";"";"07/08/2023 17:30";"07/08/2023 18:37";"07-Aug-23";"Unknown";"Others";0;0;"Tony Jones";"Lily Chen";"Michael Lee";"31-60";"Evening";5
"053f3821-86ac-408e-aa3e-af3917bbe017";"Inbound";"Returns";"Reverse Pickup Enquiry";"";"f749f6e7-c616-4825-9a2d-a2a00eb00751";"";"07/08/2023 16:44";"07/08/2023 16:45";"07-Aug-23";"Unknown";"Others";0;0;"Rhonda Sullivan";"Jackson Park";"William Kim";"On Job Training";"Evening";5
"05419b74-67e8-4552-9295-40e67ca895e2";"Inbound";"Refund Related";"Refund Enquiry";"";"0cb6cb61-af14-4c29-b82e-edf8b8f22112";"";"25/08/2023 16:56";"25/08/2023 17:07";"25-Aug-23";"Unknown";"Others";0;0;"Amy Berry";"Elijah Yamaguchi";"John Smith";">90";"Evening";4
"0541f3c3-a9ad-4a5f-94ae-03dc6ec5e25f";"Inbound";"Returns";"Reverse Pickup Enquiry";"";"3dd42c76-8edb-43ca-a060-c47434629c55";"";"06/08/2023 09:04";"06/08/2023 09:08";"06-Aug-23";"Unknown";"Others";0;0;"Karen Schultz";"Evelyn Kimura";"John Smith";"0-30";"Morning";4
"05427f0c-8db9-45bc-adee-bbb5ab0b5092";"Inbound";"Order Related";"Order status enquiry";"Good talking";"5849fc24-4ba0-4786-8355-c32489467695";"28/07/2023 19:57";"07/08/2023 18:17";"07/08/2023 18:33";"07-Aug-23";"ALLAHABAD";"Mobile";32999;0;"Susan Salazar";"Carter Park";"Jennifer Nguyen";"On Job Training";"Evening";5
"05429c4f-21bd-4b4c-971f-43babe121636";"Inbound";"Order Related";"Delayed";"After the complaint they told me to wait for 24hrs with patience. I have been waiting the said period and then nothing happened no one interacted ...why are you not caring your customers?it us really disappointing which I am not facing with other online sellers";"5066f519-e87c-44c8-9119-81252d42ad81";"26/07/2023 13:39";"06/08/2023 15:13";"07/08/2023 12:33";"07-Aug-23";"CHENNAI";"Home";282;0;"Melissa Russell";"Harper Wong";"Emily Chen";"31-60";"Afternoon";1
"054305ea-b966-4ffb-904b-00485547e7a7";"Inbound";"Product Queries";"Product Specific Information";"";"dd9d497e-0ac0-4882-aa2a-87f6b8e81d98";"";"08/08/2023 07:47";"08/08/2023 17:26";"08-Aug-23";"Unknown";"Others";0;0;"Nicole Cummings";"Jackson Park";"John Smith";">90";"Morning";1
"054400af-ee5b-4b0c-b93f-b0483cf055c6";"Outcall";"Order Related";"Invoice request";"";"";"";"16/08/2023 13:09";"16/08/2023 13:13";"16-Aug-23";"Unknown";"Others";0;0;"Lorraine Smith";"Carter Park";"Jennifer Nguyen";"On Job Training";"Evening";5
"054471f8-9d2c-4909-9afa-66e412e6f486";"Inbound";"Order Related";"Order status enquiry";"";"8b5a8149-362a-4e95-93e7-08628522d976";"";"01/08/2023 20:12";"01/08/2023 20:16";"01-Aug-23";"Unknown";"Others";0;0;"Matthew Bennett";"Olivia Wang";"John Smith";">90";"Evening";2
"0546ebb2-b458-4d5c-9b95-cfba4dea202e";"Inbound";"Returns";"Return request";"";"64afdbc0-1036-4dc9-9050-a87bcdb9c8ea";"";"23/08/2023 15:39";"23/08/2023 15:42";"23-Aug-23";"Unknown";"Others";0;0;"Kevin Walsh";"Lily Chen";"Michael Lee";">90";"Morning";5
"0546ef0b-3f6b-4774-bcf3-1db1e00eaad8";"Outcall";"Returns";"Return request";"Overall good response from your side";"e25b2b58-c312-4efa-ae6b-cac718310cb7";"";"30/08/2023 19:01";"30/08/2023 19:07";"30-Aug-23";"Unknown";"Others";0;0;"Craig Fuller";"Charlotte Suzuki";"William Kim";"On Job Training";"Morning";5
"0547ec76-2f0b-41d3-a579-917c7affc740";"Inbound";"Returns";"Return request";"";"05916c41-3b59-499e-918a-d040c63f2f62";"03/08/2023 15:27";"07/08/2023 19:18";"08/08/2023 17:54";"08-Aug-23";"BEGUSARAI";"Electronics";990;0;"Kathy Decker DVM";"Amelia Tanaka";"Michael Lee";"31-60";"Evening";5
"054a3630-bc3b-4735-9b4c-974b8120fd1d";"Inbound";"Returns";"Fraudulent User";"";"";"";"12/08/2023 19:18";"12/08/2023 19:20";"12-Aug-23";"Unknown";"Others";0;0;"William Brown";"Madison Kim";"John Smith";">90";"Morning";4
"054b5cf4-09d4-4fc1-b3fe-9dded2234f4a";"Inbound";"Returns";"Return request";"Thanku sir";"737b5e40-54e9-4f54-badf-169b0d23a8eb";"";"28/08/2023 13:32";"28/08/2023 00:00";"28-Aug-23";"Unknown";"Others";0;0;"Ashley Ferguson";"Austin Johnson";"William Kim";"On Job Training";"Morning";5
"054d158d-d610-476f-bcef-c9586e337885";"Inbound";"Order Related";"Invoice request";"";"d616e3d1-dcf8-40f6-8463-b03d5b0ee862";"";"05/08/2023 19:55";"05/08/2023 20:05";"05-Aug-23";"Unknown";"Others";0;0;"James Blackwell";"Jackson Park";"William Kim";"On Job Training";"Evening";1
"054d2563-0f4a-40e6-9623-ceb97b5f074b";"Inbound";"Returns";"Fraudulent User";"";"893643ba-cac6-4b54-9987-3929ecb30573";"";"01/08/2023 11:08";"02/08/2023 08:40";"02-Aug-23";"Unknown";"Others";0;0;"Timothy Grant";"William Park";"John Smith";"31-60";"Morning";3
"054de1f8-ce9a-4edd-8a9e-411d4fdb7d9a";"Outcall";"Product Queries";"Product Specific Information";"";"";"";"11/08/2023 22:27";"12/08/2023 02:20";"12-Aug-23";"Unknown";"Others";0;0;"Eric Bowen";"Amelia Tanaka";"Michael Lee";"31-60";"Evening";1
"054eb335-c618-4d66-ab81-9b4eb69ef2a3";"Inbound";"Refund Related";"Refund Enquiry";"";"aa3908c0-80a6-4f42-a64d-8c8dccb5fe48";"";"18/08/2023 19:23";"18/08/2023 19:35";"18-Aug-23";"Unknown";"Others";0;0;"Kevin Lee";"Harper Wong";"William Kim";"On Job Training";"Evening";2
"054f0a62-02b2-4636-ab2a-45923b91953b";"Outcall";"Refund Related";"Refund Enquiry";"";"243366c5-a132-446c-8123-248f7bcc498f";"23/08/2023 09:10";"28/08/2023 11:32";"29/08/2023 10:47";"29-Aug-23";"VISHAKHAPATNAM";"LifeStyle";849;0;"Timothy Scott";"Zoe Yamamoto";"William Kim";"On Job Training";"Morning";5
"055133a8-57fa-4e42-a074-68a2935d6e87";"Inbound";"Returns";"Reverse Pickup Enquiry";"Good";"0ec6dcc6-176e-4699-823f-aace5ad9ed49";"";"28/08/2023 08:04";"28/08/2023 00:00";"28-Aug-23";"Unknown";"Others";0;0;"Zachary Collins";"Jacob Sato";"Jennifer Nguyen";"On Job Training";"Morning";2
"0551d1c5-09c5-4587-9e2e-cd35be24869e";"Inbound";"Product Queries";"Product Specific Information";"Offer";"7a20112a-b71f-4e55-8662-a387df16b507";"";"31/08/2023 22:02";"31/08/2023 22:23";"31-Aug-23";"Unknown";"Others";0;0;"Deanna Wright";"Jackson Park";"William Kim";"On Job Training";"Morning";5
"05523ce6-f957-425b-88d6-04f62746e739";"Inbound";"Order Related";"Priority delivery";"";"4c0051be-82d9-4d88-b87e-3eca943df0cc";"29/07/2023 13:45";"03/08/2023 10:57";"03/08/2023 11:01";"03-Aug-23";"MADANPUR";"LifeStyle";269;0;"William Little MD";"Evelyn Kimura";"John Smith";"0-30";"Morning";5
"05531c6e-c17e-4e3d-83be-3825f2af78ea";"Inbound";"Shopzilla Related";"General Enquiry";"Nice";"d54252c2-46d9-4220-bc55-eb0bfcc4e3a1";"";"18/08/2023 21:11";"18/08/2023 21:16";"18-Aug-23";"Unknown";"Others";0;0;"Kristi Schultz";"Noah Patel";"Michael Lee";"61-90";"Night";5
"0554f289-a06d-449c-afac-0e2a11e9fcb3";"Email";"Returns";"Wrong";"";"c3db9e78-3987-41de-b4ec-2d8dfc3555c8";"20/08/2023 12:10";"24/08/2023 18:01";"24/08/2023 18:07";"24-Aug-23";"HYDERABAD";"Electronics";294;0;"Terri Lopez";"Dylan Kim";"Jennifer Nguyen";"On Job Training";"Evening";4
"05552095-69c1-4bbe-b102-14b0d81d601e";"Inbound";"Order Related";"Installation/demo";"";"";"";"15/08/2023 09:15";"15/08/2023 10:28";"15-Aug-23";"Unknown";"Others";0;0;"Robert Cook";"Mia Yamamoto";"Emily Chen";">90";"Evening";5
"05562e2e-f2d4-40e6-9850-ff0d7c7ce86f";"Inbound";"Returns";"Return request";"Customer support services Is very affective and helpful";"c88e92c0-f9d9-4876-bbc0-497f7b45a084";"30/07/2023 12:51";"14/08/2023 00:42";"14/08/2023 21:13";"14-Aug-23";"BHOPAL";"Electronics";1499;0;"Sarah Thomas";"Logan Lee";"Emily Chen";"61-90";"Evening";4
"05572adc-bdce-44fa-9f9b-9de69487f0d0";"Inbound";"Returns";"Self-Help";"";"ce4932bd-0e2a-4fec-9e88-d7763fde819d";"";"23/08/2023 12:53";"23/08/2023 14:13";"23-Aug-23";"Unknown";"Others";0;0;"David Meza MD";"Olivia Suzuki";"John Smith";"31-60";"Morning";5
"0557fd25-9803-4484-b49b-0263950d2f43";"Email";"Order Related";"Delayed";"";"edde6afa-81e5-4892-a6a7-ebcb523c0c6b";"14/07/2023 15:41";"30/08/2023 15:53";"30/08/2023 22:24";"30-Aug-23";"BHUBANESWAR";"Books & General merchandise";149;0;"Rhonda Martin DVM";"Wyatt Kim";"Jennifer Nguyen";"On Job Training";"Morning";4
"0559dbba-c2c3-49fb-849b-2634760c9ad7";"Email";"Order Related";"Delayed";"";"daca293c-4a1c-41d7-a771-83af4eaba2a1";"";"22/08/2023 13:44";"22/08/2023 13:53";"22-Aug-23";"Unknown";"Others";0;0;"Kyle Warren DDS";"Scarlett Chen";"John Smith";"0-30";"Morning";5
"055a96e1-9b90-46cb-843e-f59f20675505";"Inbound";"Order Related";"Installation/demo";"";"418341eb-0dbd-4b75-ae1d-97c185da4cfa";"";"09/08/2023 15:12";"09/08/2023 15:39";"09-Aug-23";"Unknown";"Others";0;0;"Cole Moore";"Emma Park";"John Smith";"31-60";"Morning";5
"055ae271-ca53-4a05-9975-f867feb657c6";"Inbound";"Order Related";"Order status enquiry";"Good job";"";"";"16/08/2023 15:34";"16/08/2023 20:37";"16-Aug-23";"Unknown";"Others";0;0;"Stacey Lynch";"Austin Johnson";"Michael Lee";"0-30";"Morning";5
"055b8c36-158c-4348-9637-47fd351c75dc";"Inbound";"Returns";"Return request";"Be clear in the calls";"f03b37f0-7d17-4d9b-996b-9488ebc5a865";"";"23/08/2023 16:13";"25/08/2023 14:15";"25-Aug-23";"Unknown";"Others";0;0;"Kristin Beasley";"Evelyn Kimura";"John Smith";"0-30";"Morning";4
"055c1f2c-0138-42bc-aa70-8fb7c935158a";"Inbound";"Order Related";"Delayed";"";"20afb614-95d3-424e-b808-600d3208d4f3";"16/08/2023 16:07";"23/08/2023 16:25";"23/08/2023 16:27";"23-Aug-23";"AMROHA";"Books & General merchandise";199;0;"Paul Mack";"Emma Park";"John Smith";"61-90";"Afternoon";1
"055c5015-d545-48b3-9339-b13d51aec58e";"Outcall";"Feedback";"UnProfessional Behaviour";"";"bc8a4977-e1da-49cc-8624-2b48d9e51ba2";"";"18/08/2023 20:27";"18/08/2023 20:30";"18-Aug-23";"Unknown";"Others";0;0;"Rebecca Walker";"Logan Lee";"Emily Chen";"61-90";"Evening";3
"055e14e4-92ab-40c2-8929-9e3aa4952d6e";"Inbound";"Returns";"Reverse Pickup Enquiry";"";"";"";"14/08/2023 17:38";"14/08/2023 17:46";"14-Aug-23";"Unknown";"Others";0;0;"Angela Carlson";"Wyatt Kim";"Michael Lee";"61-90";"Afternoon";5
"056015c9-9f4e-471a-9320-fef5751eee1d";"Inbound";"Order Related";"Delayed";"";"39e7b6eb-ad3d-4684-a0f0-b7a0441390ff";"";"02/08/2023 22:45";"02/08/2023 22:46";"02-Aug-23";"Unknown";"Others";0;0;"Garrett Parker";"Wyatt Kim";"Michael Lee";">90";"Evening";5
"0560665b-6090-4f6c-9a29-20a947b9e4df";"Outcall";"Returns";"Wrong";"";"9f0b7c41-b652-4bfa-9673-1c3b15576105";"";"29/08/2023 06:45";"29/08/2023 07:34";"29-Aug-23";"Unknown";"Others";0;0;"Melissa West";"William Park";"John Smith";"31-60";"Morning";5
"0560f878-3d7c-4da0-ae0b-0a37fdb3966e";"Inbound";"Product Queries";"Product Specific Information";"She was very polite ??";"814db1f0-b0fd-451a-bddf-cea201ff1d09";"";"06/08/2023 20:36";"06/08/2023 22:25";"06-Aug-23";"Unknown";"Others";0;0;"Jeffrey Miller";"Elijah Yamaguchi";"Michael Lee";">90";"Afternoon";5
"0561afc3-808b-4a7d-887d-8d26c2feb238";"Outcall";"Order Related";"Seller Cancelled Order";"";"df804b0c-82e5-47e3-a42e-bf522c963fd6";"";"02/08/2023 18:57";"02/08/2023 18:59";"02-Aug-23";"Unknown";"Others";0;0;"Austin Gregory";"Olivia Suzuki";"John Smith";"31-60";"Morning";1
"05620a5a-7142-4bae-8f6a-3a5e7853ad91";"Inbound";"Order Related";"Seller Cancelled Order";"";"";"";"27/08/2023 13:33";"27/08/2023 13:35";"27-Aug-23";"Unknown";"Others";0;0;"Kenneth Holt";"Ava Wong";"Jennifer Nguyen";"On Job Training";"Morning";5
"0562f317-9d6e-4bf7-b720-dcd123860765";"Inbound";"Payments related";"Online Payment Issues";"";"4dea354f-de16-4f16-9197-506fafeda17f";"";"17/08/2023 10:57";"17/08/2023 11:00";"17-Aug-23";"Unknown";"Others";0;0;"Alicia Payne";"Olivia Suzuki";"Jennifer Nguyen";"On Job Training";"Morning";1
"0563c7f8-be89-40cb-a783-e403d09b4421";"Inbound";"Order Related";"Order status enquiry";"";"45ff5abf-01c4-4db7-ba01-f36cec63863b";"16/07/2023 12:11";"05/08/2023 23:28";"05/08/2023 23:29";"05-Aug-23";"BHUJ";"Electronics";599;0;"Trevor Turner";"Olivia Wang";"Emily Chen";"31-60";"Evening";1
"05645d94-d950-4e75-a9d6-3939de831364";"Outcall";"Feedback";"UnProfessional Behaviour";"";"";"";"14/08/2023 12:08";"14/08/2023 12:10";"14-Aug-23";"Unknown";"Others";0;0;"Craig Henderson";"Brayden Wong";"John Smith";">90";"Evening";4
"0564aad6-118c-41a1-86c3-ac8a98f9e661";"Inbound";"Product Queries";"Product Specific Information";"should be crystal clear rather than the fake information given by them and customer has to suffer.";"5c63021e-8771-4915-ab0d-ceed2b653c3c";"";"06/08/2023 23:05";"07/08/2023 15:55";"07-Aug-23";"Unknown";"Others";0;0;"Katrina Rodriguez";"Elijah Yamaguchi";"John Smith";">90";"Evening";3
"0564c5e0-de11-4a27-8b94-19efec7b48e7";"Outcall";"Returns";"Reverse Pickup Enquiry";"";"d18cd3d1-2d3b-4579-8846-529f894753ec";"";"22/08/2023 11:01";"22/08/2023 11:02";"22-Aug-23";"Unknown";"Others";0;0;"Noah Chase";"Evelyn Kimura";"John Smith";"0-30";"Morning";5
"0565402d-fea5-4fd8-9b69-5a763e7f24eb";"Outcall";"Product Queries";"Product Specific Information";"";"b3c6e891-d25f-4e21-af46-3d92cb3b153a";"";"21/08/2023 22:59";"21/08/2023 23:05";"21-Aug-23";"Unknown";"Others";0;0;"Wesley Meyer";"Zoe Yamamoto";"John Smith";">90";"Morning";1
"0565614e-4987-437f-9297-38f50c1139a4";"Inbound";"Refund Related";"Refund Related Issues";"Thanks you Shopzilla";"f0425c58-987d-48ac-aced-53b0ba4eb634";"";"19/08/2023 14:15";"19/08/2023 14:21";"19-Aug-23";"Unknown";"Others";0;0;"Karen Vasquez";"Emily Yamashita";"Michael Lee";">90";"Morning";5
"05661e1f-c4e6-42f2-b9e6-bfddf51da71b";"Inbound";"Returns";"Reverse Pickup Enquiry";"";"0491751b-5903-435c-bda5-eb1de6f771b3";"";"17/08/2023 12:18";"17/08/2023 12:20";"17-Aug-23";"Unknown";"Others";0;0;"Laura Gonzales";"Zoe Yamamoto";"William Kim";"On Job Training";"Morning";5
"05664707-9fbe-41e5-ab80-3ffabf6029b3";"Inbound";"Order Related";"Seller Cancelled Order";"";"";"";"12/08/2023 13:36";"12/08/2023 13:41";"12-Aug-23";"Unknown";"Others";0;0;"Timothy Taylor";"Sophia Sato";"John Smith";"0-30";"Morning";5
"05664deb-8efe-4401-a8d8-39017aab04bf";"Inbound";"Order Related";"Order status enquiry";"";"f01409f7-ddc1-49b1-9466-8761be5b995e";"";"22/08/2023 19:15";"22/08/2023 19:17";"22-Aug-23";"Unknown";"Others";0;0;"Jonathan Wright";"Olivia Suzuki";"Olivia Tan";"On Job Training";"Morning";5
"0568119e-6894-44e6-a3cf-d731ff16d9ab";"Inbound";"Returns";"Fraudulent User";"Thanks you so much ma'am";"7267348f-3e9e-4283-b2e4-d676ef4ff874";"";"28/08/2023 08:15";"28/08/2023 00:00";"28-Aug-23";"Unknown";"Others";0;0;"Randy Mullins";"Jackson Park";"Michael Lee";"31-60";"Evening";5
"0568f597-8c42-493d-8e37-483615aa0bd5";"Inbound";"Product Queries";"Product Specific Information";"";"";"";"14/08/2023 22:08";"14/08/2023 22:13";"14-Aug-23";"Unknown";"Others";0;0;"David Meyers";"Isabella Wong";"Emily Chen";">90";"Afternoon";5
"05693fa4-6403-43a3-80f4-ffff19166171";"Email";"Refund Related";"Refund Enquiry";"";"721ed3e7-2122-43c5-b5f1-6dd33d6d2538";"";"28/08/2023 13:02";"28/08/2023 00:00";"28-Aug-23";"Unknown";"Others";0;0;"Matthew Calderon";"Abigail Suzuki";"Jennifer Nguyen";"On Job Training";"Evening";5
"056a960d-8421-4398-8d20-1d719d8bf840";"Outcall";"Order Related";"Installation/demo";"";"";"";"13/08/2023 10:41";"13/08/2023 11:09";"13-Aug-23";"Unknown";"Others";0;0;"Jasmin Rasmussen";"Abigail Suzuki";"Jennifer Nguyen";"On Job Training";"Morning";4
"056b922b-6fcc-4fdc-a0c0-a4622c300ef9";"Inbound";"Returns";"Reverse Pickup Enquiry";"Customer care executive was good but wm was not good";"6ec61b84-e6f9-4bf6-a0da-2dabaaf9ffa2";"";"16/08/2023 18:09";"17/08/2023 10:43";"17-Aug-23";"Unknown";"Others";0;0;"John Mccall";"Isabella Wong";"Emily Chen";">90";"Afternoon";4
"056c9817-1f53-4bc3-bf29-c54abc2431c4";"Inbound";"Shopzilla Related";"Shopzila Premium Related";"";"8a174b50-f0b5-4aad-a2ec-10b294f721ab";"";"05/08/2023 13:16";"05/08/2023 13:25";"05-Aug-23";"Unknown";"Others";0;0;"Penny Bradley";"Wyatt Kim";"Jennifer Nguyen";"On Job Training";"Morning";4
"056cd0c5-bc10-494f-8bd5-b9170c69943b";"Inbound";"Order Related";"Order status enquiry";"";"";"";"15/08/2023 15:58";"15/08/2023 16:00";"15-Aug-23";"Unknown";"Others";0;0;"Virginia Diaz";"Evelyn Kimura";"John Smith";"0-30";"Morning";5
"056d3974-b135-431f-b74d-ac6f902b950e";"Inbound";"Order Related";"Priority delivery";"";"0ac701ae-2912-4770-b100-342559288755";"31/07/2023 13:05";"18/08/2023 11:07";"18/08/2023 11:07";"18-Aug-23";"GORAKHPUR";"Home";207;0;"Bethany Lee";"Olivia Suzuki";"John Smith";"31-60";"Morning";5
"056d90a4-c2e2-49a2-a798-d45771d36805";"Inbound";"Order Related";"Delayed";"";"d1293030-c85a-43ce-9b0f-147a864ceb1f";"";"17/08/2023 20:15";"17/08/2023 20:22";"17-Aug-23";"Unknown";"Others";0;0;"Robert Lawrence";"Olivia Suzuki";"Jennifer Nguyen";"On Job Training";"Evening";5
"056ddb71-cbe9-43b3-a9d1-256236eb877e";"Inbound";"Order Related";"Delayed";"Very bad survice for you";"d3092e36-1e67-4a24-8ef9-36ae08947524";"";"09/08/2023 21:22";"10/08/2023 01:08";"10-Aug-23";"Unknown";"Others";0;0;"Lori Daugherty";"Mia Patel";"Emily Chen";"61-90";"Evening";1
"05717109-a113-4aae-87d5-ac59a05bad5e";"Outcall";"Returns";"Fraudulent User";"";"a9719e22-c23a-4b70-88d7-06a2d7ed3f84";"";"17/08/2023 09:49";"17/08/2023 10:00";"17-Aug-23";"Unknown";"Others";0;0;"Matthew Lambert";"Olivia Wang";"Olivia Tan";">90";"Afternoon";5
"05731c3e-1f65-4834-88f8-ab3c831a22be";"Email";"Order Related";"Installation/demo";"";"24099257-03d1-4c6b-8855-2df461865b9c";"";"29/08/2023 10:36";"29/08/2023 10:54";"29-Aug-23";"Unknown";"Others";0;0;"Gregory Davenport";"Charlotte Suzuki";"Jennifer Nguyen";"On Job Training";"Evening";5
"05733bd9-a053-4666-a7b4-45bb46d390fd";"Inbound";"Returns";"Reverse Pickup Enquiry";"My refund";"";"";"03/08/2023 12:47";"03/08/2023 13:32";"03-Aug-23";"Unknown";"Others";0;0;"Anna Lawrence";"Mason Gupta";"Jennifer Nguyen";"On Job Training";"Morning";1
"057484d0-7e8d-4732-bfed-8129abd5a117";"Inbound";"Returns";"Product related Issues";"";"d796d608-d8b9-4837-9356-b138b25bfc6a";"11/07/2023 08:11";"14/08/2023 09:28";"17/08/2023 16:16";"17-Aug-23";"MUMBAI";"Books & General merchandise";840;0;"Timothy Huff";"Aiden Patel";"John Smith";">90";"Morning";5
"0574988d-bae7-415e-966d-9a64e17e012e";"Inbound";"Order Related";"Installation/demo";"";"";"";"14/08/2023 09:07";"14/08/2023 09:10";"14-Aug-23";"Unknown";"Others";0;0;"Betty Harris";"Lily Chen";"Michael Lee";">90";"Morning";3
"05754626-4a72-4247-a971-11f9f45900fe";"Inbound";"Order Related";"Order status enquiry";"";"d206c46d-373b-4075-876b-6112ffe21c11";"";"05/08/2023 22:11";"05/08/2023 22:14";"05-Aug-23";"Unknown";"Others";0;0;"Carla Morgan";"Nathan Patel";"Emily Chen";"0-30";"Evening";5
"0575cb7d-6baa-48d5-9da9-7ef1cf682c6a";"Outcall";"Returns";"Fraudulent User";"okl";"c7a60592-a625-4eb7-b3e1-47bc8be282d4";"";"20/08/2023 19:03";"21/08/2023 08:58";"21-Aug-23";"Unknown";"Others";0;0;"Sara Chavez";"Lily Chen";"Michael Lee";"31-60";"Evening";5
"05769d01-cb8e-45bf-b0d2-1f8aa9b23d53";"Inbound";"Shopzilla Related";"Account updation";"";"cbb8e21d-3118-4152-874b-a59f332951ef";"";"28/08/2023 12:09";"28/08/2023 00:00";"28-Aug-23";"Unknown";"Others";0;0;"Karen Montgomery";"Ava Wong";"William Kim";"On Job Training";"Evening";1
"0577c120-b384-423e-9378-9c0a331ed86d";"Outcall";"Returns";"Return request";"VERY GOOD BEHAVIOUR UR EXECUTIVE.10/10";"767a41b1-9dac-4862-8858-44cb9c841fe7";"";"28/08/2023 12:31";"28/08/2023 00:00";"28-Aug-23";"Unknown";"Others";0;0;"Jennifer Martinez";"Austin Johnson";"Michael Lee";"0-30";"Morning";5
"0577cb28-9996-459d-8840-3c19147e083b";"Inbound";"Returns";"Reverse Pickup Enquiry";"";"";"";"27/08/2023 14:20";"27/08/2023 14:25";"27-Aug-23";"Unknown";"Others";0;0;"Jesse Blevins";"Austin Johnson";"William Kim";"On Job Training";"Morning";5
"05789b22-6da0-48bd-89e7-2d562f9a9106";"Inbound";"Returns";"Return request";"";"448e5bfe-ffc3-45be-9cc2-28f272d2c692";"";"22/08/2023 22:15";"22/08/2023 22:17";"22-Aug-23";"Unknown";"Others";0;0;"Ronnie Romero";"Aiden Patel";"John Smith";">90";"Morning";5
"057babd1-67d6-430e-8644-8743c54d9264";"Inbound";"Order Related";"General Enquiry";"Delivery is late.  improve it.";"77932d96-2550-46f5-9a88-4ed6eefbb0f2";"";"10/08/2023 19:46";"10/08/2023 19:53";"10-Aug-23";"Unknown";"Others";0;0;"Cindy Kerr";"Alexander Tanaka";"Michael Lee";"0-30";"Evening";5
"057c7db6-ac6d-4e9c-bebb-bcaf99722013";"Inbound";"Order Related";"Delayed";"";"75c874cf-b7cb-430e-ab5f-0ed975c60479";"03/08/2023 06:33";"08/08/2023 20:25";"08/08/2023 20:28";"08-Aug-23";"HYDERABAD";"LifeStyle";279;0;"Charles Moore";"Nathan Patel";"Jennifer Nguyen";"On Job Training";"Evening";4
"057d3101-ac9d-42e9-a460-a5824078382e";"Inbound";"Order Related";"Invoice request";"Nice to talk ??";"c4e6412f-10f2-4dd9-9ebc-ca41b71ec1ee";"";"24/08/2023 20:52";"24/08/2023 20:53";"24-Aug-23";"Unknown";"Others";0;0;"Timothy Huff";"Aiden Patel";"John Smith";">90";"Morning";5
"057d41b2-2e9f-4543-b2ab-4b043a5ecab1";"Inbound";"Feedback";"UnProfessional Behaviour";"Customer service support disconnected my call while we were on hold";"009c5998-dc63-40c4-8d4f-6e384c7ea9cb";"";"25/08/2023 14:53";"25/08/2023 14:55";"25-Aug-23";"Unknown";"Others";0;0;"James Ford";"Emily Yamashita";"Michael Lee";">90";"Morning";1
"057d78f1-ae11-4933-bf14-758bcceccb61";"Inbound";"Cancellation";"Return cancellation";"Thank you Shopzilla";"ec9e6d05-734f-41a4-8419-822544de89da";"04/08/2023 11:11";"11/08/2023 10:54";"11/08/2023 11:31";"11-Aug-23";"KAKINADA";"LifeStyle";395;0;"Samuel Ramos";"Nathan Patel";"Michael Lee";">90";"Split";5
"057d9a9a-9685-4c4c-86f4-8e735a75ff65";"Inbound";"Order Related";"Order status enquiry";"";"8654000f-b64a-4f18-961b-a8ba231a9ba8";"22/08/2023 18:08";"28/08/2023 18:43";"28/08/2023 00:00";"28-Aug-23";"MADHUBANI";"Electronics";299;0;"Shannon Reyes";"Ava Wong";"William Kim";"On Job Training";"Evening";5
"057dca6d-c0be-423e-8d67-a1b6f808e291";"Outcall";"Refund Related";"Refund Enquiry";"Policies are more complex.Don't happy with sellers, they are new to Shopzilla, their review and ratings are very poor.If we Google Shopzilla seller name, it shows many complaints against seller on consumercomplaints platform.This make very owful experience for shopping via Shopzilla.";"f745c1ea-847e-4321-9b28-5a118f887568";"";"22/08/2023 08:44";"22/08/2023 08:45";"22-Aug-23";"Unknown";"Others";0;0;"Brandy Foley";"Ethan Nakamura";"Emily Chen";"0-30";"Evening";5
"057e28c8-3e6a-4373-b005-e45db15314b8";"Inbound";"Order Related";"General Enquiry";"";"85a03cff-5c47-42f7-9320-5779673e700e";"";"19/08/2023 07:38";"19/08/2023 07:38";"19-Aug-23";"Unknown";"Others";0;0;"Daniel Dalton";"Elijah Yamaguchi";"Emily Chen";"61-90";"Evening";5
"057ed544-80fa-4f06-9f94-9baab302aadb";"Inbound";"Payments related";"Online Payment Issues";"";"878959bd-6871-4480-aa4a-361a1cc05d93";"";"28/08/2023 11:55";"28/08/2023 00:00";"28-Aug-23";"Unknown";"Others";0;0;"Melissa West";"William Park";"John Smith";"31-60";"Morning";5
"057f0eef-bb7a-40ef-b1c2-c3a00c77773d";"Inbound";"Order Related";"Invoice request";"";"";"";"15/08/2023 14:33";"15/08/2023 14:36";"15-Aug-23";"Unknown";"Others";0;0;"Randall Mercer";"Jacob Sato";"Jennifer Nguyen";"On Job Training";"Morning";5
"057f41c9-63c5-45e6-8e08-43d4adc29e06";"Inbound";"Returns";"Reverse Pickup Enquiry";"";"aa9cb1b2-b54c-4c1b-98d8-6339fec722dd";"22/07/2023 14:29";"27/08/2023 10:08";"27/08/2023 10:08";"27-Aug-23";"DIDWANA";"LifeStyle";599;0;"Joel Garcia";"Mia Patel";"Emily Chen";">90";"Evening";5
"057fe025-0a3a-4dd7-9ffe-ce0ee377d31e";"Inbound";"Order Related";"Priority delivery";"";"";"";"13/08/2023 21:07";"13/08/2023 21:16";"13-Aug-23";"Unknown";"Others";0;0;"Christopher Brown";"Aiden Patel";"Olivia Tan";"On Job Training";"Evening";5
"058073fc-248d-411f-b246-be6b83984d35";"Inbound";"Returns";"Reverse Pickup Enquiry";"";"0c342322-fb14-48f5-99c6-bf2d6b921047";"";"23/08/2023 16:18";"23/08/2023 19:56";"23-Aug-23";"Unknown";"Others";0;0;"Sarah Watts";"Logan Lee";"Jennifer Nguyen";"On Job Training";"Evening";5
"0580e815-3386-440e-9392-7aec53e8fd35";"Inbound";"Feedback";"UnProfessional Behaviour";"";"";"";"03/08/2023 18:35";"03/08/2023 18:38";"03-Aug-23";"Unknown";"Others";0;0;"Rachel Green";"Alexander Tanaka";"Michael Lee";"0-30";"Evening";5
"05811636-9481-4f81-9d00-26c734c86152";"Inbound";"Feedback";"UnProfessional Behaviour";"My not resolved";"5ff78b6f-40ac-4d4f-ab16-f7e0313cb6be";"23/07/2023 10:54";"13/08/2023 07:32";"13/08/2023 07:36";"13-Aug-23";"HOWRAH";"Furniture";1546;0;"Kristin King";"Dylan Kim";"Michael Lee";">90";"Morning";5
"0581cc69-f432-466a-8e26-10ba5dd3f905";"Inbound";"Returns";"Fraudulent User";"";"75eb82b6-1ca6-4035-9d0d-04ef99e94074";"08/08/2023 23:38";"10/08/2023 13:35";"11/08/2023 18:19";"11-Aug-23";"CHANDIGARH";"Books & General merchandise";120;0;"Kimberly Smith";"Zoe Yamamoto";"William Kim";"On Job Training";"Morning";4
"05827535-380a-4813-9e97-5dd6b02aa0d6";"Inbound";"Returns";"Exchange / Replacement";"Shopzilla needs its own Customer support, and you need to ensure if someone has ordered there is a card machine with executive who delivers for ease of transactions.";"";"";"15/08/2023 14:23";"15/08/2023 16:04";"15-Aug-23";"Unknown";"Others";0;0;"Jillian Kim";"Ethan Tan";"William Kim";"On Job Training";"Morning";3
"0583231d-8746-4529-a85c-10140f8aa060";"Outcall";"Returns";"Reverse Pickup Enquiry";"Effective manner";"5b256264-6d22-44a7-af43-5eac6f5e85b4";"";"28/08/2023 11:08";"28/08/2023 00:00";"28-Aug-23";"Unknown";"Others";0;0;"Joseph Brown";"Brayden Wong";"Olivia Tan";">90";"Morning";5
"05834906-1f47-4b04-be2a-7c1539eaf408";"Inbound";"Order Related";"Customer Requested Modifications";"";"68932cb7-9dc0-4800-9678-6760d29956ce";"";"26/08/2023 13:13";"26/08/2023 13:14";"26-Aug-23";"Unknown";"Others";0;0;"Angela Reid";"Carter Park";"Jennifer Nguyen";"On Job Training";"Evening";5
"058386a7-2f0f-4a9b-94ac-afef4fad349a";"Inbound";"Returns";"Service Centres Related";"Good ??";"3d85750c-0481-4af1-83a9-410146a130c9";"";"23/08/2023 10:59";"23/08/2023 11:27";"23-Aug-23";"Unknown";"Others";0;0;"Thomas Martin";"Wyatt Kim";"Jennifer Nguyen";"On Job Training";"Morning";5
"0583c3f1-c21c-424b-9800-34a62b52dfec";"Email";"Order Related";"Delayed";"";"53f61785-cc4a-4785-9404-a964a2f54ad6";"19/08/2023 16:37";"22/08/2023 11:09";"22/08/2023 11:10";"22-Aug-23";"HYDERABAD";"Mobile";10599;0;"Brandy Foley";"Ethan Nakamura";"Emily Chen";"0-30";"Evening";5
"05844d9b-c46e-4f28-8e6a-a007281a4fb2";"Inbound";"Feedback";"UnProfessional Behaviour";"I would like to know action. My complaint was delivery executive brought the groceries in open box. When I checked he was rude and challenged that I will not get any more Shopzilla deliveries.";"fd894a8e-e8fe-4d91-9edf-2ca0b628fd85";"";"09/08/2023 13:55";"09/08/2023 15:40";"09-Aug-23";"Unknown";"Others";0;0;"Michelle Cunningham";"Emma Park";"John Smith";"31-60";"Morning";3
"05852c1c-1189-4736-8cd0-79cac8a81ddf";"Inbound";"Cancellation";"Not Needed";"Very good";"";"";"27/08/2023 12:56";"27/08/2023 12:56";"27-Aug-23";"Unknown";"Others";0;0;"Veronica Smith";"Carter Park";"Jennifer Nguyen";"On Job Training";"Morning";5
"0587f7b1-3463-4d0e-8f28-27795063493e";"Inbound";"Order Related";"Installation/demo";"";"821d093a-c19a-4f77-89ac-474886756529";"";"02/08/2023 13:01";"02/08/2023 13:03";"02-Aug-23";"Unknown";"Others";0;0;"Michelle Garrison";"Jackson Park";"John Smith";">90";"Morning";4
"05887bd5-8f45-4dca-8eba-30902444ac32";"Inbound";"Order Related";"Order status enquiry";"Thanks";"d4030441-3f5a-4e1a-80d0-03a4e127a3a8";"26/08/2023 12:10";"26/08/2023 12:17";"29/08/2023 10:39";"29-Aug-23";"HYDERABAD";"LifeStyle";494;0;"Linda Foster";"Noah Patel";"Emily Chen";">90";"Morning";1
"05894db8-75f7-44d7-a921-0d8e63f71526";"Inbound";"Returns";"Wrong";"";"2fd933c1-bcbf-494c-bdd9-d01d2b17954f";"19/07/2023 22:00";"08/08/2023 17:15";"08/08/2023 17:17";"08-Aug-23";"BARBIL";"Electronics";2049;0;"Kristi Nash";"Jacob Sato";"Emily Chen";"0-30";"Evening";5
"05899b37-480d-481d-aa36-c1e269b1ac07";"Inbound";"Returns";"Fraudulent User";"My problem has been solved by Madam ji We are happy from customer help & thanks for given me help ??";"17ebd6cf-8454-4fe4-ac57-b30aaca464d7";"";"18/08/2023 00:09";"18/08/2023 00:14";"18-Aug-23";"Unknown";"Others";0;0;"Debbie Gomez";"Evelyn Kimura";"Jennifer Nguyen";"On Job Training";"Evening";5
"058ae995-73f3-4c4c-ac09-6ac9938bb046";"Inbound";"Order Related";"Delayed";"Ok";"9813d4d0-5661-438f-9261-b224a65351f7";"16/08/2023 07:17";"27/08/2023 00:21";"27/08/2023 00:24";"27-Aug-23";"BARIPARA";"Books & General merchandise";366;0;"Holly Glover";"Nathan Patel";"Jennifer Nguyen";"On Job Training";"Evening";5
"058b94f9-3132-405d-a850-31ce4a51d6fb";"Inbound";"Returns";"Reverse Pickup Enquiry";"Good";"71189dc9-619c-4d6c-a047-c9060ad91662";"28/07/2023 13:06";"05/08/2023 09:21";"05/08/2023 09:22";"05-Aug-23";"KHATRA";"Books & General merchandise";261;0;"Kathryn Vasquez";"Noah Patel";"Michael Lee";">90";"Morning";5
"058b9f48-d5ba-43db-9f0b-730705596d95";"Inbound";"Returns";"Reverse Pickup Enquiry";"You excutive is so kind. She understand what I say.Bot I will request to resolve my issue.";"3bc7619a-c48d-4f87-b783-3777a4fb96e7";"";"18/08/2023 13:44";"18/08/2023 13:51";"18-Aug-23";"Unknown";"Others";0;0;"David Smith";"Nathan Patel";"John Smith";">90";"Split";5
"058c2fed-77a6-4ed9-b423-2f69fb84657f";"Inbound";"Returns";"Reverse Pickup Enquiry";"Nice person nd good performance thanks you sir but resolve my problem";"6c459ab8-27a4-4797-ac04-4d39ae0051c4";"";"24/08/2023 22:27";"24/08/2023 22:28";"24-Aug-23";"Unknown";"Others";0;0;"Michele Davidson";"Nathan Patel";"Michael Lee";">90";"Afternoon";5
"058d68a6-d3cf-4006-94b4-11c491bf613b";"Inbound";"Returns";"Reverse Pickup Enquiry";"Good service";"6016579d-d7ad-4b98-b813-32fc748bd7a7";"";"25/08/2023 18:23";"25/08/2023 18:27";"25-Aug-23";"Unknown";"Others";0;0;"Laura Beck";"Noah Patel";"Emily Chen";">90";"Afternoon";5
"058d8e61-803f-4ade-8c18-f1cdb632b0e6";"Inbound";"Order Related";"Order status enquiry";"";"";"";"03/08/2023 17:37";"03/08/2023 19:15";"03-Aug-23";"Unknown";"Others";0;0;"Jenna Jacobson";"Nathan Patel";"Jennifer Nguyen";"On Job Training";"Evening";5
"058deb10-016c-4317-8f1b-09fef37c3a24";"Inbound";"Returns";"Reverse Pickup Enquiry";"";"4bd07fd2-a7af-4151-8209-5d07381cf9d5";"";"29/08/2023 12:22";"29/08/2023 12:24";"29-Aug-23";"Unknown";"Others";0;0;"Anthony Diaz";"Elijah Yamaguchi";"Emily Chen";"61-90";"Evening";4
"058df529-a0d7-4b44-a59e-2ca2a1641bba";"Inbound";"Order Related";"Delayed";"";"3d35fdac-aa21-48d0-83b9-c19243e83111";"25/07/2023 20:56";"26/08/2023 08:57";"26/08/2023 08:57";"26-Aug-23";"KALAHANDI";"Home";624;0;"Thomas Martin";"Wyatt Kim";"Jennifer Nguyen";"On Job Training";"Morning";5
"058e82a2-c3be-4fd3-9d61-080f1c9eb4b2";"Inbound";"Returns";"Reverse Pickup Enquiry";"Make dealers/sellers and their supplier including full delivery chain to become honest and more responsible for the items delivered.";"b453015e-c0ac-4f7a-b420-6ea9c69935cb";"19/07/2023 12:19";"31/07/2023 17:50";"01/08/2023 06:29";"01-Aug-23";"ASANSOL";"Books & General merchandise";200;0;"Brandy Foley";"Ethan Nakamura";"Emily Chen";"0-30";"Evening";3
"058f89a1-1c77-4da5-8cb1-d4e2cfcef341";"Inbound";"Returns";"Return request";"";"";"";"15/08/2023 13:41";"15/08/2023 13:44";"15-Aug-23";"Unknown";"Others";0;0;"Anthony Booth";"William Park";"John Smith";"31-60";"Morning";5
"05904148-9af8-43cf-9bb6-1b6b06a18eb5";"Inbound";"Order Related";"Delayed";"";"";"";"27/08/2023 14:07";"27/08/2023 14:11";"27-Aug-23";"Unknown";"Others";0;0;"Sarah Henderson";"Ava Wong";"Jennifer Nguyen";"On Job Training";"Morning";5
"059132f8-8288-4404-83e0-8f227d57f662";"Outcall";"Returns";"Missing";"";"";"";"27/08/2023 13:00";"27/08/2023 13:07";"27-Aug-23";"Unknown";"Others";0;0;"Jeremy Cooper";"Brayden Wong";"John Smith";">90";"Morning";5
"0591ced4-d0de-4397-949d-7746d175854c";"Inbound";"Feedback";"UnProfessional Behaviour";"Very good";"b398e166-a742-4bf9-a40a-d3365952e1b5";"";"02/08/2023 09:01";"02/08/2023 09:52";"02-Aug-23";"Unknown";"Others";0;0;"Timothy Huff";"Aiden Patel";"John Smith";">90";"Morning";5
"0591fe4c-1514-43ee-a85c-0bcca49e503d";"Inbound";"Feedback";"UnProfessional Behaviour";"";"b76938a4-5fa4-4c2a-a92e-5f0ce169a10d";"";"20/08/2023 14:03";"20/08/2023 14:05";"20-Aug-23";"Unknown";"Others";0;0;"Jesse Shaffer";"Ethan Tan";"John Smith";">90";"Morning";5
"05936ad2-f41c-4254-bf99-b2c6a58a82fc";"Inbound";"Returns";"Technician Visit";"";"995488f1-9822-46c0-9fee-7f6f72907dac";"02/08/2023 13:59";"16/08/2023 14:11";"16/08/2023 14:17";"16-Aug-23";"ROORKEE";"Electronics";57990;0;"Samantha Miller";"Brayden Wong";"John Smith";">90";"Evening";1
"05949506-21f7-4893-aaff-4df39040fe4b";"Email";"Order Related";"Delayed";"";"cd390580-3abc-4316-b515-f43e9c5d6d20";"";"23/08/2023 20:18";"23/08/2023 20:29";"23-Aug-23";"Unknown";"Others";0;0;"Stephanie Ryan";"Nathan Patel";"Michael Lee";">90";"Afternoon";5
"05952f02-21ee-4920-a62b-aa40cbbff03b";"Inbound";"Returns";"Reverse Pickup Enquiry";"";"a6ee05ad-83ee-4566-9ca4-34487bde068e";"";"18/08/2023 17:36";"18/08/2023 18:23";"18-Aug-23";"Unknown";"Others";0;0;"Timothy Johnson";"Amelia Tanaka";"Emily Chen";">90";"Morning";5
"0596ea9d-bdf1-4228-9bc4-764a4f3fc7a5";"Inbound";"Order Related";"Invoice request";"Please understand customer problem";"20c24c3c-6c5e-4699-b66e-df4faf6a10e6";"";"18/08/2023 22:23";"19/08/2023 03:40";"19-Aug-23";"Unknown";"Others";0;0;"Allison Wheeler";"Emily Yamashita";"John Smith";">90";"Split";2
"0596f6d4-fd54-46fd-a82c-f09f96988ab7";"Inbound";"Returns";"Missing";"";"619f4777-f964-4a91-88c4-19869298ff51";"";"17/08/2023 09:05";"17/08/2023 09:12";"17-Aug-23";"Unknown";"Others";0;0;"Anthony Booth";"William Park";"John Smith";"31-60";"Morning";2
"0596fa89-c7f3-4f9e-a057-b5b53be43627";"Outcall";"Order Related";"Installation/demo";"Help";"";"";"27/08/2023 12:19";"27/08/2023 12:46";"27-Aug-23";"Unknown";"Others";0;0;"Luis Bell";"Austin Johnson";"Michael Lee";"0-30";"Morning";3
"0597c3f2-0344-4923-84f0-63cbb96cd5c4";"Inbound";"Product Queries";"Product Specific Information";"Super";"5ed60d8d-145a-4894-b6bb-937892bababc";"";"18/08/2023 15:22";"18/08/2023 17:01";"18-Aug-23";"Unknown";"Others";0;0;"Elizabeth Williams";"Madison Kim";"John Smith";">90";"Split";5
"05994523-0f42-49f6-b89e-53b57bc9d5bb";"Inbound";"Returns";"Reverse Pickup Enquiry";"";"2ded14be-eb3f-42b7-8fda-86e094b8fbf3";"";"24/08/2023 19:36";"24/08/2023 19:38";"24-Aug-23";"Unknown";"Others";0;0;"Christopher Jones";"Evelyn Kimura";"Jennifer Nguyen";"On Job Training";"Evening";5
"059a725c-12ff-494b-afb5-94f0aef6981c";"Inbound";"Returns";"Reverse Pickup Enquiry";"";"b5d79377-d2f1-4b41-b3c0-370b85a58176";"08/08/2023 07:28";"11/08/2023 11:33";"11/08/2023 14:36";"11-Aug-23";"KHANNA";"LifeStyle";270;0;"Sarah Williams";"Carter Park";"Michael Lee";">90";"Morning";5
"059b1b6a-215d-4808-9afa-b9c7252df076";"Inbound";"Returns";"Wrong";"";"6fd93598-a87b-4f9c-8f36-fbacaae373f4";"";"28/08/2023 10:12";"28/08/2023 00:00";"28-Aug-23";"Unknown";"Others";0;0;"Amy Vazquez";"Elijah Yamaguchi";"Michael Lee";">90";"Night";5
"059ca2d0-03b3-4439-99e7-ec1c797d100e";"Inbound";"Returns";"Reverse Pickup Enquiry";"I have raised for return request when I recieved the product but there is no resolution for that problem yet and the return policy date was expired and still the return request was not issued.";"9ebee652-292b-4753-a22d-9bc4e1910eb0";"19/07/2023 12:06";"29/07/2023 21:01";"01/08/2023 20:28";"01-Aug-23";"HYDERABAD";"LifeStyle";1047;0;"Caitlin Johnson";"Evelyn Kimura";"John Smith";"0-30";"Morning";1
"059d864a-194c-4e00-a87e-08094f112e21";"Inbound";"Cancellation";"Not Needed";"";"501dfeb1-b47d-47d2-8a30-cb10e877b1e0";"13/08/2023 21:15";"18/08/2023 18:51";"19/08/2023 07:04";"19-Aug-23";"INDORE";"LifeStyle";249;0;"Adam Torres";"Ethan Tan";"Michael Lee";"31-60";"Evening";4
"059ecac0-a550-4f59-bd2e-288647caa2ac";"Inbound";"Returns";"Reverse Pickup Enquiry";"";"";"";"15/08/2023 01:11";"15/08/2023 01:19";"15-Aug-23";"Unknown";"Others";0;0;"Richard Ortiz";"Emily Yamashita";"Michael Lee";">90";"Morning";5
"059f6cb6-5785-44dc-a9c9-b8d2a88dee57";"Inbound";"Returns";"Reverse Pickup Enquiry";"";"55af6e5d-96e4-48d6-97d2-099eea5a1fcf";"";"20/08/2023 14:07";"20/08/2023 14:10";"20-Aug-23";"Unknown";"Others";0;0;"Elizabeth Williams";"Madison Kim";"John Smith";">90";"Split";1
"059fc50f-64cb-4cdc-abfe-4569d8ccc959";"Inbound";"Order Related";"Priority delivery";"";"ad4b2b67-4481-41f1-817e-c36b344b4f25";"25/08/2023 14:05";"30/08/2023 08:59";"30/08/2023 09:06";"30-Aug-23";"SAMASTIPUR";"Mobile";644;0;"Timothy Huff";"Aiden Patel";"John Smith";">90";"Morning";5
"05a017e5-ae03-4dd3-b0c6-9f722e4ebc4a";"Inbound";"Product Queries";"Product Specific Information";"Good";"5b6b0b81-9f1e-4631-8b2d-66f59e51ff58";"";"30/08/2023 11:42";"30/08/2023 11:44";"30-Aug-23";"Unknown";"Others";0;0;"Ashley Ferguson";"Austin Johnson";"William Kim";"On Job Training";"Morning";5
"05a034f6-ff8b-4e78-9a63-e819b0c05447";"Inbound";"Shopzilla Related";"General Enquiry";"";"e052262b-92b3-44d8-a821-5bf130ec386b";"";"30/08/2023 12:52";"31/08/2023 08:47";"31-Aug-23";"Unknown";"Others";0;0;"Henry Melendez";"Abigail Suzuki";"William Kim";"On Job Training";"Morning";5
"05a081cd-02e3-4575-9daf-a325c73a30eb";"Inbound";"Returns";"Missing";"";"8da753cd-efda-4c77-b79f-6344cb861053";"";"10/08/2023 09:26";"10/08/2023 10:20";"10-Aug-23";"Unknown";"Others";0;0;"Joseph Gibson";"Layla Taniguchi";"Emily Chen";">90";"Morning";5
"05a21bdd-0965-4876-860f-5048f96c8eee";"Inbound";"Order Related";"Installation/demo";"";"";"";"15/08/2023 11:27";"15/08/2023 12:06";"15-Aug-23";"Unknown";"Others";0;0;"Laura Allen";"Oliver Nguyen";"John Smith";">90";"Morning";4
"05a284e4-7081-4a4a-ab52-69f27c8a10a0";"Inbound";"Returns";"Exchange / Replacement";"Online chat should be available for customer support.";"b2c64a94-3fe6-4d04-84fe-43ba4a1cdedb";"08/08/2023 22:42";"15/08/2023 15:09";"15/08/2023 15:10";"15-Aug-23";"GHAZIABAD";"Mobile";11999;0;"Dr. Heather Lewis";"Elijah Yamaguchi";"Emily Chen";"61-90";"Evening";5
"05a28beb-77ec-4c96-9d47-9e6f363e3bad";"Outcall";"Returns";"Missing";"Please boycott those fraud sellers from Shopzilla who used to cheat customers. As per my experience I have ordered 3 pair of curtains but instead 3 pairs I only received a single curtain. However, in the invoice it is mentioned quantity as 3 but in the package I got only 1 that too 1 single curtain rather than 1 pair. I have been shopping from Shopzilla since a long but for the first time I have faced this issue. I hope the Shopzilla authority will resolve my issue and take necessary actions against the fraud sellers";"568c8f6c-8706-45db-9406-4604bc43bcf0";"";"21/08/2023 10:55";"21/08/2023 11:05";"21-Aug-23";"Unknown";"Others";0;0;"Jesse Blevins";"Austin Johnson";"William Kim";"On Job Training";"Morning";4
"05a2959f-16ff-4f1f-a8f6-bf9554d95252";"Inbound";"Order Related";"Delayed";"Bad castmor officer speak";"26320b11-e508-4eb8-89ab-c84a31e45ffa";"01/08/2023 13:04";"06/08/2023 08:24";"06/08/2023 08:24";"06-Aug-23";"NANDURBAR";"Books & General merchandise";26;0;"Tracey Park";"William Park";"Jennifer Nguyen";"On Job Training";"Morning";1
"05a32ee5-7917-4c70-a3b2-9f815a6b88dc";"Inbound";"Returns";"Wrong";"";"65e7b84a-6e66-4f8e-9251-1894be4e4039";"02/08/2023 20:18";"10/08/2023 14:23";"10/08/2023 14:30";"10-Aug-23";"AHMEDABAD";"Electronics";23490;0;"Kimberly Carter";"Scarlett Chen";"John Smith";"0-30";"Morning";5
"05a5f197-cee2-4197-9e78-6bab9947c79e";"Inbound";"Returns";"Reverse Pickup Enquiry";"Policy wise tou should be able to meet your competitors. SuperBuy is delivering a product on rhe same day whereas tour team is taking 7 days just to pick an item I have cancelled. Are we in 20th centrury yet";"9646d248-d06d-4d87-a106-b49ee669dc62";"";"22/08/2023 08:10";"22/08/2023 17:04";"22-Aug-23";"Unknown";"Others";0;0;"Lisa Lopez";"Mia Patel";"Jennifer Nguyen";"On Job Training";"Evening";1
"05a6f382-2b12-4123-bf7c-45a0d3fc3f79";"Inbound";"Returns";"Service Centres Related";"??? ?????? ??? ???? 2 ????? ?? ????? ?????? ?? ??? ??";"d2176e75-313d-4c3a-a5b7-cd8103318c13";"14/04/2023 13:41";"04/08/2023 20:03";"04/08/2023 20:07";"04-Aug-23";"DAMOH";"Home Appliences";2449;0;"Darren Watson";"Logan Lee";"Emily Chen";"0-30";"Evening";1
"05a6ff63-4fa2-4ee3-a9e3-016952eef9de";"Inbound";"Order Related";"Delayed";"";"f9b7d733-09a6-4662-959d-28bfb441d8cb";"";"09/08/2023 20:04";"10/08/2023 07:27";"10-Aug-23";"Unknown";"Others";0;0;"Tracy Dickerson MD";"Landon Tanaka";"Emily Chen";">90";"Morning";5
"05a70256-e4f8-4804-8971-8c92b922805f";"Inbound";"Returns";"Reverse Pickup Enquiry";"";"80c98669-6980-4196-99ef-10c7b22f5c2e";"16/07/2023 12:57";"16/08/2023 14:55";"16/08/2023 14:57";"16-Aug-23";"ZIRAKPUR";"Books & General merchandise";899;0;"Jessica Williams";"Lucas Singh";"John Smith";"31-60";"Evening";5
"05a77bd4-ab6d-4fda-b0c6-4689d611bc18";"Inbound";"Order Related";"Order status enquiry";"Shopzilla seller very bed";"407364ab-3870-4584-9618-572e3f6a6406";"";"17/08/2023 20:25";"17/08/2023 20:44";"17-Aug-23";"Unknown";"Others";0;0;"Samuel Spencer";"Zoe Yamamoto";"John Smith";">90";"Afternoon";1
"05a7890d-7801-4173-b8e8-f24db9a18cde";"Inbound";"Product Queries";"Product Specific Information";"";"e2a9db27-9a41-4083-b862-d78886e2da39";"";"28/08/2023 09:39";"28/08/2023 00:00";"28-Aug-23";"Unknown";"Others";0;0;"Kimberly Smith";"Zoe Yamamoto";"William Kim";"On Job Training";"Morning";5
"05a8b446-8350-4970-a8eb-7333fe2d4ac8";"Inbound";"Returns";"Fraudulent User";"";"c5689bf4-494d-451f-bbc0-c9e08886854f";"";"09/08/2023 17:27";"10/08/2023 16:10";"10-Aug-23";"Unknown";"Others";0;0;"Michael Rodriguez";"Carter Park";"Jennifer Nguyen";"On Job Training";"Evening";3
"05a9d8b5-08b3-4310-b306-32d6dead389e";"Inbound";"Refund Related";"Refund Related Issues";"Thank";"";"";"04/08/2023 06:22";"04/08/2023 06:49";"04-Aug-23";"Unknown";"Others";0;0;"Anthony Taylor";"Emma Park";"John Smith";"31-60";"Morning";5
"05aa310c-6e81-4c2d-9156-a8435cc7b53b";"Inbound";"Product Queries";"Product Specific Information";"";"ca68a3f0-495b-492f-a24d-253cca88adbb";"";"17/08/2023 11:52";"17/08/2023 12:00";"17-Aug-23";"Unknown";"Others";0;0;"Natasha Hunter";"Abigail Suzuki";"Jennifer Nguyen";"On Job Training";"Evening";3
"05ac4ba1-0523-49dd-8212-d89e39997b5e";"Email";"Returns";"Reverse Pickup Enquiry";"";"19adcf90-1c18-40c6-bbba-12e6797b5584";"";"21/08/2023 17:41";"21/08/2023 17:42";"21-Aug-23";"Unknown";"Others";0;0;"Matthew Lambert";"Olivia Wang";"Olivia Tan";">90";"Afternoon";5
"05ad08a7-6889-4ebb-a7ad-3bd0dbe38b76";"Inbound";"Order Related";"Delayed";"Bahut achha ji";"7c4835cc-5a20-4562-a8a6-ee319712d828";"";"28/08/2023 16:51";"28/08/2023 00:00";"28-Aug-23";"Unknown";"Others";0;0;"Samantha Miller";"Brayden Wong";"John Smith";">90";"Evening";5
"05ad77de-eb13-4b1a-bad6-27356452dcfd";"Inbound";"Returns";"Reverse Pickup Enquiry";"Please don't call to the customer of you can't resolve the issue on time";"";"";"03/08/2023 16:40";"03/08/2023 16:46";"03-Aug-23";"Unknown";"Others";0;0;"Kathy Decker DVM";"Amelia Tanaka";"Michael Lee";"31-60";"Evening";1
"05adc540-dd58-4e19-a0aa-6fdf2a65d036";"Inbound";"Returns";"Fraudulent User";"";"";"";"12/08/2023 10:51";"13/08/2023 07:30";"13-Aug-23";"Unknown";"Others";0;0;"Maxwell Castillo";"Scarlett Chen";"John Smith";"0-30";"Morning";5
"05b0a756-b702-4465-b2d8-8e418d92c61b";"Inbound";"Offers & Cashback";"Affiliate Offers";"Please provide language as malayalam";"a90499bd-8871-48cb-b082-c34484e104aa";"";"08/08/2023 11:50";"08/08/2023 12:43";"08-Aug-23";"Unknown";"Others";0;0;"Jessica Daugherty";"Emily Yamashita";"John Smith";">90";"Split";5
"05b0b068-856e-4e50-b8f1-b38add8f755b";"Inbound";"Cancellation";"Not Needed";"";"276657d2-f249-4393-8c08-461b91a4e116";"01/08/2023 00:03";"10/08/2023 18:28";"11/08/2023 12:56";"11-Aug-23";"GUNTUR";"Books & General merchandise";3799;0;"Scott Sutton";"Jackson Park";"Michael Lee";"31-60";"Evening";1
"05b0bfd2-b862-475b-b241-c1dec22d4ac9";"Inbound";"Returns";"Reverse Pickup Enquiry";"";"";"";"12/08/2023 17:41";"12/08/2023 20:40";"12-Aug-23";"Unknown";"Others";0;0;"Vincent Hayes";"Emma Park";"Jennifer Nguyen";"On Job Training";"Evening";4
"05b112c8-4a19-42da-a809-be2bea47b236";"Inbound";"Refund Related";"Refund Enquiry";"";"91cb0ebd-08e8-499f-99ae-9c9c9f9d0703";"19/07/2023 12:41";"07/08/2023 16:46";"07/08/2023 17:17";"07-Aug-23";"HYDERABAD";"Home";169;0;"Anthony Reeves";"Nathan Patel";"Michael Lee";">90";"Night";3
"05b12e90-a376-4277-a380-7c9a992cbbc7";"Inbound";"Returns";"Reverse Pickup Enquiry";"";"";"";"15/08/2023 17:20";"15/08/2023 17:22";"15-Aug-23";"Unknown";"Others";0;0;"Ryan Bishop III";"Evelyn Kimura";"Jennifer Nguyen";"On Job Training";"Evening";5
"05b1f46d-a5b8-4192-9098-771dd09b2694";"Inbound";"Returns";"Return request";"Service is good but it is difficult to return any product. It is very time taking and sometimes we need to call customer care many time to resolve our problem. So work on this.";"8bc74f4f-c215-4b58-9449-a885e83a59ce";"";"08/08/2023 13:54";"08/08/2023 13:58";"08-Aug-23";"Unknown";"Others";0;0;"Kimberly Oliver";"Zoe Yamamoto";"William Kim";"On Job Training";"Morning";5
"05b4496e-a06a-411c-953c-52e398d16094";"Outcall";"Refund Related";"Refund Enquiry";"";"707d5da7-4557-4403-9458-a1f2cab8f8b8";"28/07/2023 12:19";"02/08/2023 09:14";"02/08/2023 10:26";"02-Aug-23";"AZAMGARH";"Mobile";15999;0;"Richard Smith";"Mason Gupta";"Jennifer Nguyen";"On Job Training";"Morning";4
"05b46cf8-5b9d-45d6-8aea-547cefe0ba72";"Inbound";"Order Related";"Order status enquiry";"";"51e62446-b7b3-4e1e-842f-73b2e941dedc";"";"29/08/2023 21:18";"29/08/2023 21:19";"29-Aug-23";"Unknown";"Others";0;0;"Brian Koch";"Ethan Tan";"Jennifer Nguyen";"On Job Training";"Evening";5
"05b55dfd-bf24-4cf0-b944-189ffe6512f3";"Inbound";"Returns";"Missing";"Osm";"";"";"28/08/2023 00:12";"28/08/2023 00:13";"28-Aug-23";"Unknown";"Others";0;0;"Ashley Edwards";"Ethan Tan";"Michael Lee";">90";"Evening";5
"05b5ff37-4dea-492e-a302-ec0756e76627";"Inbound";"Order Related";"Customer Requested Modifications";"";"576d09f3-14e8-4645-a06d-70b443e0c91f";"11/08/2023 11:01";"11/08/2023 14:34";"11/08/2023 14:38";"11-Aug-23";"Unknown";"Electronics";398;0;"Ariana Chavez";"Mason Gupta";"Jennifer Nguyen";"On Job Training";"Morning";5
"05b64153-63dc-4710-8896-edec45f2f1ec";"Inbound";"Returns";"Service Centres Related";"My issue is not resolved since long time and in the   lthe issue content is not updated";"b822ec36-d962-4a3c-a67e-e8df475d7630";"";"22/08/2023 13:26";"22/08/2023 15:43";"22-Aug-23";"Unknown";"Others";0;0;"Erin Smith MD";"Evelyn Kimura";"John Smith";"0-30";"Morning";4
"05b7a47e-336a-4fe6-b0cc-d0ca19306240";"Inbound";"Returns";"Missing";"My Problem Emergency Resolved";"483d6075-3e86-4309-8c90-185fb18258ab";"03/08/2023 16:01";"11/08/2023 10:42";"11/08/2023 10:43";"11-Aug-23";"BANKURA";"Home";487;0;"Lisa Brennan";"Zoe Yamamoto";"William Kim";"On Job Training";"Morning";3
"05b8e6f0-920d-4bc9-aaaf-12f4df690751";"Inbound";"Returns";"Return request";"";"50e03443-8a24-4269-8d0e-50474b3546dc";"";"22/08/2023 11:59";"22/08/2023 13:32";"22-Aug-23";"Unknown";"Others";0;0;"Michael Barrett";"Ava Wong";"Jennifer Nguyen";"On Job Training";"Morning";5
"05bb6327-6caf-4046-915b-cbee8298572c";"Inbound";"Returns";"Fraudulent User";"";"ce86b797-725e-46f3-b3f5-b104d6f307bf";"07/08/2023 17:55";"11/08/2023 18:57";"11/08/2023 19:17";"11-Aug-23";"HYDERABAD";"LifeStyle";1959;0;"Raymond Mcgee";"Ava Wong";"Olivia Tan";">90";"Evening";5
"05bb6c0b-d54d-4030-bb11-2d408cd6105f";"Inbound";"Order Related";"Order status enquiry";"";"7062aad9-6c7c-4fa6-afe0-e37a5bf4f221";"";"28/08/2023 20:12";"28/08/2023 00:00";"28-Aug-23";"Unknown";"Others";0;0;"Jenna Jacobson";"Nathan Patel";"Jennifer Nguyen";"On Job Training";"Evening";5
"05bca725-cf68-478f-bf5d-00c92b764a90";"Inbound";"Order Related";"Installation/demo";"";"07ddbd05-4d9a-49e2-84f9-75359af50f98";"";"18/08/2023 17:20";"19/08/2023 09:55";"19-Aug-23";"Unknown";"Others";0;0;"Michael Martin";"Noah Patel";"Michael Lee";"31-60";"Evening";5
"05bcf5d8-f258-4328-a4b3-8a7be64ce2f2";"Outcall";"Order Related";"Order status enquiry";"";"eaff7741-16b9-407a-8f68-cf0c6a6a5a27";"29/07/2023 00:18";"02/08/2023 16:44";"02/08/2023 16:44";"02-Aug-23";"NEW DELHI";"Books & General merchandise";227;0;"Kristin Campbell";"Ethan Tan";"Michael Lee";">90";"Evening";5
"05bd0cd7-5360-4963-8602-6d0ec084d80f";"Inbound";"Order Related";"Order status enquiry";"";"91686274-16c9-4783-891f-c30024b57ac9";"26/07/2023 14:02";"31/07/2023 11:05";"01/08/2023 14:20";"01-Aug-23";"SIKAR";"Home";189;0;"Luke Schultz";"Austin Johnson";"Michael Lee";"0-30";"Morning";3
"05bdbe24-9259-4ff2-832d-fbb036d9a55f";"Outcall";"Returns";"Reverse Pickup Enquiry";"";"76e1c18e-820c-4b77-bd27-52ab8e0f76dc";"";"09/08/2023 19:28";"09/08/2023 20:54";"09-Aug-23";"Unknown";"Others";0;0;"David Taylor";"Carter Park";"Michael Lee";">90";"Evening";5
"05bf8d1e-f2c7-4f98-9726-24c88a13281d";"Inbound";"Returns";"Reverse Pickup Enquiry";"";"40638588-b95b-4928-8918-092b0d58da70";"";"05/08/2023 07:44";"05/08/2023 19:56";"05-Aug-23";"Unknown";"Others";0;0;"Jamie Smith";"Scarlett Chen";"John Smith";"0-30";"Morning";5
"05c10c7b-627a-4d86-87ba-49bf5ad55180";"Email";"Refund Related";"Refund Enquiry";"";"6edac0d3-3598-446c-8ebc-469e6184d5e3";"";"10/08/2023 18:16";"10/08/2023 18:18";"10-Aug-23";"Unknown";"Others";0;0;"Joseph Padilla";"Madison Kim";"Michael Lee";"31-60";"Evening";5
"05c12f00-a471-4acc-a6a1-08c529d6532d";"Inbound";"Order Related";"Order status enquiry";"";"ef6d8bfd-34ae-45d7-9fef-025bddac3e92";"";"24/08/2023 10:33";"24/08/2023 10:34";"24-Aug-23";"Unknown";"Others";0;0;"Marvin Rivera";"Carter Park";"Jennifer Nguyen";"On Job Training";"Evening";5
"05c29d46-7bcc-47ac-954e-9a3d6a70cc9d";"Outcall";"Shopzilla Related";"Signup Issues";"";"c1bf7da8-3161-4e5d-9282-e0bf4317fa02";"";"18/08/2023 19:42";"18/08/2023 19:45";"18-Aug-23";"Unknown";"Others";0;0;"Robert Lewis";"Logan Lee";"Emily Chen";"61-90";"Evening";5
"05c2afef-7f6b-4c1e-a810-30b7f467de0b";"Inbound";"Refund Related";"Refund Enquiry";"";"b4ed6d29-2eab-47e1-a647-d7863efdc64e";"04/08/2023 10:48";"05/08/2023 11:04";"05/08/2023 13:16";"05-Aug-23";"Unknown";"Books & General merchandise";414;0;"Devon Daniel";"Olivia Wang";"Olivia Tan";"0-30";"Afternoon";5
"05c2c1c5-17c3-4f53-afbf-52490db1a00a";"Inbound";"Returns";"Return request";"";"";"";"03/08/2023 10:57";"03/08/2023 11:00";"03-Aug-23";"Unknown";"Others";0;0;"Janice Cole";"Zoe Yamamoto";"William Kim";"On Job Training";"Morning";5
"05c42652-d116-4bf2-a949-7dd8064a94f0";"Inbound";"Returns";"Return request";"";"3bdbb751-c358-46c6-9ddf-23d2e971d4a9";"";"09/08/2023 23:30";"09/08/2023 23:42";"09-Aug-23";"Unknown";"Others";0;0;"Douglas Smith";"Brayden Wong";"John Smith";">90";"Evening";4
"05c45fbd-335f-4432-b2ef-c169c15859a6";"Inbound";"Order Related";"Unable to track";"";"";"";"13/08/2023 13:30";"13/08/2023 22:18";"13-Aug-23";"Unknown";"Others";0;0;"Luke Schultz";"Austin Johnson";"Michael Lee";"0-30";"Morning";5
"05c48956-5e3d-4adf-bba8-036fd94b098b";"Inbound";"Refund Related";"Refund Related Issues";"";"a52c1cd9-cced-4367-a4e5-0734df828b91";"";"29/08/2023 10:34";"29/08/2023 10:34";"29-Aug-23";"Unknown";"Others";0;0;"Stephanie Lewis";"Alexander Tanaka";"Michael Lee";"0-30";"Evening";5
"05c52a2c-97e8-45fb-92d6-af70ac73183a";"Inbound";"Returns";"Fraudulent User";"";"5c37d019-4eb9-4f71-aef0-4fa1bc75b4fa";"05/08/2023 20:17";"11/08/2023 21:11";"11/08/2023 21:13";"11-Aug-23";"NAGPUR";"LifeStyle";1641;0;"Kenneth Henderson";"Ava Wong";"William Kim";"On Job Training";"Evening";5
"05c752fe-1c26-41c4-a7d2-f021922acc94";"Inbound";"Refund Related";"Refund Enquiry";"";"55d16ed5-8894-4667-9900-d83a7fac09af";"";"30/08/2023 11:49";"30/08/2023 11:58";"30-Aug-23";"Unknown";"Others";0;0;"Penny Lam";"Elijah Yamaguchi";"Emily Chen";"61-90";"Evening";5
"05c8d860-dff2-445a-be81-27d7e2beab61";"Outcall";"Product Queries";"Product Specific Information";"i tried changeing my dilivery adress within 10 minute of order place still i am anable to change the delivery address customer support cant help me this is not good service";"";"";"16/08/2023 00:17";"16/08/2023 14:25";"16-Aug-23";"Unknown";"Others";0;0;"Andrea Conley";"Noah Patel";"Michael Lee";"31-60";"Evening";1
"05c9a207-fd8b-42a7-9272-4e11a98da52f";"Inbound";"Product Queries";"Product Specific Information";"Make your service of delivery smooth";"5944ba2b-d713-4f29-88c5-abc738a9fac0";"";"26/08/2023 14:37";"26/08/2023 14:41";"26-Aug-23";"Unknown";"Others";0;0;"Tracey Park";"William Park";"Jennifer Nguyen";"On Job Training";"Morning";5
"05cb04b9-9f9f-4d25-a2ea-3ed531eb7181";"Inbound";"Returns";"Missing";"";"c9d6aaf4-2ed5-464d-90ca-127b7e345f59";"20/07/2023 07:50";"06/08/2023 18:22";"07/08/2023 16:06";"07-Aug-23";"KAUSHAMBI";"Electronics";789;0;"Stephen Morris";"Wyatt Kim";"Michael Lee";">90";"Evening";1
"05cb3952-02ef-4bb5-a67e-5369a496da02";"Inbound";"Returns";"Fraudulent User";"";"cc51db6f-ea49-49d6-a422-84edc1b83e5b";"";"30/08/2023 11:16";"30/08/2023 20:12";"30-Aug-23";"Unknown";"Others";0;0;"Richard Ortiz";"Emily Yamashita";"Michael Lee";">90";"Morning";5
"05cb48be-5074-4a00-ba71-9eb0e1ad52c4";"Inbound";"Returns";"Return request";"";"ae136c37-5b2b-4dc0-9bda-2046ae29f9ee";"";"05/08/2023 18:41";"05/08/2023 19:00";"05-Aug-23";"Unknown";"Others";0;0;"Michelle Christensen";"Nathan Patel";"Michael Lee";">90";"Afternoon";5
"05cb771e-34b0-4da9-be1b-7715ee5b11d2";"Inbound";"Returns";"Reverse Pickup Enquiry";"";"ec0289e4-6f99-4cdc-b5d4-45179cd83697";"";"18/08/2023 12:14";"18/08/2023 12:19";"18-Aug-23";"Unknown";"Others";0;0;"William Little MD";"Evelyn Kimura";"John Smith";"0-30";"Morning";4
"05cbb904-516d-4a4c-b61f-8e3b7ee16b1a";"Inbound";"Returns";"Reverse Pickup Enquiry";"";"2783d6ee-e529-493f-97fe-485169d789a9";"11/08/2023 23:26";"14/08/2023 21:38";"16/08/2023 17:02";"16-Aug-23";"KOLKATA";"Books & General merchandise";171;0;"David Smith";"Nathan Patel";"John Smith";">90";"Split";5
"05ce130e-aa88-42d8-8eba-6abd1877392f";"Inbound";"Returns";"Return request";"";"07a85ad5-120a-4306-b3b1-5ab93c968fee";"";"25/08/2023 17:12";"25/08/2023 17:14";"25-Aug-23";"Unknown";"Others";0;0;"Louis Herrera";"Jackson Park";"Jennifer Nguyen";"On Job Training";"Morning";5
"05ce2835-4cea-4b9e-9296-d06b49ce5013";"Inbound";"Order Related";"Invoice request";"";"";"";"14/08/2023 10:05";"14/08/2023 10:11";"14-Aug-23";"Unknown";"Others";0;0;"David Steele";"Mason Gupta";"Jennifer Nguyen";"On Job Training";"Morning";5
"05ce5528-2cf6-4d65-95b2-485dd6ffe680";"Inbound";"Refund Related";"Refund Related Issues";"";"";"";"15/08/2023 16:22";"15/08/2023 16:41";"15-Aug-23";"Unknown";"Others";0;0;"Nicole Green";"Elijah Yamaguchi";"John Smith";"61-90";"Evening";4
"05cf733e-ddba-4d89-b9fb-af6542dc1738";"Inbound";"Returns";"Reverse Pickup Enquiry";"";"1b8bdd43-0cba-4d53-b0ea-b97bc23e4077";"10/08/2023 14:48";"12/08/2023 21:32";"15/08/2023 20:17";"15-Aug-23";"JIND";"Books & General merchandise";140;0;"Joseph Padilla";"Madison Kim";"Michael Lee";"31-60";"Evening";1
"05d1a48e-41d7-4967-98e1-f09475cac870";"Inbound";"Returns";"Wrong";"";"b99b422b-ee07-4859-b496-5b53c821cb6a";"31/07/2023 15:59";"18/08/2023 13:21";"18/08/2023 13:22";"18-Aug-23";"SEHORE";"LifeStyle";1047;0;"Jessica Kelly";"Landon Tanaka";"Emily Chen";">90";"Split";5
"05d2e9ca-aacb-43eb-9dc9-d571bfca06bd";"Inbound";"Order Related";"Order status enquiry";"";"";"";"13/08/2023 19:41";"13/08/2023 19:43";"13-Aug-23";"Unknown";"Others";0;0;"Taylor Frederick";"Mia Patel";"William Kim";"On Job Training";"Evening";5
"05d38349-9f8c-4476-9176-37d05f890c1b";"Inbound";"Returns";"Reverse Pickup Enquiry";"";"";"";"14/08/2023 11:26";"14/08/2023 11:27";"14-Aug-23";"Unknown";"Others";0;0;"Jennifer Martinez";"Austin Johnson";"Michael Lee";"0-30";"Morning";5
"05d3e51c-c41b-4ec3-b353-e1ae43f3e553";"Inbound";"Returns";"Reverse Pickup Enquiry";"Good";"9632f4c0-e4a7-422c-a5b6-a5982fd28d96";"04/08/2023 12:31";"18/08/2023 16:52";"18/08/2023 16:52";"18-Aug-23";"DEORIA";"Electronics";1599;0;"Sarah Taylor";"Carter Park";"Jennifer Nguyen";"On Job Training";"Morning";5
"05d4d0bf-3461-439f-b8bf-51feba8c6705";"Inbound";"Returns";"Reverse Pickup Enquiry";"Very good";"215e2852-1144-4097-9843-540da52a3a9e";"";"10/08/2023 18:56";"10/08/2023 19:03";"10-Aug-23";"Unknown";"Others";0;0;"Theresa Stewart";"Madison Kim";"John Smith";">90";"Morning";5
"05d51cca-3750-4e88-a7e4-86d73944d854";"Inbound";"Returns";"Fraudulent User";"There is a lot of difference between saying and doing";"e4adedad-89dd-46b4-aaeb-5c82697f6e48";"";"31/08/2023 22:55";"31/08/2023 22:57";"31-Aug-23";"Unknown";"Others";0;0;"Sheena Williams";"Logan Lee";"Emily Chen";"0-30";"Evening";5
"05d5ca2a-097b-4162-9969-23d2dae857d3";"Inbound";"Order Related";"Order status enquiry";"All is well";"60134549-e34b-4264-8c44-b4627bc098b1";"";"26/08/2023 19:56";"26/08/2023 20:02";"26-Aug-23";"Unknown";"Others";0;0;"Sara Moreno";"Mason Gupta";"Jennifer Nguyen";"On Job Training";"Morning";5
"05d6a9b6-02a6-47b7-b9b7-b3f10f615776";"Inbound";"Refund Related";"Refund Enquiry";"";"86e7fcba-e202-41b4-b48e-2bc7b848e311";"";"05/08/2023 20:37";"05/08/2023 20:42";"05-Aug-23";"Unknown";"Others";0;0;"Samantha Miller";"Brayden Wong";"John Smith";">90";"Evening";3
"05d6b7e3-acea-4737-88e5-a627b42b0fc0";"Inbound";"Product Queries";"Product Specific Information";"";"74b43e7e-9e24-4f06-9e90-589d9619f436";"";"06/08/2023 23:25";"06/08/2023 23:26";"06-Aug-23";"Unknown";"Others";0;0;"Richard Barber";"Alexander Tanaka";"Michael Lee";"0-30";"Evening";5
"05d70534-da99-4d3b-b333-27335fb55bd8";"Inbound";"Offers & Cashback";"Instant discount";"";"";"";"13/08/2023 22:41";"13/08/2023 22:42";"13-Aug-23";"Unknown";"Others";0;0;"Kimberly Bryan";"Emily Yamashita";"Michael Lee";"31-60";"Morning";5
"05d766ba-7546-4f66-83ea-cd9b2b5a0bd0";"Inbound";"Cancellation";"Not Needed";"";"902d4c9f-2a9f-413e-acc7-f4fb57f1b723";"";"22/08/2023 21:25";"22/08/2023 21:26";"22-Aug-23";"Unknown";"Others";0;0;"Terri Lopez";"Dylan Kim";"Jennifer Nguyen";"On Job Training";"Evening";1
"05d7ff3a-f807-4a5a-af0d-14e478bd6c74";"Inbound";"Offers & Cashback";"Other Cashback";"";"";"";"14/08/2023 10:50";"14/08/2023 11:14";"14-Aug-23";"Unknown";"Others";0;0;"Elizabeth Garcia";"Madison Kim";"John Smith";">90";"Afternoon";5
"05d9670e-91de-4cfe-9325-c8143cb146c6";"Inbound";"Returns";"Reverse Pickup Enquiry";"";"3c01c660-a20c-4edb-a5c2-ab04c8a00c55";"";"31/08/2023 19:27";"31/08/2023 19:27";"31-Aug-23";"Unknown";"Others";0;0;"Brandon Frost";"Carter Park";"Michael Lee";">90";"Morning";5
"05da82ea-e5c4-4e9c-a573-994184cda7a2";"Inbound";"Returns";"Fraudulent User";"";"f71bd200-9a7a-46bc-843b-616e9645f1d6";"05/08/2023 13:21";"14/08/2023 11:28";"14/08/2023 11:30";"14-Aug-23";"INDORE";"Home Appliences";1099;0;"Mr. George Hall Jr.";"Brayden Wong";"John Smith";"61-90";"Morning";5
"05dc1850-1c50-412c-ba26-f6bb607a78f4";"Inbound";"Payments related";"Online Payment Issues";"";"f1db7a69-16bd-410a-bb91-b5831d8cd5ff";"";"31/08/2023 00:32";"31/08/2023 00:33";"31-Aug-23";"Unknown";"Others";0;0;"John Hoffman";"Scarlett Chen";"John Smith";">90";"Morning";5
"05dc7022-1a3f-47cc-9453-039ee3878860";"Inbound";"Returns";"Reverse Pickup Enquiry";"Call support is so  good but increase your product quality";"ab215c71-f23d-486f-a6a4-65031622d6d8";"";"06/08/2023 16:10";"06/08/2023 16:19";"06-Aug-23";"Unknown";"Others";0;0;"Samuel Spencer";"Zoe Yamamoto";"John Smith";">90";"Afternoon";4
"05dd3e57-5795-4227-9d39-816a1387c4ad";"Inbound";"Returns";"Reverse Pickup Enquiry";"";"f685b607-cc0a-4cde-a897-fc4baf58b333";"";"24/08/2023 08:08";"24/08/2023 08:09";"24-Aug-23";"Unknown";"Others";0;0;"Anthony Booth";"William Park";"John Smith";"31-60";"Morning";5
"05dde7fe-63b7-4167-a187-49eb542d2297";"Inbound";"Order Related";"Order status enquiry";"";"b31344e1-9eff-4c09-bd0c-8d63259a18b2";"02/03/2022 07:03";"11/08/2023 17:28";"11/08/2023 22:00";"11-Aug-23";"BETTIAH";"Home Appliences";1804;0;"Claudia Massey";"Jacob Sato";"Emily Chen";"61-90";"Evening";4
"05de737b-2b14-4e5c-b765-6ccb47bf228c";"Outcall";"Order Related";"Invoice request";"";"71cb3829-d3d5-44c8-8a90-5ccac08c3a50";"";"19/08/2023 13:49";"19/08/2023 13:55";"19-Aug-23";"Unknown";"Others";0;0;"Anthony Smith";"Mia Patel";"John Smith";">90";"Morning";5
"05de97b4-a527-48c8-aecc-0d08f300a1ee";"Email";"Returns";"Reverse Pickup Enquiry";"";"9848dbc7-6684-4440-9662-1e02bd792bc0";"11/07/2023 20:35";"02/08/2023 13:44";"02/08/2023 13:48";"02-Aug-23";"KENDRAPARA";"Electronics";949;0;"Anthony Taylor";"Emma Park";"John Smith";"31-60";"Morning";4
"05df3d4a-ff17-4b62-9c93-6af8dab78811";"Inbound";"Order Related";"Installation/demo";"";"";"";"13/08/2023 12:52";"13/08/2023 12:57";"13-Aug-23";"Unknown";"Others";0;0;"Mrs. Jennifer Stone";"Dylan Kim";"Michael Lee";">90";"Morning";4
"05df7164-a3f1-4a31-b87d-60da9d0e0d02";"Inbound";"Returns";"Reverse Pickup Enquiry";"";"cfe87339-c9b3-4826-8956-218aa17c5c96";"02/08/2023 04:58";"15/08/2023 13:09";"15/08/2023 13:10";"15-Aug-23";"VIRAMGAM";"Home Appliences";555;0;"Christopher Murphy";"Scarlett Chen";"John Smith";"0-30";"Morning";5
"05e04640-5b15-4970-89ca-783564f52916";"Inbound";"Returns";"Reverse Pickup Enquiry";"Thankyu";"bff2dc91-1379-44cd-ac63-e77e7e5f5c24";"04/08/2023 20:43";"12/08/2023 20:05";"12/08/2023 20:15";"12-Aug-23";"SURAJPUR";"LifeStyle";199;0;"Kevin Scott";"Aiden Patel";"John Smith";">90";"Evening";4
"05e07798-e9ab-4292-bae4-abbd5a877112";"Inbound";"Payments related";"Wallet related";"";"";"";"13/08/2023 12:19";"13/08/2023 12:22";"13-Aug-23";"Unknown";"Others";0;0;"Dawn Whitaker";"Austin Johnson";"Michael Lee";"0-30";"Morning";5
"05e21810-ab45-4397-8497-e035ca8a9718";"Inbound";"Returns";"Technician Visit";"";"180b70bc-8587-48f5-a7aa-6a02e6c4f058";"";"07/08/2023 08:44";"07/08/2023 09:09";"07-Aug-23";"Unknown";"Others";0;0;"Jennifer Cruz";"Noah Patel";"Emily Chen";">90";"Morning";5
"05e24e24-d214-4cd0-9640-8bb7c9329965";"Inbound";"Refund Related";"Refund Related Issues";"";"d6271f45-75ad-4a6c-90d8-38bf01169697";"05/08/2023 19:22";"19/08/2023 10:54";"19/08/2023 11:53";"19-Aug-23";"BARIPARA";"LifeStyle";682;0;"Micheal Wagner";"Aiden Patel";"John Smith";">90";"Evening";2
"05e2a30a-3a53-4ad9-89a0-729c60d68d27";"Inbound";"Returns";"Reverse Pickup Enquiry";"";"85599b8f-3daf-4855-9523-3e3785712294";"08/11/2023 15:20";"26/08/2023 16:06";"27/08/2023 23:18";"27-Aug-23";"VIJAYAWADA";"Electronics";12990;0;"Emily Mckenzie";"Amelia Tanaka";"Emily Chen";">90";"Split";5
"05e49ba8-83bd-4c33-973a-25b0b0248884";"Inbound";"Returns";"Wrong";"";"44ba89b6-d547-42aa-a1bb-8dec1279f342";"";"19/08/2023 15:29";"19/08/2023 15:47";"19-Aug-23";"Unknown";"Others";0;0;"Julie Hart";"Nathan Patel";"Jennifer Nguyen";"On Job Training";"Evening";5
"05e5003a-d819-44dd-ac58-81453d19b190";"Inbound";"Refund Related";"Refund Enquiry";"Good behaviour";"";"";"16/08/2023 06:04";"16/08/2023 06:24";"16-Aug-23";"Unknown";"Others";0;0;"Michelle Banks";"Nathan Patel";"Michael Lee";">90";"Night";4
"05e66f71-526f-4726-8667-9dc8171e58a2";"Inbound";"Order Related";"Delayed";"";"";"";"02/08/2023 13:34";"03/08/2023 00:55";"03-Aug-23";"Unknown";"Others";0;0;"Christopher Obrien";"Noah Patel";"Michael Lee";">90";"Morning";1
"05e68e7e-ee8a-4e1f-825b-5fde0b3e4ab2";"Email";"Returns";"Reverse Pickup Enquiry";"";"195b8c6a-7746-4fb3-98b8-3aebd52f1ae8";"21/08/2023 08:35";"29/08/2023 14:07";"29/08/2023 14:16";"29-Aug-23";"PUNE";"LifeStyle";290;0;"Norma Davis";"Aiden Patel";"John Smith";">90";"Morning";5
"05e6f399-4981-4304-a2dc-cf372b19212e";"Inbound";"Product Queries";"Product Specific Information";"";"9344f6e9-ae56-49c6-b7b9-cd70a816b89d";"";"30/08/2023 11:18";"30/08/2023 16:24";"30-Aug-23";"Unknown";"Others";0;0;"Richard Barber";"Alexander Tanaka";"Michael Lee";"0-30";"Evening";4
"05e748be-c09a-47cd-915d-6b143abb01e0";"Inbound";"Returns";"Reverse Pickup Enquiry";"";"1181211d-cf6b-46f6-af0a-9109fdd18863";"";"23/08/2023 21:26";"23/08/2023 22:57";"23-Aug-23";"Unknown";"Others";0;0;"Richard Oconnor";"Mia Yamamoto";"Emily Chen";"0-30";"Evening";3
"05e782e0-5fe1-4df5-8a58-8c0197e96fc2";"Outcall";"Returns";"Fraudulent User";"";"";"";"15/08/2023 23:56";"16/08/2023 01:08";"16-Aug-23";"Unknown";"Others";0;0;"Kristin Campbell";"Ethan Tan";"Michael Lee";">90";"Evening";5
"05e78716-e2e8-42c7-b5dd-2e1ea49eee3c";"Inbound";"Returns";"Missing";"";"";"";"16/08/2023 17:03";"16/08/2023 17:09";"16-Aug-23";"Unknown";"Others";0;0;"Jessica Kelly";"Landon Tanaka";"Emily Chen";">90";"Split";4
"05e87eca-b046-4d3e-aa86-d9d3fc93d9ea";"Email";"Order Related";"Delayed";"";"d5d5d504-ee88-4716-a4d0-e4879938f691";"16/08/2023 00:59";"22/08/2023 15:41";"22/08/2023 15:45";"22-Aug-23";"GHAZIABAD";"Electronics";51990;0;"Catherine Watkins";"Jackson Park";"Michael Lee";"31-60";"Evening";5
"05e9284c-01e6-4bf4-af3d-c240ed4a820d";"Inbound";"Refund Related";"Refund Related Issues";"";"a7ec555d-fea0-4ee5-868a-7dccbe47cdc5";"";"10/08/2023 17:47";"10/08/2023 18:04";"10-Aug-23";"Unknown";"Others";0;0;"Mark Gonzalez";"Amelia Tanaka";"Emily Chen";">90";"Morning";5
"05e94fba-7e23-4fc0-a464-f3e3f14da465";"Outcall";"Returns";"Reverse Pickup Enquiry";"No information and solution available to her";"80345a79-1466-44f2-ba65-ea9f311eb03d";"";"17/08/2023 19:01";"17/08/2023 19:58";"17-Aug-23";"Unknown";"Others";0;0;"Michael Davis";"Evelyn Kimura";"Jennifer Nguyen";"On Job Training";"Evening";1
"05e968bf-4cfa-4b01-aa22-1bede48c9f44";"Inbound";"Returns";"Missing";"";"86f8eed2-6b17-4a91-a2ad-9f6724d89dde";"29/07/2023 22:44";"07/08/2023 13:17";"07/08/2023 13:17";"07-Aug-23";"KOLKATA";"Electronics";12499;0;"Veronica Anderson";"Zoe Yamamoto";"John Smith";">90";"Morning";1
"05ebb32b-1920-441a-813f-108bca4c8e88";"Inbound";"Feedback";"UnProfessional Behaviour";"Ok very good customer service";"";"";"15/08/2023 15:34";"15/08/2023 15:43";"15-Aug-23";"Unknown";"Others";0;0;"Mackenzie Phillips";"Emma Park";"John Smith";"31-60";"Morning";5
"05efab6b-9170-4e9c-beec-a8c547a403e1";"Inbound";"Returns";"Reverse Pickup Enquiry";"";"465aea9b-c491-4c3f-b806-3b42e8367547";"";"20/08/2023 19:40";"20/08/2023 19:45";"20-Aug-23";"Unknown";"Others";0;0;"Wendy Mitchell";"Nathan Patel";"Jennifer Nguyen";"On Job Training";"Evening";5
"05f06aec-2ebc-4eb3-a146-7cfc549bbe2d";"Inbound";"Product Queries";"Product Specific Information";"";"fb746a9a-46e0-453b-a6ac-111b399c956f";"";"24/08/2023 22:12";"25/08/2023 12:12";"25-Aug-23";"Unknown";"Others";0;0;"Tammy Cochran";"Madison Kim";"John Smith";">90";"Split";5
"05f1ac62-c0e9-46ab-83ad-d85f9b1d6936";"Inbound";"Returns";"Reverse Pickup Enquiry";"Very good sarves";"8025b297-18eb-4251-9ec6-fb5d10341085";"";"08/08/2023 07:54";"08/08/2023 08:05";"08-Aug-23";"Unknown";"Others";0;0;"Nicole Cummings";"Jackson Park";"John Smith";">90";"Morning";5
"05f3586a-dbd3-4181-a427-933ff678eb3c";"Outcall";"Returns";"Return request";"";"";"";"14/08/2023 15:04";"14/08/2023 15:06";"14-Aug-23";"Unknown";"Others";0;343;"Steven Nelson";"Mia Patel";"Olivia Tan";">90";"Morning";5
"05f36f11-46e4-4518-9be7-68f14b2998e6";"Inbound";"Shopzilla Related";"General Enquiry";"";"f23b87e9-670b-4dbf-b6f4-69af0eacbe09";"";"27/08/2023 22:48";"30/08/2023 12:04";"30-Aug-23";"Unknown";"Others";0;0;"Carolyn Sullivan";"Brayden Wong";"Michael Lee";">90";"Afternoon";1
"05f42047-1dcc-4327-abdf-8560e3d6ec73";"Outcall";"Returns";"Reverse Pickup Enquiry";"";"c1ec96a8-4fe8-4815-9e5b-db68de9eb6a7";"";"25/08/2023 14:03";"25/08/2023 14:04";"25-Aug-23";"Unknown";"Others";0;0;"Jamie Smith";"Scarlett Chen";"John Smith";"0-30";"Morning";5
"05f43871-efbe-4fba-b981-9aeae2a069a0";"Inbound";"Returns";"Reverse Pickup Enquiry";"Good service";"390e8494-f725-4bb6-a842-70d5609b1308";"10/08/2023 01:18";"19/08/2023 13:11";"19/08/2023 17:24";"19-Aug-23";"MAHABALESHWAR";"Home";1777;0;"Nicholas Wright";"Ava Wong";"Olivia Tan";">90";"Evening";5
"05f43b17-7186-477b-b47d-89df4d998ce9";"Email";"Returns";"Fraudulent User";"";"1ab1909f-2b97-4282-a19d-e3634a6d640e";"";"18/08/2023 21:30";"19/08/2023 00:11";"19-Aug-23";"Unknown";"Others";0;0;"Tina Roberts";"Wyatt Kim";"Michael Lee";"31-60";"Evening";5
"05f4a158-799e-4653-9a4e-72763f2890a1";"Inbound";"Returns";"Reverse Pickup Enquiry";"";"b35380e6-a73d-45d2-ab98-844aa073adcc";"";"20/08/2023 14:25";"20/08/2023 14:35";"20-Aug-23";"Unknown";"Others";0;0;"Nicole Thomas";"Wyatt Kim";"Jennifer Nguyen";"On Job Training";"Morning";5
"05f5a0eb-34cd-4170-ab15-203e2a6c5013";"Outcall";"Returns";"Return request";"";"";"";"15/08/2023 14:06";"15/08/2023 14:07";"15-Aug-23";"Unknown";"Others";0;0;"Renee Martin";"Lily Chen";"Michael Lee";">90";"Morning";5
"05f7a866-e3a6-473d-aa9e-8e4e3f8463ca";"Inbound";"Payments related";"Payment related Queries";"";"2ebcef2d-8c31-478c-8aed-df26fe0f8de4";"";"28/08/2023 22:16";"28/08/2023 00:00";"28-Aug-23";"Unknown";"Others";0;0;"James Abbott";"Mason Gupta";"Jennifer Nguyen";"On Job Training";"Morning";5
"05f8207f-1d54-4056-a640-7dc34c966905";"Inbound";"Returns";"Service Centres Related";"I'm suffering last 15 days for my replacement of tv without any technician visit two times my replacement cancelledI would like to know why rejected my replacement?";"415e58cd-50f0-4566-a8ee-fedfaef57c65";"";"17/08/2023 08:46";"17/08/2023 09:28";"17-Aug-23";"Unknown";"Others";0;0;"Dylan Mercer";"Zoe Yamamoto";"William Kim";"On Job Training";"Morning";1
"05f82d37-d379-48c1-858e-5902a462d120";"Inbound";"Returns";"Product related Issues";"";"221d9086-df9a-4edf-a6a6-81e98ad0719e";"";"28/08/2023 10:56";"28/08/2023 00:00";"28-Aug-23";"Unknown";"Others";0;0;"Matthew White PhD";"Scarlett Chen";"John Smith";"0-30";"Morning";5
"05f92930-d372-411c-98a2-a5c1132f7929";"Outcall";"Order Related";"Delayed";"";"05370dc7-420e-4cc4-925e-9ac9810dd60a";"";"29/08/2023 16:50";"30/08/2023 23:15";"30-Aug-23";"Unknown";"Others";0;0;"William Hall";"Isabella Wong";"John Smith";">90";"Morning";5
"05fa210e-4c51-44c1-8b61-df8936e84e8f";"Inbound";"Order Related";"Order status enquiry";"";"";"";"13/08/2023 18:18";"13/08/2023 21:52";"13-Aug-23";"Unknown";"Others";0;0;"Michelle Smith";"Ava Wong";"William Kim";"On Job Training";"Evening";1
"05fa7161-726d-43d1-9093-e952e8c9c2eb";"Inbound";"Returns";"Return request";"";"57319268-46bd-494d-a1be-229f106aa3f5";"";"21/08/2023 14:21";"21/08/2023 14:29";"21-Aug-23";"Unknown";"Others";0;0;"Linda Butler";"Charlotte Suzuki";"Jennifer Nguyen";"On Job Training";"Evening";5
"05fc8a46-af4d-4e88-a351-e9481220c458";"Outcall";"Refund Related";"Refund Enquiry";"Try to refund faster then another app";"";"";"04/08/2023 14:24";"04/08/2023 14:40";"04-Aug-23";"Unknown";"Others";0;0;"Amy Berry";"Elijah Yamaguchi";"John Smith";">90";"Evening";5
"05fd7ef2-2a48-4914-a6d6-e7a6f2851519";"Outcall";"Order Related";"Order status enquiry";"";"d6d1c6c0-5b8e-4f44-b996-f12b1a5324a1";"";"01/08/2023 13:03";"01/08/2023 14:23";"01-Aug-23";"Unknown";"Others";0;0;"Melissa Russell";"Harper Wong";"Emily Chen";"31-60";"Afternoon";1
"05fda9ef-6cc2-439b-93bf-a699f044e367";"Inbound";"Order Related";"Order status enquiry";"";"";"";"14/08/2023 16:52";"14/08/2023 16:56";"14-Aug-23";"Unknown";"Others";0;0;"Kristin Beasley";"Evelyn Kimura";"John Smith";"0-30";"Morning";5
"05fe027f-7af1-4e49-a4b4-2bfdd45567b1";"Inbound";"Order Related";"Order status enquiry";"";"2a8a3c5e-bde5-46e1-b1d6-f58dd5a22ff2";"13/08/2023 11:58";"17/08/2023 09:05";"17/08/2023 09:17";"17-Aug-23";"AURANGABAD";"LifeStyle";679;0;"Devon Daniel";"Olivia Wang";"Olivia Tan";"0-30";"Afternoon";4
"05fe7779-340a-459f-90ab-04e13f141e0d";"Inbound";"Returns";"Reverse Pickup Enquiry";"Good";"";"";"16/08/2023 18:37";"16/08/2023 18:38";"16-Aug-23";"Unknown";"Others";0;0;"Steven Wall";"Zoe Yamamoto";"Emily Chen";">90";"Afternoon";5
"05ffa36a-3c47-4152-acf1-42c57b3279f5";"Email";"Returns";"Fraudulent User";"";"3d81e992-a3bf-46c4-ba07-b0031c5a1b1c";"";"29/08/2023 19:31";"30/08/2023 14:25";"30-Aug-23";"Unknown";"Others";0;0;"Robert Lopez";"Logan Lee";"William Kim";"On Job Training";"Evening";4
"05ffa7ee-0695-4ebc-ade1-3f57bcca84df";"Inbound";"Returns";"Reverse Pickup Enquiry";"";"77668f0e-f68c-440f-b692-855682e38e1c";"07/08/2023 15:48";"11/08/2023 22:09";"11/08/2023 22:48";"11-Aug-23";"HYDERABAD";"Books & General merchandise";174;0;"Cynthia Sheppard";"Olivia Wang";"Emily Chen";"31-60";"Evening";5
"05ffd141-cd21-42da-a894-5095d6baf9f9";"Email";"Returns";"Wrong";"Very nicely understood the problem and solved the problem";"6eb15ea7-a274-46b0-bba9-706fedd13cab";"05/08/2023 16:59";"15/08/2023 16:20";"15/08/2023 16:21";"15-Aug-23";"JAUNPUR";"LifeStyle";484;0;"Linda Murray";"Landon Tanaka";"Emily Chen";">90";"Morning";5
"06004be1-92de-415b-81bc-d72d526b782a";"Inbound";"Returns";"Exchange / Replacement";"";"becf5de6-eece-449b-871d-6d9048599c88";"";"06/08/2023 10:47";"06/08/2023 10:49";"06-Aug-23";"Unknown";"Others";0;0;"Andrew Barrett";"Elijah Yamaguchi";"John Smith";">90";"Evening";5
"0600d9a1-0cc4-4d60-a0f5-22a5c07182a8";"Inbound";"Returns";"Reverse Pickup Enquiry";"Good";"9360e2a8-11fd-4e0b-b227-c927718c654c";"";"18/08/2023 17:08";"18/08/2023 17:16";"18-Aug-23";"Unknown";"Others";0;0;"Savannah Keller";"Mia Patel";"Jennifer Nguyen";"On Job Training";"Evening";4
"060190f0-4fd4-407c-9ae4-4cc81d2bd1b6";"Inbound";"Returns";"Fraudulent User";"";"b348dbb2-09c1-43df-8916-b5b12e826e9b";"08/08/2023 22:48";"12/08/2023 08:25";"14/08/2023 12:53";"14-Aug-23";"KOLKATTA";"Books & General merchandise";393;0;"Natasha Hunter";"Abigail Suzuki";"Jennifer Nguyen";"On Job Training";"Evening";5
"060197eb-fa53-4e1e-8784-ad5f0ea0a343";"Inbound";"Order Related";"Delayed";"";"ef5090e4-62a5-4b6f-8d2e-ed44cd5de418";"16/08/2023 13:23";"21/08/2023 16:26";"21/08/2023 16:34";"21-Aug-23";"JHARSUGUDA";"Electronics";2249;0;"Ronald King";"William Park";"John Smith";"61-90";"Evening";4
"06021e45-b975-466d-b3ed-9fcba2cb6981";"Inbound";"Returns";"Return request";"Nice";"e0881ef6-8afe-4922-9093-c86ad1886625";"";"23/08/2023 08:22";"23/08/2023 08:26";"23-Aug-23";"Unknown";"Others";0;0;"Timothy Henry";"William Park";"John Smith";"31-60";"Morning";5
"0602f3b0-1644-42e2-a423-d029151b4c31";"Inbound";"Returns";"Wrong";"";"c20b489c-f854-414e-b680-5235c12060b9";"";"18/08/2023 10:28";"18/08/2023 11:15";"18-Aug-23";"Unknown";"Others";0;0;"Mikayla Wright";"Jackson Park";"William Kim";"On Job Training";"Morning";4
"0602f65e-c56f-4bab-9ef4-ddf2cf86cd38";"Inbound";"Returns";"Reverse Pickup Enquiry";"";"e90f8e14-a20b-4339-bd63-dca14cfafe96";"";"30/08/2023 09:59";"30/08/2023 10:08";"30-Aug-23";"Unknown";"Others";0;0;"Michelle Cunningham";"Emma Park";"John Smith";"31-60";"Morning";5
"06030c46-945f-4093-a468-d498e06605a8";"Outcall";"Returns";"Reverse Pickup Enquiry";"";"";"";"14/08/2023 17:43";"14/08/2023 17:46";"14-Aug-23";"Unknown";"Others";0;0;"Erin Meadows";"Mia Patel";"Jennifer Nguyen";"On Job Training";"Evening";5
"06039470-4e73-4d49-a0e2-770c4406006d";"Inbound";"Returns";"Reverse Pickup Enquiry";"";"9ae5efc9-9f94-4032-ba35-5bfbafbeb940";"";"23/08/2023 11:46";"23/08/2023 13:53";"23-Aug-23";"Unknown";"Others";0;0;"Randy May";"Emily Yamashita";"William Kim";"On Job Training";"Evening";4
"0603ab04-14ac-456a-b210-77d82add788a";"Outcall";"Order Related";"Installation/demo";"";"fe3eadd0-a33f-4336-9f1d-4814d53f31f4";"";"30/08/2023 18:19";"30/08/2023 18:28";"30-Aug-23";"Unknown";"Others";0;0;"Erin Kemp";"Ava Wong";"William Kim";"On Job Training";"Evening";5
"0603d327-afb0-4455-b509-7842931ae49a";"Inbound";"Returns";"Return request";"";"630bf38d-cbbc-4fcf-b3a2-8ac20d5874bb";"27/07/2023 11:12";"11/08/2023 16:41";"11/08/2023 16:44";"11-Aug-23";"THRISSUR";"Books & General merchandise";266;0;"Christina Chavez";"Carter Park";"Michael Lee";">90";"Evening";5
"06045f5a-5aeb-4695-aa23-cbe73f13749d";"Inbound";"Returns";"Reverse Pickup Enquiry";"My issue not resolved";"cb187d8e-3f6f-4a71-80c2-bdfb2a49c146";"03/08/2023 15:23";"22/08/2023 14:35";"23/08/2023 14:50";"23-Aug-23";"RANCHI";"Home";1309;0;"Betty Schmidt";"Evelyn Kimura";"John Smith";"0-30";"Morning";1
"0604749c-07e9-4a7a-98d5-0020c91ece91";"Inbound";"Returns";"Reverse Pickup Enquiry";"";"";"";"04/08/2023 22:24";"04/08/2023 22:48";"04-Aug-23";"Unknown";"Others";0;0;"Victor Rivera";"Lily Chen";"Michael Lee";">90";"Evening";5
"06070cf2-26d1-4cdd-b4aa-6ac1c4d51b6f";"Inbound";"Order Related";"Order status enquiry";"";"d4bb2547-8608-4a9e-86c5-ffa60fa9377f";"";"29/08/2023 12:49";"29/08/2023 12:51";"29-Aug-23";"Unknown";"Others";0;0;"Jamie Butler";"Ava Wong";"Jennifer Nguyen";"On Job Training";"Morning";5
"06077341-abc6-43a5-adfe-e5bc4b336018";"Inbound";"Returns";"Reverse Pickup Enquiry";"She is having very very sweet nature.earlier I had very bad experiences too but this time I realize that , a human can be that much sweet also.I am sharing this experience as because I'm completely satisfied with her behaviour. Even I didn't speak and she solve each and every problem very very easily.Now I can proydly say , thank you Shopzilla for your generous support.";"a4a06865-c48b-4d18-a69e-ba5a6a0b92d2";"";"06/08/2023 19:22";"06/08/2023 19:52";"06-Aug-23";"Unknown";"Others";0;0;"Marcia Mendez";"Brayden Wong";"Michael Lee";">90";"Afternoon";5
"06077660-e0ee-42ef-9f71-76851a805f73";"Inbound";"Returns";"Wrong";"";"";"";"14/08/2023 16:58";"14/08/2023 17:03";"14-Aug-23";"Unknown";"Others";0;0;"Phillip Mccoy";"Lily Chen";"Michael Lee";">90";"Morning";5
"06088692-85b4-4fcd-8b71-a8fe2c6b4edb";"Inbound";"Returns";"Missing";"thanks to Shopzilla Coustomer exu";"30cce772-18af-4faa-9293-59a68c58c2ed";"";"18/08/2023 09:44";"18/08/2023 09:58";"18-Aug-23";"Unknown";"Others";0;0;"Dawn Copeland";"Jacob Sato";"Emily Chen";"0-30";"Evening";5
"06096aa8-9c2b-46f2-a0e2-a82920e2baa4";"Inbound";"Returns";"Reverse Pickup Enquiry";"";"a0dd840a-80c6-45b7-b1f6-7a43a5ec889f";"";"25/08/2023 17:35";"25/08/2023 18:08";"25-Aug-23";"Unknown";"Others";0;0;"Anthony Kerr";"Emma Park";"John Smith";">90";"Morning";5
"0609f9c9-0525-4cae-93a3-4ad9ac2d7113";"Inbound";"Returns";"Reverse Pickup Enquiry";"";"8ad64f36-4047-43ab-96cc-b2f619cae0c1";"";"25/08/2023 19:49";"25/08/2023 19:52";"25-Aug-23";"Unknown";"Others";0;0;"Samuel Spencer";"Zoe Yamamoto";"John Smith";">90";"Afternoon";5
"060aa1d6-7d1b-4509-bcaa-e91fa3839972";"Inbound";"Offers & Cashback";"Affiliate Offers";"";"";"";"03/08/2023 08:13";"03/08/2023 11:50";"03-Aug-23";"Unknown";"Others";0;0;"Jessica Daugherty";"Emily Yamashita";"John Smith";">90";"Split";5
"060bc233-866b-4738-9e12-5d9ef8bf040e";"Inbound";"Returns";"Reverse Pickup Enquiry";"";"ab1bd46c-4943-4794-9b90-ecb448f20cd6";"";"18/08/2023 21:01";"18/08/2023 21:02";"18-Aug-23";"Unknown";"Others";0;0;"Joseph Gibson";"Layla Taniguchi";"Emily Chen";">90";"Morning";5
"060d89f2-eaf8-4a63-95fc-4d7819c56b35";"Inbound";"Returns";"Damaged";"";"8f64616f-34aa-49b5-ba4b-5dc9dae22bed";"03/08/2023 18:23";"11/08/2023 09:42";"11/08/2023 10:03";"11-Aug-23";"KURUKSHETRA";"Books & General merchandise";496;0;"Gregory Jackson";"Scarlett Chen";"John Smith";"0-30";"Morning";5
"060dea3f-fa08-4235-bd61-23e078ac1432";"Outcall";"Returns";"Exchange / Replacement";"";"";"";"16/08/2023 18:41";"16/08/2023 18:42";"16-Aug-23";"Unknown";"Others";0;0;"Debra Brown";"Zoe Yamamoto";"John Smith";">90";"Morning";5
"060f81a9-09df-4b7f-b123-2959298e955a";"Inbound";"Returns";"Reverse Pickup Enquiry";"";"b558fab7-b2fa-4b93-89a3-a220636829bb";"";"02/08/2023 09:02";"02/08/2023 09:03";"02-Aug-23";"Unknown";"Others";0;0;"Virginia Caldwell";"Lily Chen";"Michael Lee";">90";"Morning";5
"060ffb17-5345-41e2-8da1-6a5e3cc012e4";"Inbound";"Order Related";"Order status enquiry";"";"";"";"15/08/2023 21:24";"15/08/2023 21:26";"15-Aug-23";"Unknown";"Others";0;0;"Kristin Beasley";"Evelyn Kimura";"John Smith";"0-30";"Morning";5
"0613109f-cabb-4f16-917f-27b00d57472e";"Outcall";"Returns";"Reverse Pickup Enquiry";"";"67e28be8-a702-4363-98e5-afee6142962e";"22/08/2023 14:14";"30/08/2023 14:05";"30/08/2023 14:09";"30-Aug-23";"VADUJ";"Books & General merchandise";270;0;"Jennifer Munoz";"Aiden Patel";"John Smith";"61-90";"Morning";5
"0613d2f9-322d-4dd0-a4e0-6f8c93683bae";"Inbound";"Order Related";"Delayed";"";"11fef67e-aabd-409e-86f4-e2adbba42966";"";"30/08/2023 09:47";"30/08/2023 09:49";"30-Aug-23";"Unknown";"Others";0;0;"Gregory Davenport";"Charlotte Suzuki";"Jennifer Nguyen";"On Job Training";"Evening";1
"0613d8e7-2f71-400d-a39e-ff9483f6ecc3";"Outcall";"Order Related";"Priority delivery";"";"";"";"27/08/2023 12:24";"27/08/2023 13:04";"27-Aug-23";"Unknown";"Others";0;0;"Steven Murillo";"Carter Park";"Jennifer Nguyen";"On Job Training";"Morning";5
"06144a10-a204-4ff5-b876-48c229879e72";"Inbound";"Payments related";"Online Payment Issues";"";"9e4908c5-3b7d-4401-a611-da03308d62ad";"";"17/08/2023 13:21";"17/08/2023 13:30";"17-Aug-23";"Unknown";"Others";0;0;"Kevin Ramos";"Ethan Tan";"William Kim";"On Job Training";"Morning";4
"06150d66-805f-410d-832e-1d2824dba5bc";"Inbound";"Returns";"Service Centres Related";"";"edaa482e-22ea-476c-8664-436a216d0bdf";"";"22/08/2023 12:53";"22/08/2023 14:14";"22-Aug-23";"Unknown";"Others";0;0;"Jessica Jones";"William Park";"John Smith";"31-60";"Morning";1
"0615e4cd-223d-4a30-913a-bf8847ab43ed";"Inbound";"Order Related";"Installation/demo";"";"";"";"12/08/2023 23:30";"12/08/2023 23:31";"12-Aug-23";"Unknown";"Others";0;0;"Richard Oconnor";"Mia Yamamoto";"Emily Chen";"0-30";"Evening";5
"06181a20-92b7-4068-955f-3aefd5c4252d";"Inbound";"Order Related";"Order status enquiry";"";"";"";"13/08/2023 23:41";"13/08/2023 23:42";"13-Aug-23";"Unknown";"Others";0;0;"Timothy Fernandez";"Madison Kim";"John Smith";"31-60";"Morning";4
"0618ad27-2c7a-43b7-b1c6-e871734f7677";"Inbound";"Returns";"Wrong";".";"";"";"27/08/2023 09:08";"27/08/2023 09:12";"27-Aug-23";"Unknown";"Others";0;0;"Joel Garcia";"Mia Patel";"Emily Chen";">90";"Evening";3
"0618cab2-36dc-48fa-8704-8eaf8288bd66";"Inbound";"Cancellation";"Return cancellation";"";"";"";"13/08/2023 10:22";"13/08/2023 10:24";"13-Aug-23";"Unknown";"Others";0;0;"Carol Reid";"Evelyn Kimura";"John Smith";"0-30";"Morning";5
"0618cf5b-f5e4-4e93-811d-cc345d06ac6b";"Inbound";"Returns";"Fraudulent User";"Chutiya ho bc tum";"3e58e3ce-ad1e-413f-b1e1-7c44de6d6bda";"";"09/08/2023 18:55";"09/08/2023 18:56";"09-Aug-23";"Unknown";"Others";0;0;"John Joseph";"Nathan Patel";"Emily Chen";"0-30";"Evening";1
"06196b6a-e6b2-4335-916b-699ddc2cd8c3";"Inbound";"Returns";"Reverse Pickup Enquiry";"";"c16adc6d-cda0-46f4-adb1-70ba8b393055";"";"25/08/2023 23:56";"26/08/2023 00:01";"26-Aug-23";"Unknown";"Others";0;0;"Daniel Silva";"Ava Wong";"William Kim";"On Job Training";"Evening";5
"0619e511-cab8-4d35-8198-d91df020aa0a";"Inbound";"Returns";"Reverse Pickup Enquiry";"Just change ur microphones as there was lot of disturbance during the call. Anyways, thank you so much for co operating with me Ms.(Sorry i forgot your name??).I dont know my feedback matters you or not but i think   is a nice application where we can trust on this and where we have a good customer support executives.Well i dont know if this will be taken seriously or not but I request   to provide some incentive, hike on salary, or a promotion in position to the executive with whom i have spoken with THANK YOU SO MUCH.????";"658e851e-cd82-4482-8629-d00eeadb6c7a";"";"20/08/2023 14:05";"20/08/2023 14:09";"20-Aug-23";"Unknown";"Others";0;0;"Joe Chapman";"Sophia Chen";"Jennifer Nguyen";"On Job Training";"Evening";5
"061ac121-e622-44b4-b2b3-f8449a93dda1";"Inbound";"Order Related";"Installation/demo";"";"40ffebde-e353-4509-a6ee-f26a2e3d59fe";"07/08/2023 13:30";"16/08/2023 11:30";"16/08/2023 11:32";"16-Aug-23";"RAJKOT";"Books & General merchandise";4874;0;"James Padilla";"Brayden Wong";"Jennifer Nguyen";"On Job Training";"Morning";5
"061b16e2-7f1e-4d05-a594-25192edba03b";"Inbound";"Order Related";"Priority delivery";"";"e6e3ab6a-c57a-4a56-be71-3f48bda30cd2";"";"17/08/2023 11:05";"17/08/2023 11:08";"17-Aug-23";"Unknown";"Others";0;0;"Kathy Stevenson";"Abigail Suzuki";"Jennifer Nguyen";"On Job Training";"Evening";5
"061be3f2-4ed1-4f6e-bd76-47254b3b8ee1";"Inbound";"Shopzilla Related";"General Enquiry";"Please make easy to contact to customer careFor paylater query";"8fb628e3-0aef-4087-9b70-a363260b6006";"";"26/08/2023 13:57";"26/08/2023 14:01";"26-Aug-23";"Unknown";"Others";0;0;"Joshua Rose";"Landon Tanaka";"Emily Chen";">90";"Morning";5
"061c0315-4fa7-4134-baf9-202b31d546fa";"Inbound";"Product Queries";"Product Specific Information";"";"2f95c596-3435-4d15-a323-9e562e383550";"";"10/08/2023 19:18";"10/08/2023 19:39";"10-Aug-23";"Unknown";"Others";0;0;"Zachary Ford";"Ava Wong";"William Kim";"On Job Training";"Evening";4
"061cb242-47fa-4d59-a240-f7d08dc97c4f";"Inbound";"Returns";"Reverse Pickup Enquiry";"Nice costamar support";"";"";"15/08/2023 06:55";"15/08/2023 07:20";"15-Aug-23";"Unknown";"Others";0;0;"Michael Miller";"Sophia Sato";"John Smith";"0-30";"Morning";5
"061e13f9-79b1-4f0b-957f-91e59ab38c19";"Inbound";"Shopzilla Related";"General Enquiry";"";"";"";"13/08/2023 12:31";"13/08/2023 12:34";"13-Aug-23";"Unknown";"Others";0;0;"Jason Osborn";"Abigail Suzuki";"William Kim";"On Job Training";"Morning";5
"061e1bd2-450a-493c-8e39-4a98b0eb8cad";"Inbound";"Order Related";"Order status enquiry";"";"5b58d0f6-e524-4fdf-a1f7-450ae43bad32";"07/08/2023 11:30";"11/08/2023 12:07";"11/08/2023 12:10";"11-Aug-23";"NIZAMABAD";"LifeStyle";4849;0;"Sheri White";"Ethan Tan";"William Kim";"On Job Training";"Morning";5
"061e474b-e203-4a4c-9872-0dda3ce62d47";"Inbound";"Returns";"Missing";"";"27016e8a-ce7d-444b-9b4c-134a10483ee7";"";"29/08/2023 22:44";"29/08/2023 23:06";"29-Aug-23";"Unknown";"Others";0;0;"Edwin Wilson";"Ethan Tan";"Michael Lee";">90";"Evening";5
"061f3a91-fdc1-4563-b1d0-23a1baae2c23";"Inbound";"Returns";"Fraudulent User";"";"2b34f41c-67e7-47be-95a7-9abdd5851ffc";"";"10/08/2023 12:12";"10/08/2023 12:23";"10-Aug-23";"Unknown";"Others";0;0;"Brittany Tran";"Landon Tanaka";"Emily Chen";">90";"Morning";5
"061f7a75-bc62-419e-9e91-913819c983b7";"Outcall";"Payments related";"Online Payment Issues";"";"27f198d3-93ab-4285-bda4-7c94f4adf8bb";"";"02/08/2023 14:05";"02/08/2023 14:06";"02-Aug-23";"Unknown";"Others";0;0;"Anthony Reeves";"Nathan Patel";"Michael Lee";">90";"Night";5
"061fb57e-e2ed-4eb0-b772-87cb26be14ac";"Inbound";"Order Related";"Order status enquiry";"";"0ce5e2a7-214f-4d30-991c-42f86d37d0fa";"";"17/08/2023 11:27";"17/08/2023 11:58";"17-Aug-23";"Unknown";"Others";0;0;"Mr. Nathaniel Smith";"Austin Johnson";"William Kim";"On Job Training";"Morning";5
"061fc951-7247-48f8-9061-c2d932a8b44c";"Inbound";"Order Related";"Order status enquiry";"";"65dea15d-7023-4b03-9a85-468e4b7adb86";"";"09/08/2023 20:14";"09/08/2023 20:20";"09-Aug-23";"Unknown";"Others";0;0;"Marc Roberts";"Alexander Tanaka";"Michael Lee";"0-30";"Evening";4
"06205bd3-2def-48bc-8409-52f18cbcb928";"Inbound";"Returns";"Return request";"";"ea04b11c-af7b-447b-8e3a-dc84a6b5cc33";"";"17/08/2023 21:10";"17/08/2023 21:20";"17-Aug-23";"Unknown";"Others";0;0;"Sheena Williams";"Logan Lee";"Emily Chen";"0-30";"Evening";5
"0620cd61-404f-4b6a-a4cc-0e0144a1e18b";"Inbound";"Shopzilla Related";"General Enquiry";"";"f90f3276-b3bc-4bbb-94b7-f9e1f7615e85";"";"28/08/2023 16:39";"28/08/2023 00:00";"28-Aug-23";"Unknown";"Others";0;0;"Ernest Harrington";"Zoe Yamamoto";"Emily Chen";">90";"Afternoon";4
"0620f7bd-1746-45a8-8f17-e6925d962fb4";"Inbound";"Returns";"Reverse Pickup Enquiry";"";"10a3c6be-4002-42a9-8159-d6cae8330ddd";"";"29/08/2023 10:21";"29/08/2023 10:58";"29-Aug-23";"Unknown";"Others";0;0;"Meghan Holmes";"Olivia Suzuki";"Jennifer Nguyen";"On Job Training";"Evening";5
"0622ab6a-ed1f-4752-99f0-9ee0108aa134";"Inbound";"Returns";"Fraudulent User";"";"358b1d3c-d5a2-45dd-859f-74b60d8c4e57";"";"09/08/2023 20:24";"09/08/2023 20:28";"09-Aug-23";"Unknown";"Others";0;0;"Katrina Rodriguez";"Elijah Yamaguchi";"John Smith";">90";"Evening";5
"06230109-2c5f-4179-b5d3-92e32e846594";"Inbound";"Returns";"Reverse Pickup Enquiry";"NYC";"08fcb2c5-c1d0-4626-b325-44614248ae4e";"";"20/08/2023 14:51";"20/08/2023 14:54";"20-Aug-23";"Unknown";"Others";0;0;"Amy Gonzalez";"Logan Lee";"Emily Chen";"61-90";"Evening";5
"06231973-a373-49de-ba71-fe9756e17243";"Inbound";"Returns";"Service Centres Related";"Please resolve my problem as soon as possible....... thank you to Shopzilla customer service";"eca27c77-1295-444c-9cdd-b9404844faad";"";"17/08/2023 13:10";"17/08/2023 13:12";"17-Aug-23";"Unknown";"Others";0;0;"Karen Vasquez";"Emily Yamashita";"Michael Lee";">90";"Morning";5
"06233736-cb8d-4540-97b7-101b64304ddc";"Inbound";"Product Queries";"Product Specific Information";"Good";"";"";"12/08/2023 19:55";"12/08/2023 20:00";"12-Aug-23";"Unknown";"Others";0;0;"Amanda Proctor";"Noah Patel";"Emily Chen";">90";"Split";5
"06233c05-a30a-4da2-ac56-ddf17dfd7ee9";"Inbound";"Returns";"Reverse Pickup Enquiry";"Thank you";"533f970e-27f9-40d8-aeb5-9b993cab34ec";"";"26/08/2023 07:39";"26/08/2023 07:40";"26-Aug-23";"Unknown";"Others";0;0;"Laura Gonzales";"Zoe Yamamoto";"William Kim";"On Job Training";"Morning";5
"06243195-78f6-4140-bfa3-318b189cb03b";"Inbound";"Order Related";"Delayed";"";"4cdac23d-bdfa-4a97-886c-2af8bbf870d7";"06/08/2023 12:44";"08/08/2023 13:53";"08/08/2023 19:47";"08-Aug-23";"GURGAON";"Books & General merchandise";9999;0;"Andre Hunter";"Lily Chen";"Michael Lee";">90";"Morning";5
"0624bfed-2d70-49e6-9625-a3764f8d4075";"Inbound";"Returns";"Return request";"";"7b47516c-05af-4adb-84e7-cbd896334971";"";"07/08/2023 16:51";"07/08/2023 17:10";"07-Aug-23";"Unknown";"Others";0;0;"Robert Lewis";"Logan Lee";"Emily Chen";"61-90";"Evening";5
"0624ca80-46ee-4cc9-9c2c-2408d5102cc3";"Inbound";"Returns";"Reverse Pickup Enquiry";"";"50279c74-5d49-4647-ba1d-225be92e2459";"";"07/08/2023 14:39";"07/08/2023 14:58";"07-Aug-23";"Unknown";"Others";0;0;"Miss Patricia Mack DDS";"Noah Patel";"Emily Chen";">90";"Afternoon";5
"06258b31-e2db-4c1d-a7ed-52fee5004d9e";"Outcall";"Returns";"Reverse Pickup Enquiry";"Good";"e42348ad-680b-411f-aa46-014b55a955b6";"07/07/2023 15:37";"24/08/2023 17:16";"24/08/2023 17:19";"24-Aug-23";"BILASPUR";"LifeStyle";499;0;"Victor Rivera";"Lily Chen";"Michael Lee";">90";"Evening";5
"06259f86-9f52-4756-b696-d0449ca1e738";"Inbound";"Returns";"Reverse Pickup Enquiry";"";"3a43645e-78c8-41d8-a630-bcb0ecd6c0e6";"10/08/2023 15:55";"12/08/2023 15:47";"12/08/2023 15:49";"12-Aug-23";"NEW DELHI";"Books & General merchandise";20;0;"Douglas Tucker";"Madison Kim";"Emily Chen";">90";"Split";4
"0625d1c4-9325-4fc9-ae5b-3725584f6789";"Inbound";"Feedback";"UnProfessional Behaviour";"";"3f5d51a5-c61e-427b-91a2-99a1bb38e83e";"";"28/08/2023 18:36";"28/08/2023 00:00";"28-Aug-23";"Unknown";"Others";0;0;"Kimberly Martinez";"Aiden Patel";"Olivia Tan";"On Job Training";"Evening";4
"06267f46-3d0a-4579-a80f-0b8507693134";"Inbound";"Returns";"Return request";"Bahut achcha";"5b8cc51c-c13f-412d-8d22-6bd1a1e27854";"";"02/08/2023 13:42";"02/08/2023 14:41";"02-Aug-23";"Unknown";"Others";0;0;"Mary Hopkins";"Zoe Yamamoto";"John Smith";">90";"Afternoon";5
"062982d6-c7cc-44a2-a6d2-6d3a9ca5c5e7";"Outcall";"Order Related";"Delayed";"";"b7d99f0e-d845-40eb-9b7d-7dfe1ce1ea2e";"07/08/2023 20:17";"20/08/2023 04:34";"20/08/2023 04:38";"20-Aug-23";"GURGAON";"Furniture";31345;0;"Randy May";"Emily Yamashita";"William Kim";"On Job Training";"Evening";3
"0629ffc6-ffd9-4730-a952-dfa1892fc762";"Inbound";"Product Queries";"Product Specific Information";"";"4cf9a331-6f5a-4168-a25f-1133e69726c1";"";"08/08/2023 17:41";"08/08/2023 17:45";"08-Aug-23";"Unknown";"Others";0;0;"Carol Washington";"Lucas Singh";"John Smith";"31-60";"Evening";4
"062a9481-d797-4164-a9fa-ed6e9372a5e6";"Inbound";"Payments related";"Payment related Queries";"";"87053279-23f9-4c03-8bf9-7c9663b2c0a0";"22/07/2023 18:24";"08/08/2023 14:37";"08/08/2023 16:04";"08-Aug-23";"SURAT";"Furniture";4299;0;"Sandra Richardson";"Amelia Tanaka";"Emily Chen";">90";"Morning";5
"062b716b-94f1-49fa-bd52-f0964bc857af";"Inbound";"Returns";"Fraudulent User";"";"6408cf4f-2b16-403b-a904-016b247a6cc2";"";"10/08/2023 08:11";"10/08/2023 08:14";"10-Aug-23";"Unknown";"Others";0;0;"Kristin Beasley";"Evelyn Kimura";"John Smith";"0-30";"Morning";5
"062b7b6a-c3bb-479d-90aa-02e066e95c96";"Inbound";"Order Related";"Delayed";"";"f8513a4c-1eae-4cbf-ba73-ec39d991422a";"";"02/08/2023 00:22";"02/08/2023 00:24";"02-Aug-23";"Unknown";"Others";0;0;"Eric Bowen";"Amelia Tanaka";"Michael Lee";"31-60";"Evening";5
"062d56a3-e7d8-4c5d-bb75-4cac40742304";"Inbound";"Returns";"Reverse Pickup Enquiry";"";"17778fcc-3a29-4371-8f55-3f74a545ab15";"07/08/2023 11:15";"14/08/2023 10:14";"14/08/2023 10:16";"14-Aug-23";"ALLAHABAD";"Electronics";999;0;"Katherine Walker";"Olivia Wang";"Emily Chen";"31-60";"Evening";5
"062e6a69-c66f-483d-8b34-89645efb350d";"Inbound";"Returns";"Reverse Pickup Enquiry";"";"6ca7c71b-3c0a-4bf9-85a5-1d710ed04062";"";"07/08/2023 18:04";"07/08/2023 18:06";"07-Aug-23";"Unknown";"Others";0;0;"Adam Torres";"Ethan Tan";"Michael Lee";"31-60";"Evening";5
"062f2d84-84d0-4efa-9b2f-96a0e3116409";"Inbound";"Returns";"Reverse Pickup Enquiry";"";"";"";"27/08/2023 10:53";"27/08/2023 14:20";"27-Aug-23";"Unknown";"Others";0;0;"Melissa West";"William Park";"John Smith";"31-60";"Morning";5
"062f6fca-79cc-4232-bacd-9d4b893ccf7c";"Outcall";"Returns";"Return request";"It's good";"9c33adeb-61ff-4f4b-bdb5-db6bbf2721a3";"";"29/08/2023 11:51";"29/08/2023 11:54";"29-Aug-23";"Unknown";"Others";0;0;"Evelyn Petersen";"Olivia Wang";"Olivia Tan";"0-30";"Morning";5
"062fbe6f-17f6-43b1-81d6-549e49ab1c8f";"Inbound";"Returns";"Reverse Pickup Enquiry";"Thanks";"f846238e-b0b2-436e-bd1d-3e193071e164";"";"08/08/2023 17:20";"08/08/2023 17:25";"08-Aug-23";"Unknown";"Others";0;0;"Monique Andersen";"Landon Tanaka";"Emily Chen";">90";"Split";5
"063000bb-ac9d-46f7-81b8-a7eeca10c30a";"Inbound";"Returns";"Return request";"Exicutive was such a humble nd kind person";"ae25676c-22e3-43ee-9bda-d6cf2703e334";"";"06/08/2023 12:23";"06/08/2023 12:27";"06-Aug-23";"Unknown";"Others";0;0;"Jennifer Hernandez";"Lily Chen";"Michael Lee";">90";"Morning";5
"0630640a-99b0-4966-b2b2-efc1f4451eb5";"Inbound";"Returns";"Reverse Pickup Enquiry";"every thing is very poor , i am not satisficed with Shopzilla  and i have write a Email to consumer forum";"9b6eb8e9-8828-4334-9eab-ea184a2d4a1c";"25/07/2023 21:23";"11/08/2023 15:08";"11/08/2023 16:57";"11-Aug-23";"CHALISGAON";"Electronics";1499;0;"Brenda Cox";"Elijah Yamaguchi";"John Smith";"61-90";"Evening";1
"063080a7-fea4-4d2f-9b9c-f69ca9a7b43b";"Outcall";"Returns";"Reverse Pickup Enquiry";"";"7df42243-4162-4e71-8a6a-d1e3cd5fff60";"26/07/2023 13:11";"08/08/2023 07:34";"08/08/2023 07:37";"08-Aug-23";"JAGDALPUR";"LifeStyle";4802;0;"Jamie Smith";"Scarlett Chen";"John Smith";"0-30";"Morning";5
"063081f6-11e3-4d76-9522-778a9dbe5a21";"Outcall";"Order Related";"Order status enquiry";"Items missing is a very Bad Taste for the customer who is in need of the material.  Pls work to avoid such issues,  spoiling the reputation of the brand";"3b64f222-063a-4564-94e8-316df709b56a";"";"01/08/2023 12:53";"01/08/2023 12:59";"01-Aug-23";"Unknown";"Others";0;0;"Briana Patton";"Aiden Patel";"John Smith";">90";"Morning";4
"0630a41b-f6f7-438c-8203-b5b9e057071d";"Inbound";"Returns";"Reverse Pickup Enquiry";"Thanks";"38192235-ee87-4ed4-a8ce-858e23bf264e";"";"08/08/2023 14:14";"08/08/2023 14:15";"08-Aug-23";"Unknown";"Others";0;0;"Elizabeth Garcia";"Madison Kim";"John Smith";">90";"Afternoon";5
"0630a873-7c73-4494-bb88-2a3e2a7e9295";"Inbound";"Order Related";"Delayed";"I want my refund";"f6e3d578-6b0d-4b1f-a1d2-0239df865771";"";"08/08/2023 11:59";"08/08/2023 17:36";"08-Aug-23";"Unknown";"Others";0;0;"Jessica Daugherty";"Emily Yamashita";"John Smith";">90";"Split";1
"06313693-d76c-42e5-a108-9c7f82044fff";"Inbound";"Order Related";"Delayed";"Still my order is pending delievery person u assigned yesterday was very much bad";"0d15195e-42e2-49f1-a07b-300f8876f75a";"13/08/2023 09:24";"15/08/2023 17:31";"16/08/2023 12:18";"16-Aug-23";"MUMBAI";"Mobile";27974;0;"Dennis Miller";"Layla Taniguchi";"Emily Chen";">90";"Morning";4
"06333176-326c-4a55-b4d3-1e26431f4971";"Inbound";"Order Related";"Delayed";"";"93358622-d827-4fed-9882-c4356c79de05";"04/08/2023 14:43";"13/08/2023 15:07";"13/08/2023 15:08";"13-Aug-23";"RAJOURI";"Home Appliences";5999;0;"Chelsey Hodges";"Nathan Patel";"Jennifer Nguyen";"On Job Training";"Evening";5
"0633602a-fbad-4308-b336-c328353175fb";"Inbound";"Returns";"Reverse Pickup Enquiry";"";"6ef7d5c4-250e-4ee1-854b-d7a127a43112";"06/08/2023 14:55";"07/08/2023 23:40";"08/08/2023 00:53";"08-Aug-23";"KOLKATA";"LifeStyle";249;0;"Nicole Hernandez";"Noah Patel";"Michael Lee";"31-60";"Night";5
"0634088e-f678-43c9-a149-1e65be09266a";"Inbound";"Order Related";"Order status enquiry";"";"f0e0c62f-1121-498f-a02d-0d50049c51b9";"";"28/08/2023 15:20";"28/08/2023 00:00";"28-Aug-23";"Unknown";"Others";0;0;"Emma Wyatt";"Aiden Patel";"Olivia Tan";"On Job Training";"Evening";5
"06355cea-c532-4ac4-a680-ce364d342715";"Inbound";"Returns";"Reverse Pickup Enquiry";"";"fcf9d418-b0b0-4ad6-9841-49c13f45a3f6";"03/08/2023 22:30";"11/08/2023 11:47";"11/08/2023 12:01";"11-Aug-23";"KUTTANAD";"Electronics";239;0;"Phillip Mccoy";"Lily Chen";"Michael Lee";">90";"Morning";5
"06357c33-d557-4246-ac57-5e0d064201f8";"Inbound";"Returns";"Exchange / Replacement";"";"55778874-e2b3-4daa-8e85-30a4c1aaa982";"";"07/08/2023 18:20";"07/08/2023 18:28";"07-Aug-23";"Unknown";"Others";0;0;"Allen Bowers";"Olivia Wang";"John Smith";">90";"Evening";5
"063591fb-5c8b-497e-a65c-440804b6055b";"Inbound";"Returns";"Return request";"";"c8020f11-e027-4db3-8584-0d217e7e195f";"";"17/08/2023 10:33";"17/08/2023 10:38";"17-Aug-23";"Unknown";"Others";0;0;"Brandy Shea";"Carter Park";"Michael Lee";">90";"Evening";5
"06363296-fef6-41ac-882f-e0f759174469";"Inbound";"Order Related";"Installation/demo";"";"";"";"04/08/2023 18:30";"04/08/2023 18:35";"04-Aug-23";"Unknown";"Others";0;0;"Michelle Reeves";"Mia Patel";"Emily Chen";">90";"Evening";5
"06365009-f4fe-4f5c-a7eb-4e48a30e77fc";"Inbound";"Order Related";"Order status enquiry";"";"2b5426ef-39a1-4133-b1ca-e0c51bc5ee24";"";"01/08/2023 20:26";"01/08/2023 20:28";"01-Aug-23";"Unknown";"Others";0;0;"Elizabeth Macias";"Lily Chen";"Michael Lee";">90";"Evening";5
"06374d0c-ee2c-4dcc-adc8-8f3324d4fae9";"Outcall";"Shopzilla Related";"General Enquiry";"";"1d6a2101-99c0-498f-9c04-2c4d4b3aecc8";"";"01/08/2023 10:19";"01/08/2023 12:43";"01-Aug-23";"Unknown";"Others";0;0;"Lisa Brennan";"Zoe Yamamoto";"William Kim";"On Job Training";"Morning";1
"06388314-1def-447c-8d76-1ef189100866";"Inbound";"Returns";"Reverse Pickup Enquiry";"";"";"";"12/08/2023 13:10";"12/08/2023 13:11";"12-Aug-23";"Unknown";"Others";0;0;"Teresa Nolan";"Ava Wong";"Olivia Tan";">90";"Morning";5
"06388d88-d61b-40b2-91b4-77a5c97b545f";"Inbound";"Refund Related";"Refund Enquiry";"Good person";"9705d9b0-3397-4754-9973-9471dce8f4c3";"02/08/2023 16:39";"08/08/2023 19:04";"08/08/2023 19:10";"08-Aug-23";"NALAGARH";"Books & General merchandise";142;0;"Megan Bartlett";"Carter Park";"Michael Lee";">90";"Evening";5
"0638c4df-9dd0-407b-9db2-ae4d0aa3b8f8";"Inbound";"Shopzilla Related";"Signup Issues";"He slove my problem";"bf01e303-fc19-4f47-800f-223a59c60a9f";"";"31/08/2023 17:42";"31/08/2023 17:42";"31-Aug-23";"Unknown";"Others";0;0;"Kayla Spears";"Ava Wong";"William Kim";"On Job Training";"Evening";5
"06397f3b-12aa-4a1a-a9b0-4b821c423eaf";"Inbound";"Returns";"Return request";"Thanking so much for you helping.";"4c13c0cc-53b7-4f54-9301-fd46f1a2d38b";"";"22/08/2023 18:27";"22/08/2023 18:35";"22-Aug-23";"Unknown";"Others";0;0;"Troy Nguyen";"Amelia Tanaka";"Emily Chen";">90";"Morning";5
"063a34bd-789b-4bd3-b5cc-8e9040ae4d58";"Inbound";"Returns";"Return request";"";"90e95474-f2d7-4d32-b9b5-a669f8f318d4";"";"29/08/2023 13:12";"29/08/2023 13:14";"29-Aug-23";"Unknown";"Others";0;0;"Joseph Brown";"Brayden Wong";"Olivia Tan";">90";"Morning";5
"063a7343-5564-45f9-9478-1f5dd65e9074";"Email";"Feedback";"UnProfessional Behaviour";"";"408d5568-1a4d-43b3-8b76-caecb2f4a2f0";"05/08/2023 15:13";"11/08/2023 00:24";"11/08/2023 00:31";"11-Aug-23";"MORADABAD";"Books & General merchandise";850;0;"Elizabeth Rivera";"Aiden Patel";"John Smith";">90";"Morning";5
"063ab530-f1d7-499a-83eb-02cd471485ad";"Inbound";"Returns";"Reverse Pickup Enquiry";"";"b0a2f68d-5469-4e32-9fc0-dd6cf5ce44c2";"";"18/08/2023 10:02";"20/08/2023 08:43";"20-Aug-23";"Unknown";"Others";0;0;"Carol Reid";"Evelyn Kimura";"John Smith";"0-30";"Morning";5
"063aea2b-dcd8-41ae-8eb1-9124fd397980";"Inbound";"Order Related";"Unable to track";"";"b5b345d1-0a04-4359-988a-4578afdeed08";"";"09/08/2023 23:46";"10/08/2023 15:28";"10-Aug-23";"Unknown";"Others";0;0;"Douglas Smith";"Brayden Wong";"John Smith";">90";"Evening";5
"063b53d3-ef8e-4bfc-bf27-5d94a285c3ab";"Outcall";"Order Related";"Order status enquiry";"Good";"ecb76acf-3106-4a3f-aea4-0c6c05300ec0";"";"22/08/2023 19:58";"22/08/2023 20:01";"22-Aug-23";"Unknown";"Others";0;0;"Rhonda Martin DVM";"Wyatt Kim";"Jennifer Nguyen";"On Job Training";"Morning";5
"063cfa63-f5c7-4a4b-bbe7-79b8cef4ea41";"Inbound";"Refund Related";"Refund Enquiry";"";"68643832-ce29-4286-b0af-481caf9232ca";"18/08/2023 08:49";"23/08/2023 11:08";"23/08/2023 11:28";"23-Aug-23";"BHARUCH";"LifeStyle";299;0;"Nicholas Wright";"Ava Wong";"Olivia Tan";">90";"Evening";4
"063d515d-6249-42bd-b7cb-4aea7b6d5420";"Inbound";"Returns";"Fraudulent User";"Veri good";"b1ec588b-a4dd-499e-8c4f-38663bdba479";"04/08/2023 22:12";"11/08/2023 22:41";"11/08/2023 22:43";"11-Aug-23";"BHANDER";"LifeStyle";553;0;"Stephen Morris";"Wyatt Kim";"Michael Lee";">90";"Evening";5
"063e77b5-446d-4fba-b2de-ec020d1f7c82";"Inbound";"Order Related";"Installation/demo";"";"19b1322d-d0b0-461f-a0f5-4a74eb83dea8";"";"06/08/2023 15:40";"06/08/2023 15:43";"06-Aug-23";"Unknown";"Others";0;0;"Adam Hammond";"Olivia Suzuki";"John Smith";"31-60";"Morning";5
"063ee092-078e-4b92-b99a-5baada7afd10";"Inbound";"Returns";"Service Centres Related";"Please do it, quick solved the problem for the dammeged/ poor quality products.";"";"";"16/08/2023 16:57";"16/08/2023 17:02";"16-Aug-23";"Unknown";"Others";0;0;"Shari Martinez";"Logan Lee";"Emily Chen";"0-30";"Evening";5
"063f176a-434e-4e1c-818f-9444b5568e3f";"Inbound";"Returns";"Reverse Pickup Enquiry";"";"c243e7da-7272-47af-924f-77a5decc16f6";"";"25/08/2023 11:55";"25/08/2023 14:44";"25-Aug-23";"Unknown";"Others";0;0;"Amanda Brown";"Emily Yamashita";"John Smith";">90";"Morning";5
"063f6081-2778-41ed-ac40-158fd47b7c74";"Inbound";"Order Related";"Installation/demo";"";"affa023e-8016-466a-9b65-152f56545801";"";"27/08/2023 20:09";"28/08/2023 00:00";"28-Aug-23";"Unknown";"Others";0;0;"Ann English";"Olivia Suzuki";"Olivia Tan";"On Job Training";"Morning";4
"063f82ec-e056-44c5-ad5f-56d381ac3d81";"Inbound";"Returns";"Return request";"Good";"";"";"14/08/2023 17:02";"14/08/2023 17:07";"14-Aug-23";"Unknown";"Others";0;0;"Brian Barrera";"Carter Park";"Michael Lee";"31-60";"Morning";4
"06429b64-75e8-437f-80d3-9509449e79ac";"Inbound";"Returns";"Reverse Pickup Enquiry";"Thanks Shopzilla";"adcf79ab-9aab-49de-9c1a-364f3e498ba6";"05/08/2023 11:58";"23/08/2023 10:38";"23/08/2023 10:39";"23-Aug-23";"NAGPUR";"Books & General merchandise";1049;0;"Stacy Sims";"Jacob Sato";"Jennifer Nguyen";"On Job Training";"Morning";5
"0642b6e2-5b42-48d1-b1dc-2d82afb43a4b";"Outcall";"Feedback";"UnProfessional Behaviour";"";"e7ce101b-a619-49e9-ab5a-d31b815ffce0";"";"09/08/2023 19:37";"09/08/2023 19:39";"09-Aug-23";"Unknown";"Others";0;0;"Sean Walters";"Jacob Sato";"Emily Chen";"0-30";"Evening";5
"0643a86a-d5a5-4c48-9f65-ebb56f23f8e0";"Inbound";"Returns";"Reverse Pickup Enquiry";"Aapse baat kar lga mera problem solve  . Thank you";"05b77c00-4454-4237-854e-f5696984062f";"05/08/2023 12:40";"19/08/2023 16:18";"19/08/2023 16:20";"19-Aug-23";"SITAMARHI";"LifeStyle";291;0;"Douglas Smith";"Brayden Wong";"John Smith";">90";"Evening";5
"0643e530-f8ef-41b0-815d-e2664829b088";"Inbound";"Returns";"Service Centres Related";"";"f10f3f97-fcb9-4def-aa89-0361840982eb";"";"30/08/2023 10:35";"30/08/2023 10:38";"30-Aug-23";"Unknown";"Others";0;0;"Michael Miller";"Sophia Sato";"John Smith";"0-30";"Morning";5
"064416de-a0ce-4c74-82dd-5d819b645ed2";"Inbound";"Returns";"Damaged";"";"e0fef296-c3b6-4519-8b42-eb46c2024929";"";"25/08/2023 17:49";"25/08/2023 19:00";"25-Aug-23";"Unknown";"Others";0;0;"Christopher Schneider";"Nathan Patel";"Jennifer Nguyen";"On Job Training";"Evening";5
"06446c7c-194f-4cbc-ba11-4abb086eabb8";"Inbound";"Order Related";"Order status enquiry";"";"8bad5ed0-560c-4b3f-b486-c1fb177837e9";"";"28/08/2023 20:51";"28/08/2023 00:00";"28-Aug-23";"Unknown";"Others";0;0;"David Taylor";"Carter Park";"Michael Lee";">90";"Evening";5
"0644deaa-8ff7-4ddf-baf7-5964da879d1b";"Inbound";"Returns";"Reverse Pickup Enquiry";"Give proper guidance to the customer";"57df6fba-465e-46a7-8a9d-98df37cf8f13";"";"01/08/2023 18:41";"01/08/2023 18:42";"01-Aug-23";"Unknown";"Others";0;0;"Matthew Bennett";"Olivia Wang";"John Smith";">90";"Evening";5
"06459f04-0de8-428d-849c-c05442b43930";"Outcall";"Refund Related";"Refund Related Issues";"Improve your app quality so that it should  not show wrong delivery information.";"7fae06a1-0c88-4f61-8805-9cb59ae1e535";"";"28/08/2023 15:04";"28/08/2023 00:00";"28-Aug-23";"Unknown";"Others";0;0;"Brianna Wolf";"Mia Patel";"John Smith";">90";"Morning";5
"0645e49c-b627-4bb5-a5be-fea2c6bb39ac";"Outcall";"Returns";"Damaged";"";"60e912df-bb6a-4ce2-b5d1-1423b2429d4c";"20/08/2023 22:53";"22/08/2023 13:55";"24/08/2023 22:33";"24-Aug-23";"NEW DELHI";"Books & General merchandise";143;0;"Michael Mckee";"Emily Yamashita";"William Kim";"On Job Training";"Evening";1
"0645fd06-c675-4ef6-9075-ab03bda4037d";"Inbound";"Returns";"Return request";"";"9e56dae4-2cfb-4d63-99b4-ffe8a9cbc955";"";"08/08/2023 21:09";"08/08/2023 21:10";"08-Aug-23";"Unknown";"Others";0;0;"Alyssa Mcpherson";"Brayden Wong";"Michael Lee";">90";"Afternoon";5
"0647fcbe-69f6-4288-856d-dff0fa39200f";"Inbound";"Order Related";"Order status enquiry";"Bhai ka nature badiya";"";"";"27/08/2023 21:28";"27/08/2023 21:29";"27-Aug-23";"Unknown";"Others";0;0;"David Guerra";"Ava Wong";"Olivia Tan";">90";"Morning";5
"064819cc-31dd-4c19-bdc0-e455df5f0033";"Inbound";"Order Related";"Installation/demo";"";"986ce429-a8b0-4555-8031-926dd0e2b59a";"";"26/08/2023 22:02";"26/08/2023 22:09";"26-Aug-23";"Unknown";"Others";0;0;"Stephanie Stewart";"Nathan Patel";"Jennifer Nguyen";"On Job Training";"Evening";4
"0649adf8-ebae-49cc-b8e7-11de5143280c";"Inbound";"Returns";"Reverse Pickup Enquiry";"";"9a020e57-1a7a-4f5f-8d8e-5e02e964ef7d";"";"31/08/2023 09:09";"31/08/2023 09:26";"31-Aug-23";"Unknown";"Others";0;0;"Carmen Lyons";"Ava Wong";"Jennifer Nguyen";"On Job Training";"Morning";5
"0649b375-237a-4f3e-9ecc-4854e03c9e20";"Inbound";"Returns";"Return request";"";"293425ff-572b-4991-a8b0-91a72673b37e";"";"17/08/2023 16:53";"17/08/2023 16:59";"17-Aug-23";"Unknown";"Others";0;0;"Jessica Jones";"William Park";"John Smith";"31-60";"Morning";5
"0649dbb0-7cca-46d8-a819-b2af8d81f701";"Inbound";"Order Related";"Installation/demo";"";"c91eb956-8927-4122-a2fa-a82aefb5e853";"02/08/2023 23:52";"08/08/2023 11:32";"08/08/2023 11:35";"08-Aug-23";"KATNI";"Books & General merchandise";3999;0;"David Meza MD";"Olivia Suzuki";"John Smith";"31-60";"Morning";5
"064d0ccf-eaf3-4e73-b109-211f79df00e0";"Inbound";"Returns";"Reverse Pickup Enquiry";"??? ???? ?????? ?? ?????? ???? ?? ???? ?????? ??? ???? ???????";"";"";"04/08/2023 16:56";"04/08/2023 17:03";"04-Aug-23";"Unknown";"Others";0;0;"Michael Larson";"Emma Park";"John Smith";"31-60";"Morning";4
"064d5c7f-28ed-409d-86a1-bd28a6ab6786";"Inbound";"Order Related";"Delayed";"";"6b4fe83a-13a8-4688-8a50-e233fb469a92";"25/06/2023 16:41";"16/08/2023 11:14";"16/08/2023 11:17";"16-Aug-23";"KANCHIPURAM";"Furniture";16187;0;"Robert Elliott";"Jackson Park";"Michael Lee";"31-60";"Evening";4
"064db642-06d7-442b-ba68-fba2690d8c81";"Inbound";"Order Related";"Order status enquiry";"Completely unprofessional and very much noisy in surroundings children are shouting in customer support callAnd not able resolve issue no knowledge what to do as with in Next call my problem has resolved";"ef399812-9407-49d5-af7c-309fbc36f924";"";"17/08/2023 17:02";"17/08/2023 17:06";"17-Aug-23";"Unknown";"Others";0;0;"Robin Spencer";"Ava Wong";"William Kim";"On Job Training";"Evening";1
"064dbab4-93b2-43f7-81fe-4555d30acb32";"Inbound";"Returns";"Reverse Pickup Enquiry";"";"";"";"16/08/2023 13:21";"16/08/2023 16:08";"16-Aug-23";"Unknown";"Others";0;0;"Ryan Payne";"Scarlett Chen";"John Smith";"0-30";"Morning";5
"064dc7ad-06a5-4dcb-9113-c29557aa77ce";"Inbound";"Returns";"Return request";"";"";"";"27/08/2023 08:45";"27/08/2023 10:00";"27-Aug-23";"Unknown";"Others";0;0;"Dr. Heather Lewis";"Elijah Yamaguchi";"Emily Chen";"61-90";"Evening";5
"064e9a5b-6ae7-4e56-b432-0336f0639e2d";"Inbound";"Returns";"Fraudulent User";"Good Responce";"";"";"12/08/2023 10:04";"12/08/2023 10:13";"12-Aug-23";"Unknown";"Others";0;0;"Jose Jordan";"Olivia Suzuki";"John Smith";"31-60";"Morning";5
"064fe35f-8041-45f6-8667-f8f5e87148d7";"Inbound";"Refund Related";"Refund Enquiry";"";"91a4afe8-a1d4-4161-85e6-c32bae540654";"";"08/08/2023 15:27";"08/08/2023 21:40";"08-Aug-23";"Unknown";"Others";0;0;"Benjamin Lewis";"Nathan Patel";"John Smith";"31-60";"Afternoon";5
"064ff18a-5868-4fb0-a4b0-39dadeb0338c";"Inbound";"Returns";"Damaged";"Solve the issue as soon as possible";"41ae76ca-005e-4f75-86b3-5f8ef6cdab58";"";"28/08/2023 13:26";"28/08/2023 00:00";"28-Aug-23";"Unknown";"Others";0;0;"David Mayer";"Emma Park";"Jennifer Nguyen";"On Job Training";"Evening";5
"06500214-79f6-4761-a506-c27297bfbc2b";"Inbound";"Returns";"Reverse Pickup Enquiry";"";"b331ac50-7f0a-4d09-b0e3-06f362ede5af";"";"07/08/2023 18:18";"07/08/2023 18:21";"07-Aug-23";"Unknown";"Others";0;0;"Micheal Wagner";"Aiden Patel";"John Smith";">90";"Evening";5
"06502e3f-1618-4ba6-bc7f-71ba868310ad";"Inbound";"Returns";"Reverse Pickup Enquiry";"";"67f4b57b-857f-48b2-be35-0f7c0e3bcab7";"";"02/08/2023 20:35";"02/08/2023 20:42";"02-Aug-23";"Unknown";"Others";0;0;"Marc Roberts";"Alexander Tanaka";"Michael Lee";"0-30";"Evening";5
"06508aeb-2c34-4db1-bb3b-818fa6cf64de";"Outcall";"Returns";"Fraudulent User";"Time taken too much";"e3a63411-7053-413b-96ff-a58a8dc73dbf";"";"28/08/2023 18:51";"28/08/2023 00:00";"28-Aug-23";"Unknown";"Others";0;0;"Brenda Gillespie";"Dylan Kim";"William Kim";"On Job Training";"Evening";5
"065109f0-aaba-4930-8f6f-d204ea9a5200";"Email";"Order Related";"Installation/demo";"";"6472fcf9-bbf8-4948-8400-bf09d031c709";"";"02/08/2023 18:50";"02/08/2023 19:27";"02-Aug-23";"Unknown";"Others";0;0;"Lee Allen PhD";"Elijah Yamaguchi";"John Smith";">90";"Evening";1
"0653080b-6ddb-4cbd-a272-13cd6e4f03bc";"Inbound";"Returns";"Wrong";"";"0496c249-ecc2-4794-ab35-f45326a71ef4";"";"25/08/2023 09:28";"25/08/2023 19:25";"25-Aug-23";"Unknown";"Others";0;0;"Jamie Smith";"Scarlett Chen";"John Smith";"0-30";"Morning";5
"06546bc2-ff02-4256-82c2-09f5d32df41b";"Inbound";"Product Queries";"Product Specific Information";"Good";"827fb3a5-86ed-4a60-9d38-57a6914921a2";"";"08/08/2023 10:10";"08/08/2023 10:20";"08-Aug-23";"Unknown";"Others";0;0;"Jesse Shaffer";"Ethan Tan";"John Smith";">90";"Morning";5
"0655abe6-0e13-4ed0-ace9-d11c34aa9a1c";"Inbound";"Returns";"Missing";"Please solve my problem.";"da11a297-afb2-4cb2-8f42-a8add59c163a";"27/07/2023 16:42";"08/08/2023 13:43";"08/08/2023 13:49";"08-Aug-23";"BULDHANA";"Electronics";1199;0;"Troy Nguyen";"Amelia Tanaka";"Emily Chen";">90";"Morning";5
"0656176b-4589-4173-9ac1-9046da5cd56b";"Inbound";"Returns";"Reverse Pickup Enquiry";"";"3ae218cf-331b-431a-92ae-5d7972e8591e";"";"24/08/2023 22:11";"24/08/2023 22:14";"24-Aug-23";"Unknown";"Others";0;0;"Crystal Dunlap";"Abigail Suzuki";"Jennifer Nguyen";"On Job Training";"Morning";5
"065698a4-e9e1-42c8-b118-9a24e467e47a";"Inbound";"Returns";"Fraudulent User";"";"3fe03594-585a-47d4-bfcc-d26fdb457a20";"";"28/08/2023 11:31";"28/08/2023 00:00";"28-Aug-23";"Unknown";"Others";0;0;"Ronald King";"William Park";"John Smith";"61-90";"Evening";5
"0658260b-0e0a-4f5d-8fa1-f43900e0240f";"Inbound";"Product Queries";"Warranty related";"Nice";"421c8e59-b080-45e8-8586-ad68b92f2c0a";"";"08/08/2023 17:40";"08/08/2023 17:41";"08-Aug-23";"Unknown";"Others";0;0;"Todd Floyd";"Ethan Nakamura";"Emily Chen";"0-30";"Evening";5
"06595977-47d0-4763-b341-00495bc6e6da";"Inbound";"Order Related";"Delayed";"";"080dafe3-6664-477d-926e-fa335f46e325";"";"07/08/2023 22:58";"07/08/2023 23:00";"07-Aug-23";"Unknown";"Others";0;0;"Micheal Wagner";"Aiden Patel";"John Smith";">90";"Evening";5
"0659de73-8ed5-41fb-aa69-3da2e17b4ce3";"Inbound";"Order Related";"Order status enquiry";"";"117e34a2-f1e7-4849-8ee9-737ca7948e2c";"20/08/2023 11:46";"29/08/2023 16:43";"29/08/2023 16:51";"29-Aug-23";"KARTHIKAPPALLY";"Home Appliences";23999;0;"John Wells";"Noah Patel";"Michael Lee";"61-90";"Night";5
"065a1ec3-5899-4497-904f-1cfe8e2546b1";"Inbound";"Shopzilla Related";"General Enquiry";"Im happy";"97aa5f79-e271-4cf4-9805-07324542cce0";"";"05/08/2023 14:09";"05/08/2023 14:12";"05-Aug-23";"Unknown";"Others";0;0;"James Ford";"Emily Yamashita";"Michael Lee";">90";"Morning";5
"065a3712-28d9-497e-9b14-10898d096c19";"Inbound";"Product Queries";"Product Specific Information";"";"";"";"16/08/2023 16:13";"16/08/2023 16:15";"16-Aug-23";"Unknown";"Others";0;0;"Brandon Frost";"Carter Park";"Michael Lee";">90";"Morning";5
"065a47fe-cde0-4697-a194-53abce3d594f";"Inbound";"Returns";"Wrong";"";"d933c126-95ed-4e7c-95a9-b5bad8208f55";"";"22/08/2023 08:48";"22/08/2023 09:03";"22-Aug-23";"Unknown";"Others";0;0;"Penny Lam";"Elijah Yamaguchi";"Emily Chen";"61-90";"Evening";5
"065b2a7a-e588-4e5b-bc70-151eb8e4d981";"Inbound";"Returns";"Service Centres Related";"";"55a38ad9-6fb4-41c7-a4be-f64377e1f69d";"";"18/08/2023 11:07";"18/08/2023 11:08";"18-Aug-23";"Unknown";"Others";0;0;"Mark Garcia";"Wyatt Kim";"Jennifer Nguyen";"On Job Training";"Morning";4
"065b6695-e51f-408e-ace5-4b2c23de4b38";"Inbound";"Returns";"Reverse Pickup Enquiry";"";"98a2053c-7d02-422e-beec-d9ba5d805204";"";"31/08/2023 18:12";"31/08/2023 18:14";"31-Aug-23";"Unknown";"Others";0;0;"Carolyn Norman";"Abigail Suzuki";"Jennifer Nguyen";"On Job Training";"Evening";5
"065b7b37-dc8f-4342-9d3a-ac1e36f2b6da";"Inbound";"Product Queries";"Product Specific Information";"";"";"";"16/08/2023 19:13";"16/08/2023 19:18";"16-Aug-23";"Unknown";"Others";0;0;"Mr. Jeremy Sanchez";"Wyatt Kim";"Michael Lee";"61-90";"Afternoon";5
"065c16ae-7f1f-44cd-88a3-85102f1cedfa";"Inbound";"Order Related";"Delayed";"";"d6456410-c6fc-4a8f-ae4f-41798e2d5c22";"";"17/08/2023 20:32";"17/08/2023 20:34";"17-Aug-23";"Unknown";"Others";0;0;"Adam Hernandez";"Nathan Patel";"Emily Chen";"0-30";"Evening";5
"065cff2e-d221-4ca7-ae2f-a46738628e4c";"Inbound";"Product Queries";"Product Specific Information";"";"9098d8f7-4490-4f95-800e-a5877164d99e";"";"20/08/2023 13:17";"20/08/2023 13:53";"20-Aug-23";"Unknown";"Others";0;0;"Garrett Kim";"Elijah Yamaguchi";"John Smith";">90";"Evening";5
"065ed141-e2e2-4692-bca1-ec3adde6f5b3";"Inbound";"Returns";"Reverse Pickup Enquiry";"";"";"";"16/08/2023 16:57";"16/08/2023 16:57";"16-Aug-23";"Unknown";"Others";0;0;"Emily Hernandez";"Zoe Yamamoto";"Emily Chen";">90";"Afternoon";5
"065f825a-3dc9-4873-b0b7-03a6a561c8f3";"Inbound";"Order Related";"Order status enquiry";"Thank you";"";"";"14/08/2023 08:41";"14/08/2023 08:43";"14-Aug-23";"Unknown";"Others";0;0;"Alexis Parrish DVM";"Jacob Sato";"Jennifer Nguyen";"On Job Training";"Morning";5
"065fd289-053c-4b04-b706-45cfec7eadfa";"Inbound";"Returns";"Reverse Pickup Enquiry";"";"5fa342cf-757f-451e-a8d1-bdecb9e8120b";"26/06/2023 16:07";"29/08/2023 11:47";"29/08/2023 13:05";"29-Aug-23";"NAWADA";"LifeStyle";629;0;"Jeffrey Ross";"Isabella Wong";"Emily Chen";">90";"Afternoon";2
"0660acff-8a25-4ff2-ada7-0fe1c6913853";"Inbound";"Order Related";"Delayed";"Waste fellow";"4e8f639c-79bc-4648-9c00-4f7abb200624";"05/08/2023 06:53";"14/08/2023 08:49";"14/08/2023 08:53";"14-Aug-23";"AMALAPURAM";"Books & General merchandise";101;0;"Victoria Anderson";"Wyatt Kim";"Jennifer Nguyen";"On Job Training";"Morning";1
"0661febd-6038-432d-a827-f9e7404465a0";"Inbound";"Returns";"Return request";"";"";"";"14/08/2023 17:16";"14/08/2023 20:16";"14-Aug-23";"Unknown";"Others";0;0;"Sabrina Santiago";"Mia Patel";"Emily Chen";"61-90";"Evening";4
"0662ffba-5d19-4586-a5b2-5b88729e62fc";"Inbound";"Returns";"Reverse Pickup Enquiry";"I will never use Shopzilla";"";"";"15/08/2023 08:50";"15/08/2023 08:51";"15-Aug-23";"Unknown";"Others";0;0;"Mikayla Wright";"Jackson Park";"William Kim";"On Job Training";"Morning";1
"066382d6-ded6-4337-bef4-659d5de4e2a0";"Inbound";"Order Related";"Order status enquiry";"";"de1414bf-83b7-424d-ae03-881338498cb0";"";"07/08/2023 11:29";"07/08/2023 12:29";"07-Aug-23";"Unknown";"Others";0;0;"Samuel Beck";"Evelyn Kimura";"John Smith";"0-30";"Morning";4
"0663b307-e840-4cee-a133-2d63b7236ebe";"Inbound";"Returns";"Return request";"";"f05f6d15-39fd-4252-9bfa-4ac0ea40a5ff";"";"23/08/2023 23:47";"23/08/2023 23:57";"23-Aug-23";"Unknown";"Others";0;0;"Sarah Thomas";"Logan Lee";"Emily Chen";"61-90";"Evening";5
"06641bb3-330c-4e8c-afe5-fa6624f04907";"Inbound";"Returns";"Reverse Pickup Enquiry";"";"3f429d70-6612-4b48-953e-d06058e0df81";"";"19/08/2023 14:43";"19/08/2023 14:52";"19-Aug-23";"Unknown";"Others";0;0;"Lisa Lawrence";"Abigail Suzuki";"Jennifer Nguyen";"On Job Training";"Morning";3
"0664b9d2-217b-451c-aaa4-6bc2b1da4d0c";"Inbound";"Returns";"Reverse Pickup Enquiry";"Thank you Shopzilla";"6afaa5ec-bb1a-49e3-b84e-54b44f459c41";"";"08/08/2023 14:50";"08/08/2023 15:01";"08-Aug-23";"Unknown";"Others";0;0;"Brandon Frost";"Carter Park";"Michael Lee";">90";"Morning";5
"0664bf9c-8c9b-4dad-839e-f07debfbc021";"Inbound";"Product Queries";"Product Specific Information";"Some backside part is different of my refrigerator.So I didn't like the product.Please add some real product picture.";"23683f05-afce-44ff-bdb7-b29c09e1e82b";"";"10/08/2023 16:54";"10/08/2023 16:56";"10-Aug-23";"Unknown";"Others";0;0;"Cindy Stewart";"Logan Lee";"Emily Chen";"61-90";"Evening";4
"0664e279-1099-44a8-8c11-bf6465c0e6f4";"Inbound";"Order Related";"Seller Cancelled Order";"";"858f4c18-ea36-4ad7-94cc-eee39ff5c5c5";"07/08/2023 18:04";"07/08/2023 23:51";"08/08/2023 02:37";"08-Aug-23";"JAHANABAD";"LifeStyle";379;0;"Tanner Snyder";"Jackson Park";"Olivia Tan";">90";"Morning";5
"0666d275-1daf-42b7-9595-22353d12dea7";"Inbound";"Returns";"Return request";"";"5d75bba3-27ed-4b5c-8c05-430d825a7132";"";"29/08/2023 18:37";"29/08/2023 18:40";"29-Aug-23";"Unknown";"Others";0;0;"Nicholas Payne";"Olivia Suzuki";"Jennifer Nguyen";"On Job Training";"Morning";5
"0666d65d-1d42-4d54-ace8-b9601c3f709e";"Outcall";"Returns";"Return request";"";"0ac1ba25-68d1-40c8-8805-7c0c2b4aa37f";"";"20/08/2023 16:11";"20/08/2023 16:13";"20-Aug-23";"Unknown";"Others";0;0;"Diana Sanchez";"William Park";"John Smith";"0-30";"Morning";5
"066734e2-6166-4371-abac-5afc3009cf85";"Inbound";"Shopzilla Related";"Signup Issues";"GOOD WORK OF NR SHYEED AND PLZ CHANGE MY NUMBER";"";"";"04/08/2023 09:00";"04/08/2023 09:05";"04-Aug-23";"Unknown";"Others";0;0;"Bradley Nelson";"Brayden Wong";"John Smith";">90";"Evening";5
"066738b8-6ff7-460d-b844-53cded403c9b";"Inbound";"Returns";"Return request";"Gud work keep it up";"";"";"14/08/2023 21:34";"14/08/2023 21:37";"14-Aug-23";"Unknown";"Others";0;0;"Paul Mack";"Emma Park";"John Smith";"61-90";"Afternoon";5
"06687964-40ed-461d-bcf9-bd7da7995ac5";"Inbound";"Cancellation";"Not Needed";"Thank you so much in my halp";"91dda531-9a88-411d-94dd-d2cd8a16255c";"";"08/08/2023 18:49";"08/08/2023 18:50";"08-Aug-23";"Unknown";"Others";0;0;"Brendan Thomas";"Logan Lee";"William Kim";"On Job Training";"Evening";5
"066974cc-a521-49bc-bac2-6353df0a275f";"Inbound";"Returns";"Reverse Pickup Enquiry";"";"bf147ccf-18e3-4d9d-9dfc-c932e6398b50";"";"29/08/2023 16:59";"29/08/2023 17:01";"29-Aug-23";"Unknown";"Others";0;0;"Brandon Frost";"Carter Park";"Michael Lee";">90";"Morning";4
"066a6baa-250e-4ec1-b5eb-f103eb746b21";"Inbound";"Order Related";"Delayed";"";"381c42d6-2c6a-47bd-9edc-e58273212742";"25/08/2023 10:02";"30/08/2023 12:02";"30/08/2023 12:03";"30-Aug-23";"JAMSHEDPUR";"Books & General merchandise";265;0;"Cole Moore";"Emma Park";"John Smith";"31-60";"Morning";5
"066c27db-dce1-4700-88e1-587d6d8a4d3e";"Inbound";"Order Related";"Order status enquiry";"Ok";"05749bd2-ec51-4b76-8f1a-e8298c017ebc";"";"29/08/2023 21:22";"29/08/2023 21:23";"29-Aug-23";"Unknown";"Others";0;0;"Nichole Price";"Sophia Sato";"John Smith";">90";"Split";5
"066c780b-1d2e-4907-9367-b6e584eec530";"Email";"Order Related";"Delayed";"12 din ho gaye ab   product pickup   dusra   itna pareshan mujhe Kiya hua hai bahut   ???-??? mein call bhi   raha hun";"aebb91d7-755a-41f5-8684-87832820dc77";"";"22/08/2023 11:04";"22/08/2023 11:06";"22-Aug-23";"Unknown";"Others";0;0;"Mark Fitzpatrick";"Carter Park";"Jennifer Nguyen";"On Job Training";"Morning";1
"066cc377-4e3c-490b-87d2-f1ccbe7d6548";"Inbound";"Order Related";"Installation/demo";"";"0cb1ce65-3358-4838-9c1d-8f689259bbfa";"22/08/2023 15:57";"29/08/2023 17:03";"30/08/2023 20:40";"30-Aug-23";"ALLAHABAD";"Home Appliences";15199;0;"Justin Williamson";"Lily Chen";"Michael Lee";">90";"Evening";1
"066e265e-48f8-429d-a286-fb72a358c722";"Outcall";"Returns";"Return request";"Thanks customers care";"2f5afc75-b452-4d6e-8add-ce9537907166";"";"25/08/2023 20:26";"25/08/2023 20:30";"25-Aug-23";"Unknown";"Others";0;0;"Daniel Silva";"Ava Wong";"William Kim";"On Job Training";"Evening";5
"0672da00-0496-452c-9913-b40e5588db91";"Inbound";"Returns";"Reverse Pickup Enquiry";"Last conversation with your Shopzilla senior executive was very impressive with respect to knowledge and dealing with customer. Really I appreciated and thanks maam...";"191744d5-85c3-46a7-b2b3-2f1a14982028";"";"17/08/2023 20:18";"17/08/2023 20:20";"17-Aug-23";"Unknown";"Others";0;0;"Tina Ramirez";"Zoe Yamamoto";"John Smith";">90";"Morning";5
"06740716-4303-49c5-9052-dba984adc114";"Inbound";"Returns";"Fraudulent User";"";"df810169-624c-42aa-b332-479084d2e7ea";"27/07/2023 14:39";"31/07/2023 12:17";"01/08/2023 00:37";"01-Aug-23";"AHMEDABAD";"LifeStyle";299;0;"Andrea Hart";"Madison Kim";"Emily Chen";">90";"Split";5
"0674119d-f388-4120-95fe-04a7f89ee941";"Inbound";"Returns";"Reverse Pickup Enquiry";"";"34ecc9f3-6799-4856-a1b1-271e1c668511";"";"08/08/2023 22:46";"08/08/2023 23:25";"08-Aug-23";"Unknown";"Others";0;0;"Edward Taylor";"Olivia Wang";"Emily Chen";"31-60";"Evening";5
"067687b0-592b-448f-8022-788535c9aa0e";"Inbound";"Feedback";"UnProfessional Behaviour";"";"dea05e0b-ac5e-4320-ac17-cc78e3d15980";"19/07/2023 14:50";"15/08/2023 09:00";"15/08/2023 10:00";"15-Aug-23";"GWALIOR";"Electronics";999;0;"Patricia Moore";"Brayden Wong";"John Smith";">90";"Morning";1
"06774a36-1973-4581-9136-acc3b382b7c0";"Inbound";"Returns";"Reverse Pickup Enquiry";"";"c3148faa-999b-471a-b8ad-06f610d919c6";"";"22/08/2023 16:05";"22/08/2023 16:05";"22-Aug-23";"Unknown";"Others";0;0;"Nicole Gallagher";"Lucas Singh";"Jennifer Nguyen";"On Job Training";"Evening";4
"06777326-5d77-4c06-ac16-d3e9018949bf";"Inbound";"Returns";"Reverse Pickup Enquiry";"Very good";"aaf44949-4767-49de-b6aa-5c53938cc428";"";"20/08/2023 14:31";"20/08/2023 14:34";"20-Aug-23";"Unknown";"Others";0;0;"Jennifer Cox";"Evelyn Kimura";"John Smith";"0-30";"Morning";5
"0677cc88-344a-4a1e-ad38-cff55a8d31f6";"Inbound";"Returns";"Return request";"There should be categories by which customer can easily understand what options are valid for return or refund if he get open box delivery";"";"";"12/08/2023 21:48";"13/08/2023 00:39";"13-Aug-23";"Unknown";"Others";0;0;"Shari Martinez";"Logan Lee";"Emily Chen";"0-30";"Evening";5
"06786853-6246-43fc-9549-eee74d350f9a";"Inbound";"Order Related";"Order status enquiry";"";"519ea2fb-cc94-430e-bdee-7e4b4990afd3";"";"09/08/2023 20:23";"09/08/2023 20:25";"09-Aug-23";"Unknown";"Others";0;0;"Elizabeth Rivera";"Aiden Patel";"John Smith";">90";"Morning";5
"067887a4-f920-4742-b395-2033f523e0da";"Inbound";"Shopzilla Related";"General Enquiry";"";"683dd201-690c-4de3-ae58-cc7d50e98f76";"";"22/08/2023 17:17";"22/08/2023 17:24";"22-Aug-23";"Unknown";"Others";0;0;"Kyle Jones";"Mason Gupta";"Jennifer Nguyen";"On Job Training";"Morning";5
"067924c3-df85-4b4c-8fb5-72591d259834";"Outcall";"Cancellation";"Return cancellation";"";"77fcdc9a-57ef-4823-94d4-5483a058ba6b";"";"22/08/2023 11:20";"22/08/2023 11:34";"22-Aug-23";"Unknown";"Others";0;0;"Dillon Miller";"Mason Gupta";"Olivia Tan";"0-30";"Morning";5
"067946be-1fe3-406a-94ee-eff8da71d01d";"Inbound";"Returns";"Missing";"";"19e94d00-d48b-43ef-ad01-dbb53461945d";"";"02/08/2023 16:02";"02/08/2023 16:03";"02-Aug-23";"Unknown";"Others";0;0;"Jeffrey Parker";"Nathan Patel";"Michael Lee";">90";"Morning";1
"0679731a-e278-4175-8b55-f65969530bb0";"Inbound";"Shopzilla Related";"Signup Issues";"Good night";"";"";"03/08/2023 22:30";"03/08/2023 22:33";"03-Aug-23";"Unknown";"Others";0;0;"Brian Young";"Elijah Yamaguchi";"Emily Chen";"61-90";"Morning";5
"0679fed4-626b-42a0-ac0e-2ac86b22d9d2";"Inbound";"Returns";"Reverse Pickup Enquiry";"";"21c0ef2d-3a88-4309-bea9-a454f3d66d0f";"";"24/08/2023 15:10";"24/08/2023 15:14";"24-Aug-23";"Unknown";"Others";0;0;"Anna Brown";"Abigail Suzuki";"Jennifer Nguyen";"On Job Training";"Evening";3
"067a80eb-6ea2-46f1-b752-2d3f6c820049";"Inbound";"Order Related";"Installation/demo";"Malayalam language executive";"89fffc51-660f-4626-b75b-ccbab06a5409";"";"01/08/2023 20:33";"01/08/2023 20:35";"01-Aug-23";"Unknown";"Others";0;0;"Marcia Mendez";"Brayden Wong";"Michael Lee";">90";"Afternoon";5
"067a9704-99e5-47e2-ab0a-2783d812217c";"Inbound";"Order Related";"Order status enquiry";"Resolution was quick and efficient";"";"";"15/08/2023 23:25";"15/08/2023 23:38";"15-Aug-23";"Unknown";"Others";0;0;"David Guerra";"Ava Wong";"Olivia Tan";">90";"Morning";5
"067b2bb8-f50d-41d6-94ce-5bcccf65011a";"Outcall";"Order Related";"Order status enquiry";"Service is good";"b7757f83-fc2f-4629-8fab-721b853bac53";"";"17/08/2023 19:18";"17/08/2023 19:19";"17-Aug-23";"Unknown";"Others";0;0;"Paul Montgomery";"Mia Patel";"Jennifer Nguyen";"On Job Training";"Evening";4
"067cbe62-a82b-4565-898b-8771e3d93f8d";"Inbound";"Returns";"Return request";"";"1cdf577f-1035-4596-8cc3-8d8143652edd";"";"30/08/2023 08:53";"30/08/2023 18:41";"30-Aug-23";"Unknown";"Others";0;0;"Rebecca Walker";"Logan Lee";"Emily Chen";"61-90";"Evening";5
"067dee98-94f3-4e21-9df7-1c03329f1cd9";"Inbound";"Order Related";"Invoice request";"";"2d5e3ea1-a2e8-48d0-80bc-7c142bb2f93a";"";"23/08/2023 13:01";"23/08/2023 13:03";"23-Aug-23";"Unknown";"Others";0;0;"Randy Mullins";"Jackson Park";"Michael Lee";"31-60";"Evening";5
"067e3ccf-7825-4857-a4bf-71ed5043927d";"Inbound";"Returns";"Reverse Pickup Enquiry";"Good service";"";"";"13/08/2023 12:54";"13/08/2023 12:56";"13-Aug-23";"Unknown";"Others";0;0;"John Mccall";"Isabella Wong";"Emily Chen";">90";"Afternoon";5
"06802a21-d694-40fd-8fd0-747a4ffdad10";"Outcall";"Shopzilla Related";"Shopzila Premium Related";"";"918bb1f0-1da1-478d-be32-2d032c3e98f1";"";"08/08/2023 11:18";"08/08/2023 11:20";"08-Aug-23";"Unknown";"Others";0;0;"Elizabeth Garcia";"Madison Kim";"John Smith";">90";"Afternoon";5
"0681f3dd-a99f-40fb-a3c9-905f6befd015";"Inbound";"Returns";"Reverse Pickup Enquiry";"";"6697f0d4-e52e-4807-a9e0-2f71017a59a1";"";"28/08/2023 16:50";"28/08/2023 00:00";"28-Aug-23";"Unknown";"Others";0;0;"Xavier Little";"Austin Johnson";"William Kim";"On Job Training";"Morning";5
"0682694b-3a19-4c52-a5ac-bf015356086e";"Inbound";"Order Related";"Installation/demo";"";"f8f773f2-a4fd-47d0-9ccb-2d90efa041fd";"";"07/08/2023 11:09";"07/08/2023 11:12";"07-Aug-23";"Unknown";"Others";0;0;"Kimberly Carter";"Scarlett Chen";"John Smith";"0-30";"Morning";5
"068291e9-634e-4c56-8997-0b0838269c35";"Inbound";"Shopzilla Related";"General Enquiry";"Very good nice";"";"";"12/08/2023 15:40";"12/08/2023 15:55";"12-Aug-23";"Unknown";"Others";0;0;"Sharon Smith";"Elijah Yamaguchi";"Michael Lee";">90";"Afternoon";5
"06832ec6-9452-4d4e-a0e6-5470b308d5ae";"Inbound";"Returns";"Reverse Pickup Enquiry";"Bahut bahut shukriya";"c16633c5-d2e6-413a-b061-d67caef0dfe9";"";"17/08/2023 10:47";"17/08/2023 11:06";"17-Aug-23";"Unknown";"Others";0;0;"Shelly Huber";"William Park";"John Smith";"61-90";"Evening";5
"06843040-ce8f-44e4-8bf4-30b766165e29";"Inbound";"Order Related";"Delayed";"";"cabfcd32-e8e0-4a58-9f43-6943c0f5fad9";"03/08/2023 22:41";"29/08/2023 14:21";"29/08/2023 14:23";"29-Aug-23";"CHIDAMBARAM";"Electronics";1299;0;"Eric Bowen";"Amelia Tanaka";"Michael Lee";"31-60";"Evening";5
"0684f043-5319-4661-bf47-7540f08f88fa";"Inbound";"Returns";"Reverse Pickup Enquiry";"";"2f93f635-f4a0-4996-932c-a4e42b6b47c4";"";"29/08/2023 17:12";"30/08/2023 12:02";"30-Aug-23";"Unknown";"Others";0;0;"Deborah Brown";"Ava Wong";"Jennifer Nguyen";"On Job Training";"Evening";4
"06854805-2b7f-454a-8b8c-f57d3c2c0547";"Inbound";"App/website";"Issues with Shopzilla App";"";"ece3124c-6af9-468a-8945-c77e8f98b6f3";"";"23/08/2023 23:22";"23/08/2023 23:24";"23-Aug-23";"Unknown";"Others";0;0;"Michael Davis";"Evelyn Kimura";"Jennifer Nguyen";"On Job Training";"Evening";5
"0686ec62-0d56-436f-a17c-ffa1782c8fc7";"Inbound";"Returns";"Fraudulent User";"";"dc364cb1-6a89-40d7-aec2-3e0ac2eaf4f1";"";"28/08/2023 23:02";"28/08/2023 00:00";"28-Aug-23";"Unknown";"Others";0;0;"Alicia Schultz";"Lucas Singh";"Jennifer Nguyen";"On Job Training";"Evening";5
"06871f5c-6709-45a4-be05-8cd0521f80da";"Inbound";"Order Related";"Order status enquiry";"V nice ??";"7f2ac8fe-27e3-4fe4-8875-4525333a7049";"27/07/2023 06:13";"08/08/2023 21:10";"08/08/2023 21:10";"08-Aug-23";"MIRZAPUR";"Mobile";32999;0;"Wendy Mitchell";"Nathan Patel";"Jennifer Nguyen";"On Job Training";"Evening";5
"06876f2f-575d-408d-a3e0-99131a963068";"Inbound";"Product Queries";"Product Specific Information";"Very good";"41c4bd09-b5ac-442a-a012-74dc7f2c48af";"";"19/08/2023 20:26";"20/08/2023 09:06";"20-Aug-23";"Unknown";"Others";0;0;"Tammy Garcia";"Jackson Park";"William Kim";"On Job Training";"Evening";5
"068799d0-59cc-4a5c-a8fc-66bef27c2a01";"Inbound";"Returns";"Reverse Pickup Enquiry";"";"bbbbd5e3-cceb-4c69-9cf9-70949c12934d";"";"28/08/2023 12:35";"28/08/2023 00:00";"28-Aug-23";"Unknown";"Others";0;0;"Joseph Benson";"Brayden Wong";"Michael Lee";">90";"Afternoon";4
"0687e11b-b568-459a-9ca3-1c0d27068d74";"Inbound";"Offers & Cashback";"Affiliate Offers";"";"c63ce730-2966-4e5f-8db4-1b6ac25df8a6";"";"28/08/2023 23:41";"28/08/2023 00:00";"28-Aug-23";"Unknown";"Others";0;0;"Steven Nelson";"Mia Patel";"Olivia Tan";">90";"Morning";5
"06894129-a512-460a-9d23-40b15914543d";"Inbound";"Returns";"Reverse Pickup Enquiry";"";"6e34e824-3d14-4ecb-9717-5e2b8bcfc1ba";"";"19/08/2023 20:23";"19/08/2023 20:31";"19-Aug-23";"Unknown";"Others";0;0;"Douglas Pitts";"Abigail Suzuki";"Jennifer Nguyen";"On Job Training";"Evening";4
"068a0321-a7b8-4c16-8246-b37526ba9230";"Inbound";"Returns";"Fraudulent User";"";"cd03549c-91c1-4492-93c3-b8a399668692";"05/08/2023 09:00";"11/08/2023 17:39";"11/08/2023 17:47";"11-Aug-23";"SURI";"Books & General merchandise";100;0;"Christina Lewis";"Aiden Patel";"John Smith";">90";"Evening";1
"068a1f04-a1bb-43ed-af1d-3f58bec3cb8e";"Outcall";"Order Related";"Seller Cancelled Order";"Excellent customer service";"6a0f77e6-f1df-4f57-8e94-fec14e8961bd";"";"05/08/2023 22:40";"05/08/2023 22:47";"05-Aug-23";"Unknown";"Others";0;0;"Wendy Church";"Wyatt Kim";"Michael Lee";"31-60";"Evening";5
"068aa7b8-5f57-4352-ac45-e2cc00bd4985";"Inbound";"Returns";"Reverse Pickup Enquiry";"";"70edf88d-920d-4696-ac5a-34b24a214e05";"";"08/08/2023 22:49";"08/08/2023 23:30";"08-Aug-23";"Unknown";"Others";0;0;"Elizabeth Mills";"Lucas Singh";"John Smith";">90";"Evening";5
"068bbb16-7dde-4923-a7a0-a214ebf73e37";"Outcall";"Payments related";"Online Payment Issues";"";"61064e09-ef3b-492a-a81d-d118d9bb7320";"";"22/08/2023 13:04";"22/08/2023 13:10";"22-Aug-23";"Unknown";"Others";0;0;"Natasha Hunter";"Abigail Suzuki";"Jennifer Nguyen";"On Job Training";"Evening";4
"068ca0bc-31e2-484f-ad32-40dfb4fbce30";"Inbound";"Order Related";"Order status enquiry";"";"652308d0-ca88-4c10-a2f0-04f8e09b3a6e";"15/08/2023 22:37";"18/08/2023 16:14";"18/08/2023 16:15";"18-Aug-23";"RANGAREDDY";"Books & General merchandise";174;0;"Anna Brown";"Abigail Suzuki";"Jennifer Nguyen";"On Job Training";"Evening";5
"068dffcd-45be-48f9-b26c-d8248b2e80c7";"Inbound";"Order Related";"Order status enquiry";"";"";"";"15/08/2023 19:39";"15/08/2023 19:59";"15-Aug-23";"Unknown";"Others";0;0;"Alyssa Jones";"Zoe Yamamoto";"John Smith";">90";"Morning";1
"06908ca0-5321-4d4d-9f37-db155d533be4";"Inbound";"Returns";"Wrong";"";"";"";"15/08/2023 09:23";"15/08/2023 09:47";"15-Aug-23";"Unknown";"Others";0;0;"Kimberly Smith";"Zoe Yamamoto";"William Kim";"On Job Training";"Morning";4
"069092fe-0394-4d20-b892-3583cb88e94a";"Outcall";"Returns";"Return request";"i need replacement";"bd915d2d-f599-443f-9a4f-804479d37149";"";"07/08/2023 22:16";"07/08/2023 22:17";"07-Aug-23";"Unknown";"Others";0;0;"Joanna Wright";"Logan Lee";"Emily Chen";"61-90";"Evening";4
"069094b8-e3bf-4290-bf2b-006549f3c7bb";"Inbound";"Order Related";"Order status enquiry";"Support wise it's good but need to resolve the issues ASAP from your side";"6cefd4a9-8799-43d0-ac5f-ac128b06be1e";"07/08/2023 23:44";"11/08/2023 15:06";"11/08/2023 15:08";"11-Aug-23";"ANANTAPUR";"Electronics";1579;0;"Tammy Brewer";"Layla Taniguchi";"Emily Chen";">90";"Morning";5
"0691c421-2b31-4236-9cef-0138e93cf41c";"Inbound";"Order Related";"Delayed";"";"839f9db2-6e7c-423b-80ee-a43271c877c5";"31/07/2023 09:58";"11/08/2023 10:36";"11/08/2023 10:53";"11-Aug-23";"COIMBATORE";"Books & General merchandise";1048;0;"Patricia Moore";"Brayden Wong";"John Smith";">90";"Morning";1
"06923050-2ed3-44d2-bd9f-f2a45b7d6225";"Inbound";"Order Related";"Order status enquiry";"Reduce the delivery time to maximum 3 days";"";"";"26/08/2023 20:01";"27/08/2023 10:41";"27-Aug-23";"Unknown";"Others";0;0;"Christopher Brown";"Aiden Patel";"Olivia Tan";"On Job Training";"Evening";5
"0692368d-3cbd-4f7f-b535-4ae5f6d6783c";"Inbound";"Refund Related";"Refund Enquiry";"";"";"";"14/08/2023 11:06";"14/08/2023 11:08";"14-Aug-23";"Unknown";"Others";0;0;"Penny Lam";"Elijah Yamaguchi";"Emily Chen";"61-90";"Evening";5
"0692f6c0-2462-4336-9363-9584ce422376";"Inbound";"Returns";"Missing";"Nice guys ??????";"03281771-7633-4603-bcba-4a367ae7ff0c";"";"05/08/2023 16:39";"05/08/2023 17:02";"05-Aug-23";"Unknown";"Others";0;0;"David Meyers";"Isabella Wong";"Emily Chen";">90";"Afternoon";5
"06940ab5-e8b7-4218-ab83-86131620fae9";"Inbound";"Order Related";"Seller Cancelled Order";"";"";"";"16/08/2023 07:43";"16/08/2023 07:59";"16-Aug-23";"Unknown";"Others";0;0;"James Chung";"Oliver Nguyen";"John Smith";">90";"Morning";5
"069469e2-3d8a-4566-aa15-42c3feda62b0";"Outcall";"Returns";"Reverse Pickup Enquiry";"";"7e21463d-0660-40dd-87d4-eeb6cad0e0a2";"";"02/08/2023 06:38";"02/08/2023 06:42";"02-Aug-23";"Unknown";"Others";0;0;"Sharon Bullock";"Scarlett Chen";"John Smith";"0-30";"Morning";5
"069557c3-104f-41d5-9567-444b49f8dfcc";"Outcall";"Order Related";"Order status enquiry";"";"";"";"13/08/2023 06:53";"13/08/2023 06:57";"13-Aug-23";"Unknown";"Others";0;0;"Logan Barnett";"William Park";"John Smith";"31-60";"Morning";5
"06956686-49cf-40b7-95c3-5ac6eb524bbc";"Inbound";"Returns";"Service Centres Related";"Good";"19eb3830-58fe-4c9d-8eda-041d818de663";"";"17/08/2023 18:05";"17/08/2023 18:09";"17-Aug-23";"Unknown";"Others";0;0;"Luke Brown";"Alexander Tanaka";"Michael Lee";"0-30";"Evening";5
"0696994a-0427-4c78-8ef5-81fffb212c2b";"Inbound";"Returns";"Wrong";"Very good paresan";"0829122f-5af4-4f94-ad3e-af0a9cb957b7";"06/08/2023 07:14";"12/08/2023 07:02";"12/08/2023 07:03";"12-Aug-23";"BARABANKI";"Electronics";1499;0;"Joseph Harper";"Noah Patel";"Michael Lee";">90";"Morning";4
"0696a0c7-2afd-42a5-a578-ab9682394883";"Inbound";"Order Related";"Delayed";"Doesn't deliver product on time";"7b5b8798-ed19-48e2-a6be-85350ee591cf";"";"02/08/2023 22:56";"02/08/2023 23:01";"02-Aug-23";"Unknown";"Others";0;0;"Sarah Gutierrez";"Emily Yamashita";"Michael Lee";"61-90";"Morning";1
"069898c8-1103-431e-b2f3-b13668b285bf";"Inbound";"Returns";"Service Centres Related";"Nothing use";"9e593e26-8136-43fb-884d-1f59ef29fe5f";"19/07/2023 23:55";"30/07/2023 13:17";"03/08/2023 01:30";"03-Aug-23";"KOTHAPETA";"Home Appliences";28990;0;"Ariana Chavez";"Mason Gupta";"Jennifer Nguyen";"On Job Training";"Morning";1
"069a2fcf-b118-49c2-ac9f-9719c508ed06";"Inbound";"Product Queries";"Product Specific Information";"Plz help my refund my payment";"";"";"16/08/2023 13:15";"16/08/2023 13:25";"16-Aug-23";"Unknown";"Others";0;0;"Kristin Bowman";"Charlotte Suzuki";"Olivia Tan";">90";"Morning";1
"069be578-2d17-4f5f-ab65-20b41a278c80";"Inbound";"Returns";"Fraudulent User";"Please add a option in Shopzilla app for missing product in grocery";"";"";"16/08/2023 17:29";"16/08/2023 17:33";"16-Aug-23";"Unknown";"Others";0;0;"Elizabeth Mills";"Lucas Singh";"John Smith";">90";"Evening";5
"069c5c94-928d-4236-aa84-2e25cfa380bd";"Inbound";"Returns";"Return request";"";"881420f2-985e-4067-8041-5e18c9cb9ab8";"30/07/2023 10:54";"11/08/2023 18:25";"11/08/2023 18:31";"11-Aug-23";"LUDHIANA";"Electronics";999;0;"Veronica Martinez";"William Park";"John Smith";"61-90";"Evening";4
"069caf9d-52fb-4e4c-83b9-3dbce40d3533";"Inbound";"Order Related";"Delayed";"";"50802f2a-d737-4920-904e-5ae449f14eeb";"05/08/2023 10:35";"19/08/2023 20:59";"20/08/2023 01:01";"20-Aug-23";"PUNE";"Electronics";15999;0;"Deborah Smith";"Elijah Yamaguchi";"Emily Chen";"61-90";"Split";1
"069dba22-2c93-4915-a9ae-74963156c851";"Inbound";"Returns";"Return request";"";"a5931fb2-8565-4b8a-a0a6-e11fda4179ca";"07/08/2023 21:21";"11/08/2023 09:05";"11/08/2023 13:21";"11-Aug-23";"BARDHAMAN";"Books & General merchandise";420;0;"Cynthia Mills";"William Park";"John Smith";"31-60";"Morning";1
"069e916c-4bf1-46af-a995-1a7e46bf47ca";"Inbound";"Returns";"Reverse Pickup Enquiry";"";"";"";"02/08/2023 18:42";"03/08/2023 16:31";"03-Aug-23";"Unknown";"Others";0;0;"Dawn Copeland";"Jacob Sato";"Emily Chen";"0-30";"Evening";5
"069eae5d-49de-4324-b16d-811cea2b1258";"Inbound";"Returns";"Reverse Pickup Enquiry";"";"";"";"27/08/2023 11:06";"27/08/2023 13:10";"27-Aug-23";"Unknown";"Others";0;0;"Sara Hall";"Brayden Wong";"John Smith";">90";"Morning";3
"069fb9d6-3057-423f-ae72-6d1b3b6df230";"Inbound";"Order Related";"Delayed";"";"1c91a82a-4f43-43d7-903f-fdac9c241e0b";"";"29/08/2023 07:29";"29/08/2023 10:45";"29-Aug-23";"Unknown";"Others";0;0;"Bethany Lee";"Olivia Suzuki";"John Smith";"31-60";"Morning";5
"069fe1b4-2380-4381-bd00-700884b08e93";"Inbound";"Returns";"Reverse Pickup Enquiry";"";"";"";"12/08/2023 11:10";"12/08/2023 13:25";"12-Aug-23";"Unknown";"Others";0;0;"Amy Flores";"Carter Park";"Michael Lee";"0-30";"Morning";4
"06a051be-8f6d-4ea1-8867-6714985c96a8";"Email";"Order Related";"Order status enquiry";"";"1023701f-c8e6-4699-b168-1a3956270298";"";"18/08/2023 13:26";"18/08/2023 13:39";"18-Aug-23";"Unknown";"Others";0;0;"Mary Smith";"Charlotte Suzuki";"Olivia Tan";">90";"Morning";5
"06a0ad95-cea4-448b-a7ee-d468672ed3e8";"Inbound";"Returns";"Reverse Pickup Enquiry";"";"df8e01fe-afbb-46ec-88d2-d0c9de7472a6";"02/08/2023 14:22";"09/08/2023 12:51";"09/08/2023 13:11";"09-Aug-23";"JABALPUR";"Affiliates";65;0;"Hayley Smith";"Noah Patel";"Emily Chen";">90";"Split";5
"06a1507c-a1c0-45ff-be5e-b9bfb2612959";"Outcall";"Returns";"Return request";"No";"abbcd0f1-f470-4aa3-b52f-c0ebc36ac6a1";"";"25/08/2023 14:32";"25/08/2023 14:36";"25-Aug-23";"Unknown";"Others";0;0;"Katelyn Horton";"Mason Gupta";"Olivia Tan";"0-30";"Morning";5
"06a190e1-e0e0-49a2-ba01-2e30b9c4b32d";"Inbound";"Returns";"Fraudulent User";"";"3fb8228b-71b1-4e13-bb96-00dfded94c3a";"";"22/08/2023 18:34";"22/08/2023 18:37";"22-Aug-23";"Unknown";"Others";0;0;"Virginia Lane";"Sophia Sato";"John Smith";">90";"Split";4
"06a27e3e-4982-4bb9-95bf-1ef64d1d7da2";"Inbound";"Refund Related";"Refund Enquiry";"";"4fd9c5d1-fadf-4746-955e-5dc0981d8e72";"05/08/2023 21:47";"17/08/2023 14:58";"17/08/2023 14:59";"17-Aug-23";"SHYAMNAGAR";"LifeStyle";382;0;"Charlotte Thomas";"Mia Patel";"Emily Chen";">90";"Evening";3
"06a338f6-337b-4717-9409-b8df355452bb";"Inbound";"Returns";"Service Centres Related";"";"9309d98b-641a-4043-997e-9e6f490a3830";"02/06/2023 19:25";"03/08/2023 21:14";"03/08/2023 21:30";"03-Aug-23";"MIRZAPUR";"Mobile";44399;0;"Kathy Decker DVM";"Amelia Tanaka";"Michael Lee";"31-60";"Evening";4
"06a3398b-d60c-42b6-a697-a6f1e3683a77";"Inbound";"Returns";"Missing";"";"";"";"27/08/2023 21:52";"27/08/2023 21:52";"27-Aug-23";"Unknown";"Others";0;0;"Mikayla Wright";"Jackson Park";"William Kim";"On Job Training";"Morning";5
"06a6d4e3-3cec-4e39-a59b-3c9db6d165c1";"Inbound";"Product Queries";"Product Specific Information";"";"035121b4-a8cb-47cc-b72e-4ed088553960";"";"02/08/2023 12:13";"02/08/2023 12:21";"02-Aug-23";"Unknown";"Others";0;0;"Carolyn Sullivan";"Brayden Wong";"Michael Lee";">90";"Afternoon";5
"06a75db9-5a06-4165-b811-3274a9d9a61a";"Inbound";"Returns";"Wrong";"Thankyou";"f6c31f4e-25b9-405b-983f-a140a217298b";"";"06/08/2023 20:03";"06/08/2023 20:04";"06-Aug-23";"Unknown";"Others";0;0;"Steven Nelson";"Mia Patel";"Olivia Tan";">90";"Morning";5
"06a75fac-d6b2-41ab-a997-4f3d32d51d4b";"Inbound";"Returns";"Return request";"";"";"";"03/08/2023 19:09";"03/08/2023 19:11";"03-Aug-23";"Unknown";"Others";0;0;"Joshua Rose";"Landon Tanaka";"Emily Chen";">90";"Morning";5
"06a7ad84-14c6-48f6-b07c-7b5dfc1c2a81";"Inbound";"Returns";"Return request";"";"2344ea93-3eef-45e9-ab9a-fbe1482d1f7e";"02/08/2023 21:52";"18/08/2023 14:34";"18/08/2023 17:34";"18-Aug-23";"DEWAS";"Electronics";2499;0;"Mary Taylor";"Jackson Park";"William Kim";"On Job Training";"Morning";4
"06a81e81-5bd2-422b-9e2e-c563f1d9c6c0";"Inbound";"Returns";"Reverse Pickup Enquiry";"";"5d910eef-04ea-4b1a-98a5-049b3d3eb56e";"";"24/08/2023 12:15";"24/08/2023 12:17";"24-Aug-23";"Unknown";"Others";0;0;"Sharon Bullock";"Scarlett Chen";"John Smith";"0-30";"Morning";5
"06a91d92-9c00-4da6-9a8e-bf3d8353f369";"Inbound";"Returns";"Reverse Pickup Enquiry";"Very good service";"e211cbc2-c1f4-4f02-97a3-d56f961d3b8b";"";"02/08/2023 20:12";"02/08/2023 20:16";"02-Aug-23";"Unknown";"Others";0;0;"Pamela Robinson";"Madison Kim";"Emily Chen";">90";"Split";5
"06a9215a-ecd9-448b-985a-0e2926b9e50f";"Outcall";"Order Related";"Installation/demo";"";"";"";"14/08/2023 02:20";"14/08/2023 02:48";"14-Aug-23";"Unknown";"Others";0;0;"Kristi Schultz";"Noah Patel";"Michael Lee";"61-90";"Night";1
"06ab1e92-d461-4133-9b54-cb1c00c75f24";"Outcall";"Payments related";"Online Payment Issues";"Such an idiot";"7aeff2a8-40b1-4526-99e1-fa88ef85d9d1";"";"21/08/2023 16:32";"21/08/2023 21:51";"21-Aug-23";"Unknown";"Others";0;0;"Jesse Miller";"Emily Yamashita";"John Smith";">90";"Morning";1
"06acd0b9-770c-45db-886a-6f874abdd1c8";"Inbound";"Returns";"Reverse Pickup Enquiry";"";"";"";"27/08/2023 16:06";"27/08/2023 16:09";"27-Aug-23";"Unknown";"Others";0;0;"Sarah Newton";"Zoe Yamamoto";"Olivia Tan";">90";"Morning";5
"06acda7b-7c0a-43cb-a6f4-3aff43371e41";"Inbound";"Refund Related";"Refund Related Issues";"";"a07fc086-a905-4edf-9f09-f768a37ab5f3";"11/08/2023 00:12";"28/08/2023 15:15";"28/08/2023 00:00";"28-Aug-23";"JAIPUR";"LifeStyle";1699;0;"Karen Schultz";"Evelyn Kimura";"John Smith";"0-30";"Morning";5
"06b06812-6ca9-4f26-bf98-171805c90c60";"Outcall";"Returns";"Return request";"";"80956e65-b103-49ec-a3d3-456bfdd42b0b";"";"23/08/2023 13:56";"23/08/2023 14:17";"23-Aug-23";"Unknown";"Others";0;0;"Tammy Rojas";"Mia Patel";"Olivia Tan";">90";"Morning";4
"06b11d60-0f35-4803-95ce-272707fdd74c";"Inbound";"Cancellation";"Not Needed";"";"a7d10701-c0e9-4caf-9463-d8a52a1093eb";"24/08/2023 06:14";"28/08/2023 15:35";"28/08/2023 00:00";"28-Aug-23";"ERODE";"Electronics";1099;0;"Catherine Cain";"Dylan Kim";"Jennifer Nguyen";"On Job Training";"Morning";1
"06b137c4-a34e-4b51-8694-8e488d3d72d3";"Inbound";"Returns";"Reverse Pickup Enquiry";"";"";"";"15/08/2023 12:51";"15/08/2023 13:02";"15-Aug-23";"Unknown";"Others";0;0;"David Clarke DDS";"Landon Tanaka";"John Smith";">90";"Morning";5
"06b154ed-547b-4125-b5eb-66b733df4687";"Inbound";"Returns";"Reverse Pickup Enquiry";"Bahut acha";"852b3827-51df-4fc8-9bb2-74534927af17";"";"17/08/2023 11:22";"17/08/2023 11:22";"17-Aug-23";"Unknown";"Others";0;0;"Lynn Gross";"Mia Patel";"John Smith";"31-60";"Morning";5
"06b1d055-86b3-4c78-8309-b37d85c77730";"Inbound";"Returns";"Reverse Pickup Enquiry";"";"";"";"14/08/2023 11:23";"14/08/2023 14:01";"14-Aug-23";"Unknown";"Others";0;0;"Mary Ross";"Olivia Suzuki";"Jennifer Nguyen";"On Job Training";"Morning";1
"06b22601-841b-4527-9840-772a4c8d03cb";"Inbound";"Refund Related";"Refund Related Issues";"";"f443b059-963f-44d5-9dcb-2962987a96c9";"07/08/2023 08:24";"15/08/2023 08:23";"16/08/2023 07:12";"16-Aug-23";"PANCHKULA";"Mobile";14999;0;"Tyler Arroyo";"Scarlett Chen";"John Smith";"0-30";"Morning";1
"06b26059-bb4b-4e77-bd53-5cfe42aa3fc9";"Inbound";"Order Related";"Invoice request";"";"bf3604b2-a45b-456a-8c13-a5ec61a45944";"";"10/08/2023 20:39";"10/08/2023 22:15";"10-Aug-23";"Unknown";"Others";0;0;"Luke Brown";"Alexander Tanaka";"Michael Lee";"0-30";"Evening";3
